ID	TCGA-CN-5361	TCGA-CR-7371	TCGA-CV-6962	TCGA-CN-6992	TCGA-D6-A74Q	TCGA-BA-6870	TCGA-CV-5430	TCGA-CN-A497	TCGA-CV-5978	TCGA-D6-6826	TCGA-UF-A7JJ	TCGA-CR-7399	TCGA-CN-A63T	TCGA-D6-6517	TCGA-CN-4727	TCGA-CV-6935	TCGA-CR-7370	TCGA-CV-5444	TCGA-DQ-5629	TCGA-CN-A63U	TCGA-KU-A66S	TCGA-CV-7242	TCGA-CN-A6V3	TCGA-CV-5435	TCGA-BA-4078	TCGA-CN-6997	TCGA-D6-A6EK	TCGA-CR-7374	TCGA-CV-7177	TCGA-CV-7415	TCGA-CV-5443	TCGA-TN-A7HJ	TCGA-CV-7101	TCGA-CN-6012	TCGA-UF-A7J9	TCGA-CV-5432	TCGA-BA-6869	TCGA-QK-AA3J	TCGA-BA-4076	TCGA-QK-A8ZB	TCGA-HD-7229	TCGA-CN-4722	TCGA-UF-A7JK	TCGA-F7-A622	TCGA-CN-A641	TCGA-UF-A71D	TCGA-CV-A45Z	TCGA-CV-7421	TCGA-CN-6010	TCGA-CV-7248	TCGA-CV-7430	TCGA-CN-5360	TCGA-CN-5356	TCGA-CN-6021	TCGA-CN-4723	TCGA-CV-5441	TCGA-CV-7245	TCGA-CN-4739	TCGA-F7-A623	TCGA-CV-7089	TCGA-CR-7364	TCGA-CV-5431	TCGA-F7-7848	TCGA-CR-7389	TCGA-CV-5434	TCGA-CN-6023	TCGA-CV-A45Y	TCGA-D6-A6ES	TCGA-CV-7437	TCGA-CV-A461	TCGA-CV-7418	TCGA-CN-5355	TCGA-CV-7424	TCGA-CN-4735	TCGA-BB-4217	TCGA-CV-7433	TCGA-CV-A460	TCGA-UF-A7JF	TCGA-CR-7388	TCGA-BA-A6DI	TCGA-QK-A8Z8	TCGA-D6-6824	TCGA-CV-7410	TCGA-CN-4738	TCGA-BA-A6DA	TCGA-CN-A49B	TCGA-UF-A7JH	TCGA-T3-A92M	TCGA-CV-7440	TCGA-CV-7261	TCGA-BA-5555	TCGA-CN-A63W	TCGA-CN-6989	TCGA-CV-7247	TCGA-CV-7422	TCGA-CR-7398	TCGA-CV-7250	TCGA-BA-6868	TCGA-UF-A718	TCGA-CN-6022	TCGA-CR-6474	TCGA-D6-8568	TCGA-D6-A6EQ	TCGA-CV-A45W	TCGA-CV-A6K1	TCGA-F7-A50I	TCGA-F7-8298	TCGA-CR-7402	TCGA-CN-5363	TCGA-CV-5440	TCGA-CN-6988
CD1D	1.62198660830843	1.99644256422463	1.52334297089584	2.39539186559772	1.40030802164824	1.8348671961197	3.24069247319444	1.51989129347522	1.84387023459175	1.85392835568177	2.17344061130637	1.89481489485606	1.40846536645839	2.11012418152688	1.30793274112316	1.29541315261408	2.20555676487446	1.93127225647341	1.85707779810619	1.36846875213568	1.90707419101564	1.90751827148115	1.54712582571768	1.42681396306996	1.7382771294514	1.63219175903596	1.59098801022939	1.99004983793188	1.25890152697236	1.43370341818662	2.39254541507258	1.55899264675271	2.23028271065276	1.74511922836994	1.52078419103439	1.40281198930913	1.33797972699575	1.37108614463254	1.41633736905126	1.89804264490488	1.25049203501905	1.54551169412191	1.20061981864532	2.61841305751228	1.25777514024709	1.30834701323314	1.7267263916554	1.68438415233272	1.6264655817484	2.53241180794921	1.25237792583842	2.41289472049214	1.61220074164264	1.41982404498844	2.30595169582524	1.35200888914121	1.20709178437338	1.87911069138621	1.73854528076286	1.32080508464785	1.40547453917052	1.58278671484927	2.52389442197352	1.78237503582802	1.9059727767801	2.33689289604714	2.46781198135268	1.33427307453252	1.37718695799692	1.64166520707034	2.33246236825444	1.75053649930253	2.05139169449782	2.06706777707794	2.4908010843454	2.04042754920189	2.2236911194621	2.15369563413298	1.95022098013133	1.5933575935666	1.27777396548887	2.3483906376369	2.72292725949778	1.96881650795804	1.22079499642502	1.74829980825543	1.92352988311315	3.00446980248108	1.55655529261237	1.55117275969566	1.66787578346075	1.22682742346833	2.02261010438135	1.42074041898195	1.71000979983152	1.67086450709886	1.4482190783951	2.69252059903502	1.49280467310482	3.33039487071608	1.81262289174737	1.68142708021361	1.58055850143425	2.90307155101341	1.62001530421223	1.70488321500585	1.60516353589301	1.55079860733678	1.48232238158326	1.4681371834106	1.25722848950642
CTSL	7.39960492834726	7.60599004814255	7.01323543248946	7.70361237326132	7.01754562371291	7.00054437948571	6.93355469032062	6.53289062377679	8.51014386207224	7.97379453779055	8.06545942909903	7.4148926103409	7.86236716259366	7.15475925151705	5.67039331906536	6.79422794782739	6.97278215060383	7.56789635314176	5.99254631291617	4.91683877945012	6.19644940419896	6.76843234846926	7.00203443310916	5.90621681647062	6.97830584057581	7.72976078764574	6.79526437766676	6.43175287425579	7.08672052297069	7.7042213713426	7.42319733555239	6.38556300310587	7.06070538818767	7.24506562660021	7.67381062922284	6.4636933354818	5.7865220740979	6.11339362987141	7.51351863915618	6.6577091845668	7.89092784615978	6.59976906575877	6.91696129354382	8.53421760773247	6.16021971430426	5.41830672853478	8.02424559134906	7.26931062001269	6.75450180494963	8.19813155440825	6.90394383294789	7.72555522983176	6.25642816416796	6.47897841253382	8.11038162200658	5.33417062137092	6.78412622374869	6.04218411961977	8.0121588162227	8.29093145413695	6.45657985777322	7.77278547177882	5.85106809434924	7.62004673023899	8.13158177773339	7.89809762027339	7.54863631522621	8.01705972763365	6.52493600459577	7.10575334087257	7.92269214118803	7.3458720146094	7.48826055218416	7.77028717794086	6.89634652729679	8.23916506504309	7.50988851426314	7.56316534589847	7.86059912721411	7.65922037014124	6.5935118575961	8.09707116706486	7.58744413392153	7.93177398239721	7.74429868347305	7.8301039376166	7.27162184316737	7.3598274105678	5.89439236242289	6.72139127570544	7.28805011594066	8.43181086719248	9.08532462865257	6.18128495205947	6.81174193611086	6.92959678985637	6.26544533989407	7.4569191278373	7.3222449603151	8.0786863929561	7.38116730381089	7.38600397036844	8.16989768532451	7.60810602747794	7.85945009562254	7.99197213576892	8.2595044357455	6.04591259983804	7.83233879753068	5.6633271393258	5.99825035767519
FCER1G	6.27994806740366	6.65540021376082	5.08956861970216	6.02497611843901	5.85617500047847	5.39571766612781	6.49260368647382	5.54524942816305	8.13431340747921	7.70345000888126	7.46532935539028	8.16645076282645	7.81951848277663	6.15468861948628	4.72265713896974	5.84825570935567	6.29316224081834	7.74588020987258	4.64162815403603	4.48521565791357	6.26117747419066	5.98544997349501	6.10194998130112	5.10296419529908	6.62862834180517	5.74350207410525	5.78682909459762	5.56450250828362	5.87141148743111	7.01174931591155	8.16436747674365	4.89156249852062	6.63505919943717	6.99273705623536	6.92510437908091	5.74768045916485	4.9303345180146	5.0317062645072	4.44172265060847	5.94818053994053	5.96935331001198	4.55928556598471	3.22171975287664	5.34923642201607	5.27788205134582	5.04482349267119	6.84596188275393	6.0714195134974	5.70085186702862	6.51940989622619	4.76730515404833	7.49125150129372	5.22446492748818	5.24826811299716	6.64417312461602	5.38455062216664	4.87368735403716	5.94082964198224	5.73636245022576	5.78785741660764	5.5994090036482	7.51507344721484	6.32035896129872	6.09531009168033	7.62203482080844	7.12635979831869	7.18711077012479	4.44135379296593	5.77454150823651	7.69235028235283	6.73326523999937	5.50797657319432	7.01242215861629	7.16933955803561	5.78575887668466	8.25336673386988	7.29184848982817	6.891848301549	6.6535937578043	5.02654541286732	4.60135120185326	7.53110222731443	7.02645947227693	6.75614130143965	5.20361679112757	7.92218464937904	7.008817249222	7.002907119846	5.85779201336847	6.42716361405174	6.23355234685416	5.6714377678344	7.8918303762049	4.7298794953382	6.66513828786888	6.57980053679102	5.89071504024161	4.11876132804019	6.20938942658635	7.4880158231503	6.77555565838503	6.28611491328837	6.39002945292505	7.5295856821476	5.78885957231373	5.82090123382464	6.08774207295992	5.46816046965435	7.16811122043483	5.32927747063814	4.31679191758013
HLA-A	10.3574331957632	10.5552792492271	9.49026999945534	10.3600917018881	11.0820605174364	12.0380781626553	10.7268993107909	10.4244404320921	10.7409163333727	10.637863350638	11.6943222757164	11.2268687048476	11.925666240258	10.8579173077924	11.1929033916741	9.40182108280185	10.5222543612192	11.7166135358661	10.5182444172183	11.9202508135324	11.9208518776194	11.3761939976536	11.3910975612434	11.4238921962856	10.5474175902348	10.4310441978439	11.8448549382275	11.473316473493	9.87670998064254	12.5602776512321	10.964793700464	10.7443132468981	10.4915503462796	10.5880384535115	10.5593527038215	10.1074600926478	11.3578948503658	11.4327356238989	11.0377112405278	10.7865238433681	12.5316839683433	10.0971265952781	11.6751997771493	11.2340060038582	9.81737431833723	10.4887761730445	11.7209414481892	10.1702714380037	10.5346343031641	10.878374743646	10.0985455470204	11.2125661775594	9.99332512777531	9.62558806115343	10.9527283626895	11.0409157746338	11.1210579749046	9.65878629564885	10.7768064265164	11.1265554993773	9.6965691966999	11.3844330599815	9.50075906140592	12.1118914727813	11.1704800680449	11.5121030561254	11.533712343594	11.4871111102226	11.3150395690497	12.5075757687745	9.35968871043604	10.7933931939396	11.2660077171004	10.0143278992445	10.8471165225701	12.1059814236285	10.6138700490637	10.6013484304872	10.8945675840997	11.5522178015432	11.3214466154065	11.4338353867622	12.178590527315	11.3041601524801	11.7403397461825	12.3295480568003	11.565141056014	11.3161381429827	10.7741611085533	10.8662762947184	12.1165193312514	11.966984446	11.081328839635	10.1691128873519	11.2216827430835	10.5800090786242	11.0970522336653	10.7927752453463	11.8057268237035	11.3011380374476	11.3367956533313	11.9561222125372	11.7345469052323	10.8546391887861	12.5938397037189	11.688761189426	11.3413388009693	11.1636953448901	12.2186288121631	11.3163625275239	9.21356368792794
HLA-B	12.1650181531773	11.0299186609176	9.20956285936652	10.4538390657166	11.233647716601	12.1126714636558	11.0328968599778	10.5776550935199	11.1259138151943	10.8343436894186	12.2360669183305	11.4469475765791	12.0518266052591	11.6376785930815	11.2747903431371	9.59541605719475	10.285704295279	12.1833028442937	10.3573945288402	11.5647768584509	11.3490535659448	11.9815816233915	12.4063416493158	10.9884134987621	10.3288524731443	10.4318693291567	12.1187619803572	11.3342202780149	9.93249917685084	12.8098242580696	11.0192740247967	10.5786904244232	10.9275471802262	11.1609078582316	10.6891604037828	10.2996082540076	11.4914632951976	11.7389592523564	10.9543851789964	10.9759492705832	12.8973715372791	9.67628938511107	11.4517719367659	11.6576659064333	10.1576652872614	10.2655911795168	11.546525472518	10.4696040216259	10.69001182186	11.082352939397	9.84931301604231	11.7191429085351	10.2318823881566	9.38520981571618	11.7587851243529	10.7987256879125	11.2197490322236	9.98284971745285	11.1396647931945	11.7780647725154	9.61832374889805	11.919102416541	9.62325263968612	12.2712426142472	11.2461070946474	11.6616881370614	11.7780016449768	11.2580650242283	11.0233924265335	12.6408274416818	10.6291574588605	10.8803163529794	11.2339114815465	11.6977437435288	11.1437580582656	12.3241593495921	11.1385093341735	10.8249795998916	11.1255729141931	11.4662542365968	11.3512201617456	11.7987966267345	12.6455128042036	11.7396065599372	11.1291813511928	12.5026541965695	11.8684624249062	12.3983394581945	11.1082121726037	11.1376958672298	12.190642394202	12.3074894200242	11.202439025546	10.2968255012731	10.7840611857976	10.1363399052867	11.0152261697842	12.0115535862437	11.8683075387217	11.2324355942448	11.6650542032629	12.0892067527227	11.8190233238952	11.4505764247476	11.5875662722198	11.880154115888	11.5527115435199	10.7864884777232	12.5265961130367	10.9963294225301	9.26464666727295
HLA-C	11.2866050936436	10.5773619471538	8.72146710422774	10.1455972811843	10.2927513077641	12.1201529450785	10.8714392618101	10.2359904384499	10.531589232766	10.3285493343644	11.4196025219903	10.6990669633763	11.5010141843312	10.8837405987416	10.3160687428347	9.68681515003568	10.2452818880794	11.5129312268992	9.55456155772835	10.5745481672248	10.9753999143889	10.9695870758982	11.3321344120779	10.2093399801087	10.07065737004	9.7020299632626	11.4138013209929	11.2186167982204	10.030557695037	11.7667369766198	10.7118416404471	10.2797248769494	10.4508121772423	10.5920278341246	10.1076606730113	9.31879440974603	11.1313998293945	11.4675613584911	10.3131916681867	10.3621180617027	11.9705037866453	9.83091361336765	10.9354941323593	11.3257609306431	9.44667375662795	10.1267000000882	10.943861889787	10.1323805769311	10.0660971600563	10.4060109557723	9.02159205694205	10.8691317745541	9.56298502200125	9.31408127311799	11.6105426117458	9.86859016613009	10.7058607081029	9.88697801789597	10.6698898557621	11.0185336697916	9.39097447609386	11.3939066037306	9.71124343333659	11.967338166332	10.7924101590463	10.5866559605061	11.1995191077553	10.1556416048538	10.798581092333	12.212999739561	9.81728938731578	10.2522547218303	10.5943630128646	10.7177320725593	10.7189269843001	12.1077214480957	10.3607136341473	10.4978882192971	11.2061241003058	11.0792912002906	10.0168101026214	11.3224428012015	11.8761327420286	10.5739833812967	10.8455653566153	11.8369056211603	11.2235886701341	11.3799371623179	10.7494635008893	10.3439595572701	11.6237808525174	11.5907804551137	10.9960474536011	9.73813501000235	10.1186776131615	9.75053274837853	10.7349066706796	11.1530543169196	10.7528097943169	10.3092923166457	10.5905681636068	10.7749767084868	10.8378510523506	11.070253918542	11.9878120034471	10.9621430793721	10.3686604815372	10.4971713176052	11.8619326074603	10.6791097137613	8.6997050650604
HLA-DMB	5.43258991537121	6.01855173391897	4.04363483636142	5.44073530215567	5.02279683456964	5.23160744346954	6.64529508527402	6.5888415624615	6.50171132857452	6.5043157666217	7.09341566085333	7.22190542868071	6.26392355263254	5.6453256224723	3.77121259351422	4.96680326070732	5.57241093237496	7.33548347896969	4.23489252354803	3.9916659907149	5.20964101740287	6.37383107273165	6.08546810579181	4.54108764781082	6.52564584652364	5.11748028706088	6.05061239041842	5.52780017344482	5.18426061002474	6.32115732217426	7.16473195645383	4.6543108073888	6.27685013302074	6.18916216964663	5.85567538428794	5.18702536393821	5.8157006255594	4.79455439110957	4.52105381798297	5.27666319328612	5.29066568640329	5.00622164051732	3.95944891762842	4.09368691952265	4.65185446121367	4.63310231353662	6.21534353988216	5.15995838554925	5.59754986437038	5.69138608580053	3.87286932503514	7.16742968216025	5.09488921829953	4.99185028206989	6.33561076613804	4.94289547147363	4.21761466849878	5.97992485588586	5.10157721509932	5.25623401561463	5.15550823864617	6.87766598433903	6.04850761168996	5.74603903970437	6.48962941621885	6.58253699599802	6.8386177367861	4.5907290999069	5.04339806453766	8.13279515806675	5.49595896907051	4.94032699406195	5.409099474001	7.76069214483267	6.83606464661396	7.21325874383624	6.57604144153542	6.23852332843367	6.07250695302745	5.97772399873743	7.55953858971804	7.0380389347418	7.77401195102913	6.26267890767289	4.69752214745104	6.82167902517751	6.21322223001587	6.81778910027498	4.95768450495431	5.5159722436553	7.34596876678363	5.20085065818328	6.67063409529058	4.20334000755022	5.5114869311452	4.9827671766537	4.97146379334286	3.95573743491467	5.72775011098202	6.35799479833288	5.51674179468232	5.38456573853743	6.07545663620406	6.51967209974666	4.97507822097266	5.50719451722122	5.16994584209769	7.80891434914198	6.94421953548719	4.80089457702279	4.50567077859108
HLA-DOB	2.91428971526155	2.35970841338919	1.28586364583616	1.62010122100051	3.05375056615016	3.48918894745015	2.51332418806044	2.89086197401767	2.51383825144718	2.14762014608398	3.45365659534655	2.90659300473543	2.52106202159425	2.82737389313586	2.19133638864906	2.70699695745861	2.18992155340877	2.1126271236463	2.56453057513451	3.80737384746338	3.25436069280369	3.48058839769039	3.60476107816787	1.83586303817994	2.15928925613731	1.6168415920045	2.57333515696707	3.24224069336158	2.35283983156416	3.20026663751552	3.03755153652792	2.51920470064443	3.16860367389326	2.84131749799228	1.79823071970395	2.14004333480507	2.41955011904446	2.55513731415458	1.64950705642363	3.11388810279566	2.63292120496682	2.29414985154468	2.66792267269911	1.94809750498888	2.65879367933104	2.09771144882383	2.90409581686471	2.01189255792084	2.59436135570993	3.21198120508137	1.36001990627993	3.12045584302928	2.88461039428351	2.25623559149985	2.33718099271737	1.69613797037327	1.79506145405546	3.09940426988694	2.10010817831303	2.11600116833097	2.54549832473357	3.76697026970777	2.63407672178853	3.3663545616636	2.00355191914396	2.80543930068794	3.75721655084625	1.39655301914102	1.78304539911021	3.48854403287989	2.39943023917415	2.20855373486605	4.02108659309036	3.57492506680988	4.3607281254877	2.62822352695691	2.69590787205073	3.94824783738811	3.47457495240097	2.05290687761545	4.25689162776439	2.52976917424204	4.86136482550067	2.09876514468989	2.11621777587773	1.85064476264267	2.42210453422547	2.97571718239553	2.26438249302447	2.03222924760624	3.14130304142609	3.31062395592904	1.82383268330568	1.81684585140184	2.07667464345723	2.33342447432358	3.16647362050859	2.09121732535207	1.89991167936397	1.75544129938786	2.19531256463688	2.19160376178362	2.45688759234986	4.41252952828597	2.08746709265111	3.14997711100669	2.39749413071996	4.53590649312799	1.86927652674474	2.283438672134	1.67563523004585
HLA-DQA1	5.88288588469301	5.75253958002029	1.69248674403569	4.23529638884282	3.65144396735183	3.2549194700901	7.1986717782508	5.19495213481534	5.48621265532245	6.57725785276776	7.84577075303198	9.33497556462384	5.80893333449065	5.75438585092559	0.803990416068628	5.30347294605396	5.17246967457742	7.59611715650943	1.25944683717446	1.23823624770872	2.62353890050457	5.9963454862902	6.85269238867616	4.96415012356058	5.39419900990559	4.54961535879861	5.39860195609371	4.90125078928771	4.9424461985532	5.63370771671649	8.3013048606863	2.32284898442769	5.64604171909371	5.88389672350379	5.42937059976678	3.07922385948173	3.42171967908313	3.43304963574217	2.97192844261924	4.21640873938794	4.04052285173529	3.95573017155037	1.37048859603169	0.844884542671347	3.23264888351158	3.39569919135208	6.75172661971573	2.70589799747325	4.61611701937671	5.75020812236692	0.866356730608594	8.10052719136994	3.66620342917879	3.81666047335916	6.18436520757436	4.09168947705873	2.88414493816301	5.15108580973837	4.24421535343738	3.00275311785652	5.61309744434277	8.74931693025339	5.12064938542272	5.91099502052748	4.48535946209573	7.45301527126835	5.62889262093833	2.48668855147688	5.34396422694889	9.46656653174954	5.1633224255093	4.42308234426286	4.31922451702402	9.90226361056344	7.36355567961431	7.03618330251315	6.5443880872548	6.10410597828491	6.78250630881845	4.75343010542035	7.67402230024324	7.31519266582562	8.69578599392212	5.82301088017145	3.0680207791319	6.14294391731414	6.46238681664543	7.40782907067974	4.15907839014061	5.5743734359966	6.66024089667058	2.6988877610962	7.66457471960379	2.10930130227115	4.98213879362136	4.54600162177009	3.53213310988765	1.62862161699955	5.01646002480985	6.36249928594784	3.70484827626998	4.45057729804896	4.54210098331955	6.39629620454207	1.98064226386253	3.83632305381876	4.22925828108424	10.6126012201541	5.74549415996362	3.30531931940085	2.20177463027646
HLA-DQB1	4.55177205643348	4.44125809480309	2.2838856495375	4.4364810670053	4.79692128205458	3.83052750221378	6.73089538758983	4.54721520603269	5.71308068427525	5.98754259513829	6.94022337025147	6.58436924855313	6.65247976037081	5.33029439773995	1.90663983916006	5.55953878905232	4.4196686345228	6.73295782431147	2.66683312531361	2.99643289882426	3.38884893177813	5.24785679205193	5.58587704286492	6.17824626628928	4.63473169011905	3.43854343829216	6.38858980741709	4.81749082099657	5.06475592531642	6.65002757291247	6.84871257779194	3.76112079371656	5.55307941885397	6.04904580553943	4.81838660491478	4.20816167643116	3.58994223571775	3.96231862397937	4.91020308882741	4.24947900790528	5.52514058546302	4.26783866605203	4.41938110228905	3.74650528826111	4.33874572088734	4.1848659505072	4.80164870104326	3.98350577097649	5.25270520520696	5.06509607530406	2.65494766317994	7.02308563327473	4.03798659489327	3.68996386322442	5.44980553281898	4.07425113352694	4.39434356154112	5.55142238711158	4.76937112244597	3.76612140840707	4.86304455655042	6.65373199998455	4.23883508821896	5.15389120954843	4.33868097032812	6.08099546479353	6.2640298590489	4.12618506405746	3.83606216492894	8.56535366844055	4.40250671619372	2.89078189615012	5.37565496263702	6.75354256905516	6.40858764866824	6.36154319242213	6.01493481308201	6.85997651885559	5.31714143192721	5.40030089643451	6.82579002722494	6.90776024096717	7.69821062434918	6.54951380370731	4.7942822540163	6.91083823093294	6.59211393177165	5.75186630070412	3.69166654556941	5.48058426586576	5.78193868401311	4.27209135735622	5.37781434491593	3.73444889818044	4.43780882066896	5.20417023733759	3.34894303324439	5.32984047713383	6.3369723145856	5.63182938699527	4.36402674761802	5.20066435987035	5.61632332967153	4.79565251736941	3.51183862497169	4.21380054894899	4.55864790561096	7.68523519900614	7.24890218139977	4.99282608962747	3.02249923682834
HLA-F	6.99846354319041	6.45237543992381	4.59438348152685	5.8002947503586	7.27083310605696	8.19821517433665	6.6574690834862	6.57142546266102	6.52676305604425	6.26459269733874	8.24386530198149	6.8467763287618	7.83903629940671	7.18620377027047	5.43996527129057	5.22527558861935	6.19886511503223	8.09836702863939	6.19067052802897	7.19379877704717	7.45621927182994	7.44136600920703	8.13483849909172	6.58906410041813	5.91002271600798	6.03654096274256	7.77203706432958	7.2631432982746	5.42835343127564	8.64619992338243	6.91019777220931	5.90644605941971	6.32470714260838	6.9793548568264	5.9795074362742	5.66926317773453	7.50621947853343	7.25556568429191	6.52192757062681	6.64909993664823	8.20109889338363	4.97169942299475	7.15990625949348	7.62308589912683	6.3067071529863	6.16354964304555	7.62265249089603	5.57240721659583	6.20477892076058	6.57970658921067	4.88851616514204	6.89563838882251	6.31743969349801	5.08391410947907	7.51295041471834	5.7779295612559	6.91006779609604	6.20750303724286	6.79454295638547	7.33825043407785	4.9711435581921	7.5591218629088	5.45082340197443	7.28694632776596	6.66013738554449	7.38172188637978	8.14096749945726	5.65804436010457	6.62099034022648	8.90620640797363	6.69650888218454	6.46713487321673	6.67207921225432	7.7509376374622	6.98258238860056	8.03389007053773	7.24487810931886	7.36753466699947	6.96058748180662	7.13057542260599	7.36103644750256	7.23181803888927	8.22016919926723	7.42874757060771	6.74810038383285	8.54875505188193	7.69071427614326	8.06360755543066	7.36525129954413	6.04922489872726	7.58298358506736	7.68221548070681	6.422071433535	5.94147341094839	6.14672638218656	5.98409901088502	6.78591313790534	7.59271823252092	6.88059208269122	6.96755440727854	6.810093073838	7.50798289458033	7.44783784721323	6.89743046627183	8.30740227222851	7.83793056560519	6.75948423342049	6.55735773579927	8.07887978693153	7.4491610484275	5.07854353299711
HLA-G	7.25906820436468	5.75840374331869	5.16440187599707	5.49905110851428	9.17476523943692	6.27779715101264	5.95748214479489	5.75614228283711	5.90228744039387	6.01405603260858	7.44040334898087	5.42346663221695	8.57951817816963	6.34392349485957	6.10081281617416	5.40953412398832	5.17647477651897	7.43609995784432	5.79720406573636	6.12495559307491	7.4897092997335	6.58768951128048	9.54043005480054	6.55025413657139	5.47729248576515	6.05346186730767	6.96038368404953	5.58799667745854	4.94332781184169	7.64731874248575	6.67506200450864	5.62947397716652	6.22629197446493	6.53694918412161	5.34708593689636	5.6903305956105	6.42940390770808	7.25157511937337	6.32025442956273	5.6803302751108	7.3340472118354	4.94155696069093	6.71973583523753	6.30301421260383	6.50743432559271	7.04165175504378	8.83579659372897	5.27474449585012	5.91887418885967	6.40424432607327	5.13071082577383	6.51860417360349	7.61200113988392	5.42469454608125	5.12829977195735	6.35859811318236	7.24201611051584	5.34154459245359	6.19691476578092	6.5798175830133	5.70409024536469	6.10090009496593	5.11637370701654	7.76465560242858	6.03875803286274	7.11497524683511	6.77570976998222	6.05622132494508	5.70587760737074	9.89845241510139	6.15290482880452	5.78002952290114	6.55785982669054	6.75919469390391	6.67896712423294	6.70274151067648	5.99814042618306	5.66524801960416	6.35439006621063	6.8161432816465	6.82790208677503	6.82425356870934	7.74565775012911	6.3819088838122	5.66854596354415	7.19740598561023	6.47355155561294	7.05500394413905	6.92261256728316	6.5767142741798	8.8575044894035	10.1237889350898	5.30220057626628	5.14779411089903	6.22319803404847	6.77422961767378	8.06380146308958	6.41307659258022	6.73827698245244	7.37668810735023	5.89186979195394	6.89297386335149	6.95144277274378	6.35463857486439	6.80114781804377	6.85838527325745	5.96091937746264	7.12424275034797	7.63210188672855	5.97065456610745	6.78265221422249
ICAM1	5.60210209871386	5.57804315247345	3.43332480285767	4.09192984188008	5.51150306278327	4.45698194367434	4.82434146105843	6.0299143192915	5.30195384119213	6.24029877059501	5.31283985186077	6.51102467395182	6.10326636352143	6.17131626225565	7.33734887708309	4.62670204868949	4.54432135450913	5.43343430426562	4.37833302799696	3.12987768902649	4.49243322930209	5.56756698522753	6.58356167139081	4.66671080111767	4.55485693891097	5.47243430779663	3.14828107046716	4.70728052789412	4.16842635698809	6.35218281669124	7.63354852318473	4.13499856720814	4.99698088483371	4.80863301559893	4.73224964498209	3.77103951243848	7.06923406360548	4.85636361181168	5.96507593220195	4.96559340315227	6.03646690787523	3.75465020498772	3.18962886130365	4.29765864696315	4.20525295550615	5.84066236425906	4.74870773536963	5.27840597759034	4.34073105466506	4.85796534792912	4.5514532455926	6.2283566581537	4.58257727483867	4.45201066848389	6.51193081682706	4.76730241312189	5.16700972972859	5.74356269861533	4.49616054770468	4.8378065495481	5.3377034855891	7.66489305139563	5.92799363398502	5.55630702907585	5.34892157538978	4.96504745249072	6.20294314356314	2.89773948224037	3.8405576273905	5.21831054567398	4.8752037222985	5.50233253529256	5.49215008997725	7.76604700540852	4.96529012391578	7.30200930027853	8.4242200024892	4.32256648649409	5.59757740214649	5.01212779057318	5.21136836007342	5.65119597758994	5.67050736452003	5.53014779454103	4.3372688057916	5.84297032054681	4.74564319138766	5.67328987518016	6.00354680710038	5.10495189156631	5.4436898272173	4.87514101865063	6.21801069830175	5.50759162752863	7.71166724021991	4.42553305072824	6.8277130020922	5.69208440621105	6.19985117018997	7.11076882576664	7.27064736373003	6.97135043236679	3.68006354987521	5.63602900109314	3.10269483592266	6.78050645771285	6.63887043704405	5.06407636389342	6.11161788755623	6.26591070930705	6.22631010409758
MICA	5.53410745533072	4.42820481705502	4.04175789021582	5.22471077065194	4.55361590443688	4.19297346545889	5.15828143068438	5.38142455969383	4.54012330070691	4.53001149545242	4.78480821142083	4.80397223613831	5.13774180915501	4.77157289172789	4.26518540053747	4.51113790424166	3.98136168075805	3.66667847136486	4.25900490384751	5.30161349543602	4.92685804738029	4.51843138079487	4.8642619790352	5.7498541691086	4.65572959414889	4.4938327665442	3.77982770811687	4.79158823665067	4.81333905737449	5.37394706878828	4.60033501682095	4.82748313461794	3.75201590712106	4.42890398823668	5.49820142606774	4.12365830455741	5.27250431499764	4.26250287653015	4.70122235870289	4.46267570055636	4.94745481263467	4.14977153716683	4.61427551048744	4.95624682788495	4.43544140022909	4.48741836641905	5.13590441669187	4.98976678472503	4.15972697735354	4.57240870861215	3.85215211389247	4.90772872883058	5.71548563171065	4.10117290727026	5.82614636503032	4.38425895469241	4.05452205631317	4.32623700662305	4.18620475857364	4.56048164436816	4.39713526268214	4.95523747932721	4.29684233429549	4.732817978244	5.05054680428135	5.53931981810971	5.32621127952144	3.77022624710047	4.31067457515965	5.19801671973065	4.5338506825978	3.91198696387744	5.1269416494085	4.46222205185318	4.59013121656912	4.15236679451207	5.35552513729234	5.16272545154345	4.17718170175105	4.57248268065631	4.64454232495221	4.19168273167163	4.36719477383754	4.40211480696661	4.13087043329955	4.75787568559867	5.01639132599266	5.83250502692367	5.15381289854679	4.84154556434702	5.05373400459566	5.66673191285066	5.39672362213932	4.43326538924279	4.54513164943606	5.33262868123182	5.06179843520999	4.98862448518768	5.43294136585735	5.03941902634094	4.47350735427692	5.40091825065421	4.61946496070369	4.90325463398307	4.50713371120824	4.91540068395327	5.82222175088637	4.39206854353894	4.95593785571057	4.88021948915521	4.28275263686716
MICB	4.32886248240056	3.98027960897219	2.78950019245484	3.4747937798061	3.62715936337585	3.87705032313074	3.95579591371168	5.41312562790911	4.64618949496028	4.532929885067	4.83423962883786	5.72577381989485	4.06731670062832	4.61478992506743	3.28099465244557	3.9666871979967	3.60309671372817	4.71267103537608	5.55912980785212	3.08036963515959	3.71835460852234	4.22585577290541	5.16954720445717	5.55008113449965	4.14039972810928	3.31018017173658	2.88508990430436	4.18208842720142	3.5584702102383	6.0093304988451	5.77413521965691	3.81564194635432	3.55477922305427	4.12103489506486	3.54643867322617	2.75078167792674	4.95616470262271	4.43575087880933	4.2697838524093	3.90233449076773	5.37929072492696	3.13702203385476	3.01826943019365	4.04545253474824	4.49444477916675	3.20311329650812	4.65448697806831	4.06048698448769	4.82140745014849	4.26626614587742	2.70849872482545	4.80894136982247	5.67105606928387	3.75262817185729	4.91922746556486	4.17759073544952	4.25019224181599	4.8652579621851	3.1086511838939	4.29648295686771	3.67036374934797	5.08395649389926	4.70025576582001	3.64667929706902	5.13703341765022	6.18791174118671	3.97339332553817	2.68187672835549	4.24156605224803	5.11200640488119	5.26305251438067	3.54193304404675	3.98789200169521	5.74749474540682	4.49357088761063	5.45529135308344	4.47904322760526	4.01738943722426	4.42015894441943	4.01816376782127	4.68605850793466	4.80807093381933	4.64995319050975	4.25180600874218	2.58491382311153	5.29754233767172	4.24357487515125	5.10897611598339	5.61553729770457	3.96164552254566	6.84545389325898	5.17130328091246	4.92544415109612	4.17055988318763	5.2204792752278	6.341435474135	4.28330451313938	6.22760483293166	5.0170923408328	3.96747134500616	4.7706847609478	5.13370825435522	2.95867037215459	5.22155108266129	3.49447786402646	3.97367309291329	6.00840775187697	6.48646647100649	6.60668236068917	3.19174617843247	2.72648954272983
PSMD2	7.73259382845863	9.32933373108173	8.60843422827606	8.67302152426686	7.85234378425062	8.27232392390114	8.40737543746002	7.92821982486842	8.66345587456734	7.94335092221064	7.75444252710161	8.29274147581962	8.55606390912941	9.24332157347182	8.52019158922242	8.09921221026214	9.01639388690834	7.96400890067165	7.90814614725418	8.27005835141322	7.41801599810688	8.33052574628822	9.01302236505844	8.20966980255982	8.68222389150841	9.26854242896838	6.93330891257155	9.71340678711362	8.20496188880338	8.74554810772959	7.75258788363709	7.28481490534698	8.00846076054319	8.52322914867566	8.62514171675444	8.31095508901389	8.62910645617627	8.05013187032265	8.73322609228813	7.71560510443294	8.71551860683477	7.52566448487211	8.67067548683259	8.39305012107128	8.83139614604423	8.45551927872559	8.46173617167356	8.12305108074276	8.83952572596797	8.8344754677207	9.48639277004135	8.4352549933622	8.16976894825573	9.31351563652122	9.57177341091836	7.80293535460312	8.88243229849395	8.29163055770562	8.41374506160971	8.45324648520156	8.51920757377759	8.17450193588301	7.49827565500605	8.42146013748628	7.98846063882445	9.32326283787834	8.01193636964051	7.91159712467486	9.22142618707782	8.0180402900639	8.37864888827675	9.08367286178488	8.19880348652451	8.21896904440072	7.83694000133116	8.34025145328732	8.23483320109645	8.16997962231309	8.32289920651667	8.26205889899095	8.70938131762113	7.75830742817773	8.28118222296883	7.80350462421663	7.7490966119416	7.98772075666199	7.54613458303638	8.59100302729865	8.21130138891496	8.78026184175018	9.32351468345161	8.16025693151988	8.83258048844393	8.1887723980925	8.5989922410136	7.7406717626005	8.32016374706529	8.49230895713375	8.13694001097541	8.23266214743447	8.83746715502496	9.02177372686007	8.02742395838799	8.65610584106072	8.06201318993337	8.02747466783107	8.43928144153442	8.61299037720568	8.61180135951337	7.87019649643042	8.39148210357953
PSMD3	6.94020943910519	7.00227277799855	7.22928390753701	7.19620626408083	7.35877884136896	6.61995236899874	7.4929098123249	6.62517700670084	6.83854688640204	6.25445696959789	6.89456231615207	7.58630121951387	6.97556616490766	6.81495603447668	6.93761047788363	6.63606953318315	7.07688855655141	6.16644910808643	8.66516414427573	7.1017148008963	6.62793661078589	7.11958839938226	6.7836786301337	6.6233146197709	7.22250066043842	7.30303284880778	6.05532202105605	7.30699214510795	6.81488149622183	6.85118428008776	6.94680792488487	6.42012610887454	6.95546356277131	6.90021409334161	6.99868293074903	9.88030341829663	7.01879506779924	7.02223457574555	7.19881545304456	7.00494026027254	6.56933736231792	6.35262398856009	6.83617425791824	6.91874888119953	7.09591319667716	7.20165363764156	7.05300506655034	6.83978885876117	6.75072913496574	7.38051836539934	6.93964582670666	6.81967514997792	6.88056262619315	7.63237071772897	7.17907252368468	6.93855190015616	7.01556061659865	6.6315564470665	7.20662154633132	6.90993589019925	6.90752426300368	6.59819962431591	6.79400505056776	6.3350698185722	6.69300432280252	7.4812654129253	6.68194225694941	9.43408591644931	6.1976866020257	6.79278163523843	6.78569050228558	7.06409157382708	6.89449964914656	6.88110160972842	7.24613187174307	6.64326028832974	7.10702783133321	6.71187155880426	6.98017243545696	6.87584487987572	7.57120815684854	6.35480696103363	6.53065637376056	6.42748452500785	6.05569111757415	6.73919652339961	6.58667423329433	6.99109973076948	6.74464461380108	7.02421061437878	6.81189162454366	7.1136466096062	6.96164767265362	7.13598341105724	6.66102776721128	7.06449309738771	7.03703141961339	6.43709219521327	7.04343646399613	6.8472238393526	6.33284135383896	7.19566715264779	6.78423130953382	7.45303282800632	7.24558751875673	6.74799322480046	7.3347245865906	6.72545167855292	6.7981076060912	6.76302623688906	7.30834975521039
RELB	5.1704543018343	4.84140944372305	3.52293269853618	3.55659272434148	5.31190655232233	4.06668609905352	5.38133196148499	4.98352338552007	4.47379481092621	4.53318525465536	4.91621653010432	5.75760935569709	4.31774389981574	3.84843495732233	4.77281645505276	4.42518415291732	4.64566749859312	4.48975533950204	5.43358948385238	4.05024514377152	3.61484042533157	4.81522850475233	4.03237739679412	4.76838286143212	5.42016256305665	4.29098974318539	4.32029694518422	3.76216652444381	4.09225225560808	6.02989908922929	6.39757599763217	4.25279661200555	4.45052184825819	3.70554766361805	4.25000388278182	3.81307615887931	4.92190144676416	5.22862557224805	4.36273629573264	4.51536973011596	3.51554149439642	2.73313319560719	3.91514628552704	4.51540770358894	3.87858586936755	4.17651058259781	4.61170081890899	4.53062009636253	4.01900256255178	4.44773157350698	3.82674640277051	4.98205969773016	3.92183041291372	3.32740651924041	4.2971626590421	4.8090455440092	4.57303364349033	4.82566446628344	4.69433776619392	3.77993351166478	4.04368535393403	7.62176959502049	4.71884662390822	3.99002786596853	5.022841083168	4.55846832454575	5.09522080645492	5.1998702561443	4.08722264985956	5.30081192479502	5.11168974448069	4.78374168491286	4.34633630135896	6.49807899498223	5.04721432739273	5.02527250296667	6.85892879995579	4.44190366534473	5.13237650438057	3.33741360209369	4.38285548974909	4.35983241726295	4.33744871172607	4.37157674302854	4.24430138922041	4.50544977970874	3.94422655898889	4.95561932070138	4.83450156718339	3.4840244629721	3.95371158595093	4.39355828446032	4.72322652345334	4.58733710837286	5.42059019990738	3.66691796349483	4.54467971907348	4.40827908257011	3.95303434893938	5.25319616750412	4.70897129125299	4.50936724201431	4.51471453505006	4.60695353323666	5.41613157425637	5.01689303871231	5.23960944780773	4.99871583053226	3.43432680902721	4.79686038739956	4.59718964199306
TAP1	9.22703425873723	7.72110238549031	5.75950820122392	7.45247213367437	7.60150664070915	8.35536266866814	8.54399157210996	7.63155122725934	7.45219836348491	7.40890001817742	9.20359355633694	8.70404530473085	8.50908634052444	7.71109183574577	7.62022175435333	6.28727670999045	7.19101241240497	8.93802864184707	7.31891932560419	7.98663480776346	7.60953588597729	8.40680360939279	9.7598391187984	7.85522655997989	7.418558760747	6.83504985609844	8.47176251026405	8.07423632002112	6.18136929097999	9.72643734270395	7.70421886887605	7.11975694279102	7.61895309672495	7.9413513406056	6.73956572716182	6.62419788817594	7.86212627316262	7.99727630828394	6.73783246008259	7.26793297375535	9.42333251445934	6.06615176167409	7.22363172369687	7.68098456823343	7.21992881318909	7.83230091105699	8.47810782801178	6.74980470734273	7.31206888292416	7.18765578655484	6.86872419579731	8.97734420474308	7.07969259623081	6.01637322611799	8.86040757978031	7.75256519260794	7.72010370555626	7.12521630251643	7.67542800519429	8.59104916149365	6.79838843174316	8.25214691106875	6.20616773927503	8.42635713575369	7.64858142867985	8.96894765661049	8.45655279010663	5.51023698166904	7.79264335061889	9.55509981982266	7.57530944268304	7.44980330094221	7.72956941683729	8.22206009626918	7.37271359590349	9.5031834541974	8.19403372309212	6.76827006034315	7.63865871952154	7.80107011947788	8.45481868084615	7.95991716866257	9.29504491342471	8.2550926525452	6.83978393944771	9.63145999201961	8.18386971705085	8.84708749894458	8.22494464139595	7.86810756261525	9.15214638063066	8.59855264191367	7.3616677327848	7.39435932463133	8.33263662216302	7.26553466592881	8.08927531064952	7.79004488659482	8.18256580383862	7.61765914336565	7.6335071119448	8.73476808521861	7.0422861031236	8.35039865824776	8.49767061080668	8.3297149160102	7.68486250411348	8.05362291463668	9.94978147757161	8.6184956077751	6.50616266449771
TAP2	5.15277304145923	4.03465418270649	3.25292276227743	3.65933608480709	4.28266950257892	5.23253582454818	4.65922233311263	4.23939809863502	4.20567541562037	4.08226954218912	4.93895108940108	5.03311656605779	5.01208087202159	4.72409060021197	4.73529094282658	3.30868817309605	3.74456488473652	4.83380831278519	4.17829313767816	3.94008556123	3.88300844303765	4.19010710324023	5.641290284999	4.69272311974327	3.27723756861898	3.31753457193974	5.47390327338382	4.2094948625363	3.04214069506375	5.33041602400702	4.30294094706367	4.29317028885915	3.67984609357162	4.55554927607111	3.8773431748343	3.41973115957676	4.03444621153769	5.01257367391309	3.00918418682767	4.24464532812451	5.34172852248495	3.67282024492466	4.18951808239771	4.28319995577755	5.06201075601509	4.42138571324612	4.8747023374322	4.23734379451892	4.23758382781069	3.94618578866978	3.70850756854679	4.86375536772257	4.99102852619649	3.79613762198392	4.87635921634897	3.92792709140442	4.38656675892143	4.41311885685606	4.31894246763963	4.83903417401953	4.19599750889975	4.65801387441813	3.50035191895578	4.5559505633078	3.94041142676875	5.02519277443317	4.94777539790346	3.36507924316665	4.1551453074029	5.63160491030578	4.14092837577558	4.51757170971518	4.28720050137384	4.2036964105475	4.53167113318908	5.02797565355245	4.04830393386602	4.14021699760602	4.0630241219833	4.83617326404333	4.73006419229777	4.39997146621321	5.42551844073052	4.75185532491333	4.18393732190897	5.7777683813332	5.02421573806492	5.41363376310037	4.98693121556377	4.57105586944575	5.88341752967972	4.9413732141895	4.37025536137513	4.33530257647575	4.35126570310655	4.31995515073706	4.4194330375907	4.50595144776695	4.43998800312846	4.33131268633911	3.92122153482896	5.2539049585113	3.29980176366506	4.61955004422165	4.93212532007707	4.00659767454336	4.42199730333221	4.79599854634435	5.17438499089921	4.15362743761776	4.14817484490152
TAPBP	7.40429473165622	6.04771093672623	4.63464274303278	6.03046090820014	5.61711064069668	6.29717782363975	6.98536321689648	6.38011947409185	5.29146914864116	5.97145258169352	6.52162185855056	7.18841863461619	6.22371593726499	6.64479084510361	5.79393893112823	5.91455651053491	5.58903037534327	6.03095755574166	5.99937351069484	6.65881036900195	5.01387964745625	6.30566053649106	6.69599221263148	6.53308029113933	6.42084853087527	5.73166994602197	6.13864013660636	6.3750097408026	5.11532685952591	7.46634954162164	6.41513642697266	6.30428961107606	6.12968171273037	6.40021784894282	5.98718062931213	5.50820077145046	6.27172873308962	6.56526684649178	5.74024049253687	6.13995309564057	6.46404021236773	5.16946316461954	6.40870150500116	5.84910718630334	5.46814342539825	5.48246006834695	6.20735144231058	5.85001082606442	6.08883553832038	5.89495403626553	4.78720204698468	6.52549747779618	6.43980957584726	5.64547304005775	6.32037533967679	6.3024482037134	6.44178834978091	6.62372610460212	5.69429337127615	6.06736686003274	6.22799256509929	7.11032372165104	5.948980156591	6.69449462828478	5.85936740934803	6.72663319022017	6.67187201642084	5.45982143577842	6.31491649584346	7.10754460614673	5.73007718210057	5.7988640422479	6.30451402190867	6.54077229715014	6.30288958912256	7.03504062966589	6.98728383190514	6.54220483272301	6.23981307332992	6.01159121826274	6.45907340956642	6.32754594334195	6.94999685523957	6.57854229590879	5.58608045533516	7.29309058747892	6.15613154043532	7.43850558565634	6.73401075298899	5.66738746016805	7.49979598606418	6.04012532368493	6.57139488776157	6.42713596496867	6.36548653928484	6.06884423474656	5.8984978673417	6.50866462640325	6.60177573856276	7.06189259879029	6.06293058899873	6.46685472156315	5.95918618256683	6.56864475638864	6.39938663663707	5.56175115761136	6.39800385761741	7.46237418283161	6.66393485814804	6.13907983321395	5.68051929368474
PROCR	7.73990651181791	5.43483512557708	6.77164472118124	6.47185609800506	6.75241989821331	5.79156956962114	5.28617772897877	6.37255944243444	5.38691629362704	5.94042417955395	6.27764866343754	4.98985670011426	5.83838960621553	6.20303616417634	5.93074640494138	4.9163255288458	7.30536480144503	6.72853238280597	6.41751875266345	6.83977072288858	6.56276392793653	6.99662951358956	5.27088738457705	5.05933563323726	5.89503816304898	6.89705097202368	5.1091654282697	6.47493682745965	5.17083312610654	6.98002010755921	6.04035959120648	6.2335692718179	5.49264725706635	5.49072254041998	5.66529585579397	7.40196537132437	5.65969153404936	4.80063654383855	6.5280212359842	6.12159155031957	6.29920640531417	5.73982432518836	6.59254810625938	6.75309996533324	7.25470298167596	5.36374862533919	6.33890623992884	7.48894633215725	6.35722106238427	6.05991696494169	4.48441507446768	5.05813771226359	6.96074130346333	6.44005687529261	6.5560209286938	7.79163885777882	6.13856894632789	5.80878852965018	6.77975791108973	6.29659620979942	6.193539881991	6.22842178185602	4.68690810166668	4.14269121518421	7.3784109258042	5.82618774692862	5.23457643594464	3.8715945114311	5.84313540030654	4.79488194729984	5.89076380136883	5.96557149959805	5.40646737040225	6.99051117956652	6.06289179821168	6.70577901869424	4.5334422937032	4.11386518656676	5.80665110624267	4.69329576183903	6.55747977993548	5.62384988345993	5.18046406982965	4.65243747899342	5.98248022236713	5.10909128027645	4.89330241963192	7.29118727434741	6.71848012993396	4.75753243200705	4.30777767826889	6.96702949651599	5.46229791561911	4.39347525011926	4.0949257254727	5.19180223206356	6.68173944247634	7.97476415073548	5.30449247735554	6.37612161480198	6.87118652971367	5.94557992758093	6.18119189912909	7.08569002279335	5.239551044937	5.47628625629893	5.54186032564546	4.93773699133357	7.06707171622095	6.70349320080246	4.18138244445533
ULBP2	6.18534932686984	6.52253568153918	4.50807944611893	6.37621519250622	5.73805519474442	6.61081126981962	3.24553262737987	3.86773465198677	5.47332563117189	4.92356858036266	6.49500901404127	3.77812912967098	5.10055984819347	6.39296137286927	3.17768541671736	5.62095632871913	4.41737995785339	6.28448164259524	5.86013683054236	2.08192667648856	3.6718384103668	5.84258414204566	4.73897100237905	5.52381570992479	5.00364199845354	4.15979388591427	5.55441456896163	5.39013039080947	7.00329898747471	6.98599071839646	2.99585698223669	5.2645171993146	4.60320049685417	3.71082235962654	5.69135286712253	5.02188514698984	4.19668095717761	5.94997237072599	6.49633345918439	6.52647209118627	4.84059041828736	5.24669852303096	6.36746957541431	6.59753798474805	4.29854339492901	6.74934064035734	4.75242751524051	6.30572161321177	4.32370877263893	4.99386059173793	7.43693246622491	5.39191624056043	4.9640303089025	7.13117252477684	6.73862252109234	4.11113083218916	6.31817326763643	5.3205162945757	5.55965899118759	5.98285841850059	5.27019213565346	3.25156272437339	5.64158192678131	7.19948921307817	4.31288748377501	3.53717628592668	5.81247191810889	6.28950494230665	5.48553655411383	5.53351925834307	5.70724038220167	6.42092453357001	3.48688012306927	5.45739216389735	4.89015927221865	6.85747287469123	5.77382989636499	3.93043986528479	5.94979223445959	6.43312917680959	5.45332149500178	5.05686334049416	6.51727326543802	4.89459098071817	6.94577743284899	5.95852097620575	4.13060908736294	6.26019066066993	3.26223800364462	5.44456715286109	3.49604285140343	4.90044142377778	5.30727526490302	5.04187266317574	4.43301278862043	5.25365805559869	4.57822022158598	7.32877722343486	6.42579785738818	5.6937584440535	5.71889808982182	5.67389364929657	6.87913466272318	5.02980999294365	6.67101662675208	7.16800790801218	6.47830417824215	4.98411674834163	4.90120362149527	4.53408039353674	5.01449234722876
ULBP1	1.79369038433476	3.41371590743134	3.5528922825533	4.54670457076026	1.40258784620862	0.953578093974189	1.0119032283501	1.23264926155266	2.06950349556878	1.18597592190572	1.13374245440371	1.22880494517245	1.07990221433283	1.24518769945263	1.26116133179969	2.05600949718147	3.08760856389056	1.36372313115036	3.39361176746368	0.903696415539894	1.55008001720194	2.02579771919407	0.933519443502893	1.5459509469635	2.48871594490449	1.47645116630828	0.907553066652356	3.66298585921826	3.64862588301798	1.60952478706059	0.968679990526475	0.952480332857511	1.25792428306298	1.36121008539081	1.71942106652176	1.48829568507756	1.21953037715607	1.06297908288797	1.40782375551286	1.5642567868382	0.983015885317242	0.957920160942663	1.14204733978897	1.01087082916251	1.40951930619331	1.69583714733324	1.97334691579661	1.64877808760634	1.62513294605301	2.12455320724056	2.82497785045328	1.88507481910454	1.08643562163063	3.1742408444009	1.38013576795986	1.02073781680581	1.37844016655283	1.00919762482172	1.17496356056989	1.19477891937672	1.09499094218353	1.36880389208494	2.00940215040384	1.41364539169798	2.28660154976196	1.78502005584282	1.13627624036825	1.37637746099594	1.78801690109289	1.2175798390976	2.30164977040743	1.86210680704057	2.22453023209403	2.37501748458459	1.90836007793935	1.19345843691488	2.29728861535686	0.9075810357036	1.79137996325586	1.15610195225861	1.16060180873615	1.05096895468029	1.08611157442454	0.928289576151645	1.14850629343471	1.09095768503391	1.04609550098614	1.49608822251775	0.962954229529911	2.50862237646125	0.950003765336971	0.953824281543642	1.83510060354902	1.45175980721691	1.58940296335057	1.91781609115613	0.978396556677093	1.53508850423316	1.53413616368628	1.72521388766899	1.19963849671006	1.23181499792856	1.23547543539499	3.10430230866603	1.04773599421409	1.50405415416702	1.83814488735354	2.07447470112514	1.31594353425481	1.17826940249304	1.04450421510831
RAET1E	3.38714934703638	2.97497638486808	2.54325215543853	2.16277583272606	3.92429135313489	3.60352611826311	1.31616375843582	1.25742401450936	1.2885681930603	3.43603397659029	3.71522801800949	1.23977765711035	3.92824104643529	2.22688004178763	4.63307024206857	1.31557723620419	1.94747558690227	3.35131904933826	1.23574381743902	1.24545289270163	1.49117346776312	3.17877303951013	3.00957424844677	1.20056268718505	1.76144149932629	1.07241787052085	4.14608956321861	1.92455385959688	3.15297176858781	2.64799078130387	1.22354906531641	5.01683483011226	2.64691008599718	1.83353089261556	1.31096270380049	2.02204531800824	3.09852393028595	1.9993026071661	5.42140450152642	4.4861540870663	3.27719486084794	5.4630228360503	2.44363994537235	4.30823323617102	5.23018150045773	3.97820004848449	3.28773338714136	1.86889693021835	1.42717908529447	2.93486123065575	4.71546875620525	2.52487922665295	3.06760372580642	2.17841307509675	2.66087441909955	4.82156240795733	3.92396806375536	4.94675807746678	5.34835009215001	6.10654541263095	4.09368393282873	0.999935065356581	3.98248742170691	4.30711727695174	1.16431933744361	1.0634682601488	2.30032851408569	3.12544708155361	0.980774650310762	5.49222776936329	1.29284928971683	3.49118824387184	1.06147745056576	1.11008584285898	2.87743284404742	3.07546904378762	1.21106068854846	2.60155779088402	3.69712485874608	3.10389207443297	3.18865804605012	2.677695469346	4.3024311808678	3.17489215877353	4.25856464043207	3.02294717467463	3.25230854447659	1.63605279647971	1.91349758132474	1.4933310478448	3.73051799407571	3.41294955139987	1.10016479200924	2.06690716072036	2.46234593727167	1.720072900274	3.62190907210528	2.35709300417474	3.06259646194392	3.63443539717925	1.40807882109582	2.64595357023944	2.3453979283495	1.23548565486083	4.85572312712125	3.60289543904956	1.97732311494735	3.2014360403535	2.67082212987567	1.41194450661024	5.02215965190464
PDIA2	1.06093216298889	1.1190237061528	1.06064589103417	1.19609618203553	2.32348816464043	1.14387935758674	1.24586068038827	2.66210339916473	1.06487825858217	1.05180620185007	1.13219788501872	1.36571895838729	2.63808697439676	1.06442309933447	1.56718082180135	1.07953921764603	1.27891613067827	1.07176684958267	1.06174995209498	1.93670147454012	3.6730822052829	2.72232788212658	3.17549987982824	1.07038479060956	1.14993172404291	1.19300203070684	1.06369608135437	1.73310265115664	1.06572381161443	1.246599577955	1.06570427236655	1.27039403406872	1.16888877056227	1.11095110639054	1.1600617097186	1.23570439643098	2.11546233626289	1.43545918543991	1.08210031113353	1.59524765007853	1.06833655978389	1.09525385719918	1.16482074478802	1.15409457754272	2.61551571780814	1.10186196495478	1.78317401635295	1.20821393718881	1.18012205995452	1.5051707216865	1.0584327549173	1.30202964382992	2.08254414662019	1.09834513074006	1.18845453515276	2.08690468612942	1.93339430763784	1.21872799422831	1.36668238880393	1.13633343640347	2.79770733231004	1.39780157985026	1.16458099981289	1.08295435337404	1.12340534541826	1.05700294230489	1.08482002014161	1.11721964358453	1.05180620185007	3.08890080154411	1.17087256707876	1.3269764731416	1.06045026521455	1.39244161900651	1.21503392965996	1.07223372647074	1.12451759946963	3.74208403278867	1.4391179173793	1.10240693420897	3.40608597735105	1.13324482933715	1.10664958041904	1.07437410689741	1.15715685550695	1.05180620185007	3.78196123223514	1.28563327751848	3.16637841933922	1.06221455202227	1.13966974080939	3.87931442314967	1.07083015571991	1.11715642674576	1.11025147657058	2.16169191585424	1.22227549195234	1.08863932113477	1.46073572783359	1.16155408278654	1.08641983572115	1.12972342677659	1.07485084024159	1.36277370984796	1.26297754111182	1.12729411350733	1.2733292586731	2.0123623026173	1.10113253855433	1.154776802071	1.79604908388656
PPBP	1.48336847412631	3.29036562830272	4.07572364284534	1.48453412744603	1.42597141967876	5.86232475249833	1.51466505180305	2.54501544895503	4.26777308817447	7.95908992182465	1.84017718474803	1.71058512869758	2.16148638786465	2.26999513583401	2.93783660912072	1.4576976336102	2.11013943665314	1.55306954072541	1.37130107532917	2.18464826056632	2.42313532336575	1.50358967381332	3.38576193981156	1.37130107532917	2.0373199149648	1.51768334883489	3.01994336675286	1.94364258442489	1.62010317681279	1.49337540660632	1.54008849477418	3.05742231411203	1.79290781748133	2.20468513187274	3.78216084320927	2.01854852264496	2.05532844936507	2.14514966159839	2.33881348085712	2.36392958581723	2.85913575848862	3.21784925569683	1.56614393478908	3.94490726873421	3.09632381580836	1.37130107532917	1.78405244854078	1.76512700538538	1.74024086259757	1.49997253025222	1.37130107532917	1.81079721602404	1.52381977035683	2.43356827396595	1.64223519335575	1.99139648471575	4.49560853750776	1.59526919218012	1.64056205161518	2.00427863395355	2.52927126642323	4.55002508165896	1.47532698395676	5.74983412001103	1.61507972204593	1.46721301465023	1.44031435214379	8.04739696795093	1.61903997657706	1.37130107532917	1.37130107532917	1.68339071682479	1.47757104862544	1.37130107532917	1.68404423919316	1.80019438990287	1.74210229268847	1.44517494969491	3.34898149450359	2.17591259225696	1.84528051530415	2.47885040464696	2.17288528565694	1.98923235355307	2.44337184258859	1.4871256880823	1.53215288437518	1.43341562663716	4.8439260320465	1.99402558049566	1.62136047602796	3.58127710029898	3.78731076207355	1.53411178294276	1.49341015227921	2.14260706945731	5.49442917426385	2.9124342050166	2.80191120942376	1.51162856733192	2.72107260392801	2.0227475651485	3.73973466151654	1.69385993008635	5.61609579934303	3.69212397860214	3.28671452792926	3.11964951321983	1.87715253291826	1.43806097999096	1.69307905786364
CXCL14	5.7809415038025	6.71856566950428	8.07583021540587	6.85849307859568	9.35242521682329	10.9684925989077	7.53596553967098	10.2613564117371	8.21682700518844	7.81858876211525	8.68388755169022	5.99477146507015	10.7651030754438	9.95384202495627	2.61240256678406	5.5725379088385	6.57893848309019	10.6761320385263	7.00871801572417	11.1025391337696	11.8799519834927	10.3780140804974	9.80027652803315	8.96390702306799	9.3986488012919	8.54738844575786	9.82508838419907	7.57337382666091	9.4276595058645	9.69635183458279	5.30380438888141	10.4297370676795	8.64654010175711	8.63446225462967	7.04646144533497	10.2384566744298	10.6472725450368	5.37008216716561	6.39453801285672	8.33467445700826	8.19496301529817	8.94470980706846	11.2002849080076	7.95794904446717	10.4503151907306	8.81643133912029	9.81374387944888	9.23323157217551	7.21077732485631	7.29108350524439	7.18009594385818	9.5260818259821	9.74228210389319	8.76660260473336	8.16510035427798	11.2188150912388	10.851313446372	7.43236262547563	6.86116287663497	7.96212578386159	8.93398950752331	3.53994205312988	9.68038991774117	10.9396965526739	9.18934498928182	6.92564548999547	10.1330874331106	12.2099722587534	4.9722814452835	11.834897641515	5.88166444465078	8.85880104322441	8.98706457781399	7.07124390644205	7.84110657912732	9.4932655734711	6.35573368101281	11.1394435698817	8.36637240381007	9.4442295751717	10.9149654891754	8.3076811711127	10.1635406196002	9.53283467150078	8.21664961203814	7.96963436419065	9.11881316796371	9.69776457035358	2.45503273917218	8.74202195269158	9.52728126740885	11.0514085061897	8.07951362309288	7.93230378296174	7.18260708213837	7.78873509234171	9.76399822763012	10.2475931636892	11.3537260891123	6.28725365508779	7.70898057608257	8.88146965779058	9.48002738248107	7.28310517435174	6.81440297820098	8.02443306408964	8.88036500891798	11.9455775288112	6.95978310015113	6.78634972174238	8.97339639387017
SLPI	7.99699750834683	12.0325642686529	6.95150516752007	9.08183063554737	10.6448553121178	12.3331848077739	8.33502082948032	7.25984913241481	9.7653608466374	11.7812595893196	11.8959303568261	7.5155405658947	11.8835831539241	11.3249154872395	8.53712974332919	10.9741190965527	11.053414434596	9.49921185897801	9.62905798292391	10.7896852334555	8.90599609175766	12.1969759881451	11.9170571499876	7.18753365056627	5.02902943502674	8.5351691339136	14.4951823861449	9.88850131742855	11.1171738819363	7.9169593748975	10.2251873695335	12.2648469075249	10.7823632508033	10.1884724594246	8.66928458926656	11.4160513351181	11.7154356010231	9.72406402476943	10.4772792294053	11.5224589694486	11.3418782499187	11.987897141455	10.3127095938155	12.7214231573718	12.1844280968855	12.5028767932861	11.6451223017371	11.719861302048	12.7426104267243	11.008962419685	11.5053804413365	12.9568623290642	9.79171427473964	11.6217929116687	9.63949568483576	11.8616698029921	10.9980065040552	11.1609141038563	10.8855576990863	11.1239056558626	10.8536312520201	8.76473867386584	11.6095226744435	11.8847825061827	7.4490056610634	7.54490490734321	10.8604021981392	14.4027167743018	8.42899648176655	8.49472083575698	7.93656640617256	11.2663426833185	6.49558980854596	8.39924335944423	9.43506961388999	10.736489074549	10.9100139866002	13.2946654339609	10.6133215222525	12.6958064515461	10.3880401626318	13.1977913119384	10.7869773581755	11.8453709547251	13.1915623705306	11.243902145266	10.8850569831219	9.07072256647852	9.92594706869762	9.91794174896405	10.8197175376042	11.4797527564489	8.69350757290136	9.60056897327463	7.66712921403028	7.9654996929415	11.6280572757259	10.4194428268801	11.8467574311584	9.85120088055575	9.30251589793914	11.1352023615891	11.6592259898338	9.44327460723335	14.1882517152873	12.9329852653236	9.72108329890051	11.2095755568345	6.38616845298696	9.1906337451144	11.6178420385048
CXCL8	5.09365304916351	9.26558649255867	6.83431650643503	6.06204427268449	9.29694067172934	7.9338189072433	7.77128214043174	9.0578294885709	5.92670576658546	11.4905743083251	5.87304585421713	7.05462029437356	9.34546614999308	7.93665507204679	11.0697920629721	5.30563255853181	6.72404895468408	3.81698640112984	6.4424954645205	7.47185272195645	8.21535070053653	8.2752914291201	8.06680264679585	3.0961261359885	5.91652067576692	8.64039455028978	5.23466257086443	5.54018748519204	4.67299699835709	3.19296564261727	6.62005878190607	5.79043266044205	6.26803742112677	6.46355479697341	8.27585886071384	5.29716326355804	10.8341953248202	5.70257679617502	9.22125117030309	8.18165635343098	7.77972358241212	4.5568741687254	3.33001837039116	6.13013928010873	7.62071564146774	7.06942988505753	6.16817884101049	6.16659657607982	6.05326575014069	5.26445559230442	9.10513792937739	5.90749275329836	6.27223827235421	6.62089101599242	7.57111272535318	6.22786514221228	9.37189723124904	10.1599608362374	6.54805742445579	6.94582570730394	10.3639848986455	10.8415182308152	8.97679478958626	6.61842780774	6.01421300815955	6.11059006803001	5.35380245301398	7.5198467338696	4.76930891452971	2.73558841828052	6.91640758958698	7.51254022514681	6.15883438168638	4.68074745242904	8.40073294917419	6.88942934253435	7.14806260895394	9.01092340835753	8.85644293718367	8.46456679818835	9.28239447964227	7.76770221099296	3.45965346010545	8.73487145355662	8.63364019358086	8.42090778630104	4.52804773174433	7.74794494621445	8.3871109136309	10.3454362864373	5.5260503346856	7.76105416544235	7.54657693733213	6.14297452918638	11.0960697012138	6.44196581213604	9.16050081407178	9.51238615231023	8.48930378582439	7.40881827445472	10.2060897735288	10.4913179704329	5.10189990098349	6.72237813410351	5.62774311489648	9.70982974162262	8.26299093613828	6.6196563103738	6.51917010798375	4.51972930070022	7.49605623705492
CXCL10	8.34331405554483	6.98247833579207	3.35658130400117	4.72012109167414	5.42601920793959	4.2221148590717	9.66340109552332	4.81802348631362	5.00186800648186	7.69282699222965	7.51093836839032	9.14045863364186	7.8862755155815	4.75014232203674	2.42945024331252	4.23356515380112	7.21157536534227	8.72268992534548	3.98578263446067	4.06096245645599	6.7690816012809	7.36915912224716	11.5052672796693	3.75594332187701	7.28609795613786	3.84069694619086	8.83522825872389	4.22606963212904	3.51856680922783	11.0509246499738	8.46058070298706	5.68701898884379	6.37802732744505	7.37518752439266	6.25498376344241	5.14063539656534	6.74250737425927	5.48205622421443	4.69784616364001	5.96751562533795	8.53114657659659	3.42886334782905	3.58521486540831	8.79576341237985	3.76398273739202	4.27498753179606	8.57151663885944	5.28845926528296	4.703234834341	6.02604528633455	3.44502277990009	8.20437375321829	3.72846456061812	2.91933790541586	8.39501256618815	5.28074969519157	3.11064481437395	4.74158721542747	8.31392394947877	8.21178108275998	5.44019190593625	7.29084730949001	4.43658632686698	5.67558323810013	7.14525503225191	6.33989049278386	9.08637974733699	2.70815023907862	4.40825416502567	10.5198714689064	7.90191662472192	4.74872143512635	7.02376164217454	8.15884722102711	4.56556097302824	11.9254571348452	8.8387975998736	4.98530964299144	5.99809463373166	8.49777528330503	4.93321131026902	7.46373916765545	8.06573320580525	7.59742181435132	8.1488785995913	9.0901024607902	8.75830192830493	9.42170483646618	6.78387547831756	6.34651603088727	6.86383174894368	8.5967394942148	4.58490732302664	3.814025545487	8.89413186217446	6.70107744806853	5.12702482430091	6.14165692174703	6.06850719637447	5.07024393715692	7.6189506440591	9.05308821846193	7.71561312671898	8.22413643187086	5.84813972894474	10.1454531097134	5.9409001598629	5.41622688969361	11.234827460332	6.58739624262736	3.20986223279355
CXCL9	7.68980141637713	7.37535226643848	3.18620202099602	5.05832271777352	4.74099666511586	2.89765574815681	8.30610043444494	6.55676474017796	4.30713349411422	6.36321874305638	7.5543738857002	10.8349428785094	8.94780910550942	4.47602013487401	2.47060404332277	4.99142858838728	7.73941488719424	9.21198470234351	3.47051776251662	4.0873130217568	6.25496274419076	7.60529877333468	8.33890036605238	4.58700424938265	7.20904859425919	5.29277164497457	6.16321986135465	5.24954956593511	3.7667735417188	10.834968730172	9.97719701869897	3.47294075734885	7.58601707656702	8.58075188492058	5.46065810090824	6.02232775657358	5.15446640663076	5.17107673773239	4.39049837040933	5.78742159427089	7.25886668290464	3.45195175742381	3.51754060609967	4.81166757212597	4.24316071609007	3.69951301285843	7.68528494776156	3.88336192155253	6.57336243202578	5.78838527161654	3.23953564909952	10.0280204840136	4.21728604683968	3.71707951358566	9.06428741264508	5.74492234800008	3.34817683932448	5.79916696727831	5.95918644415059	6.48718372042419	5.65709102014188	9.36639135877322	5.32789160778102	5.05349401760839	7.85765666104855	9.30653446165336	8.96146713996887	2.62865064689705	4.41131850160705	9.54098355461849	7.37542788221605	5.08269207812063	7.71965232708192	9.8039394598182	5.78907035479707	11.337120941321	8.22385279308818	4.00830253795929	6.43587302457243	8.9375863043708	3.57994633595356	7.51708202622792	9.14961131103875	8.04363535074484	6.72581373346303	7.53525390904575	7.89683415951818	8.03954683882168	5.59474153472526	7.10499628315832	6.72390388166793	6.71201579839253	4.02586028807016	4.00959339264845	6.42317939144645	4.18796038651716	5.62524094711886	4.20603536108348	6.23779953011864	5.65379102900057	8.72862030126551	7.18876174089132	7.65042912260421	7.69631143327818	3.60300557312475	8.99867882802739	4.41371941077906	5.28366330493506	11.6393058742133	6.32597256455879	3.20705636425208
CXCL5	2.57652620555217	5.47499680586979	5.08728229429078	2.65153844708608	2.89344677362598	2.58251830860007	1.74740502207448	5.489857868776	5.90997608978742	8.71865457652497	4.24144160391103	1.98932845857154	5.67667474478323	2.43072351113907	6.48379233632592	1.84704746439844	3.47750757009667	1.99289027954064	2.58556075494973	3.47301757663421	3.84913050324436	2.50632458741552	5.16628105213572	1.67931890521753	2.4236146057125	1.69973099204914	1.79006805710894	1.91586788117793	1.96457525513878	1.77701973944737	2.04701401952496	1.95661888819763	3.37409817364963	4.24576093148573	5.69780608989472	2.43877690310704	3.38429319006207	3.03821813551256	4.25682024287587	3.09608849052938	3.33365432708873	2.9292320808831	1.83682694360912	2.39956418838131	2.89916644692597	2.23065990598946	1.78181073197214	2.18496832210135	1.89215889628719	2.79068349428505	1.72223763349917	3.07612390261572	3.15954587581328	2.99896739481992	2.22584767255273	3.13372924070743	4.54075796623894	2.44463559823145	4.04767096692567	2.09180627027549	4.06687216805856	3.01165486075546	2.76160909875539	3.28664030510568	3.65134584355118	3.43652386454125	2.24051834268998	3.61422850264607	1.85777465555279	1.71338943879144	1.79260576403603	3.11701366900564	1.86556103417221	7.51395586851169	2.65196200901713	2.31908614809056	4.03128764961539	1.69199484588632	5.78086595432848	2.95443902062386	3.13152416685422	4.08108800851018	2.25701520272898	3.17957688077409	2.4088927324552	2.56201454734602	2.57803581410416	2.04109892901661	5.0876466551424	4.18917920166035	2.61871552899727	4.26949825921274	4.90840010133795	3.1985820766549	1.85168399587643	3.75277831160803	3.29473543793346	3.08776953868538	3.80809208770016	2.16767458088329	3.17477340640082	4.21986093072075	2.47051206657913	2.67059952662158	2.6387219433237	3.36145508350622	3.47931851059316	2.96954872501227	2.79637792215164	2.75767650040701	3.23926521451417
CXCL11	6.64922204053381	4.37809927700708	1.8743600722345	2.55721198514923	3.29522336766959	2.03653455782656	5.94286701988404	2.79776198129503	2.48848415752692	5.12595996756932	5.2428493578123	6.81872455650879	5.76613988058104	2.4276814275276	1.54743243186704	2.36854130227462	5.04138311656811	5.53582803990221	2.17350851573384	2.4317571246829	3.78405043871202	4.28222740926883	8.69979474593713	1.79454811599408	3.23760716477472	2.30801610897846	7.03017583459543	2.11543407386099	2.06997491747475	9.16896845778108	5.12711440796594	3.69346138132711	4.55511588656111	4.99505124927292	3.75421326534918	2.67886489963344	3.75100487984309	3.00760956970137	3.2251653580677	3.39380234296461	8.52105862580137	1.92986560444827	1.74058164277658	6.14735878724389	2.05999688204842	2.07360815067365	5.49744007206328	3.58028048763688	2.76288922026401	3.39243823760822	1.83085739494053	5.95768820904798	2.12698100117346	1.8666567695596	5.53996981776296	2.33979777030407	1.63257845871282	2.42839135769427	5.399820615277	7.52338691168281	3.09275298434701	4.07198766863521	1.98872399098315	3.04299870728095	4.16630470264323	4.54675812738106	5.65043772026002	1.50532691218721	2.03660557169168	6.96518129266557	5.08647179024891	2.2741480649267	4.50567344325364	5.85614889562741	2.30796889412593	9.62054286372285	6.11730596179529	2.62652082719544	2.79778349008968	6.06506102822538	3.08281538799046	5.76370897643427	5.55804465940929	4.50086646929258	5.48071007137723	7.55954236381849	5.32038075578318	6.31413839484358	5.1934625508367	3.95984629824917	4.24331506048315	5.95062019517848	3.07124600142186	2.23469846702101	5.05665800210421	4.97172414001578	2.60146270172558	3.13032464664272	3.07176188480178	2.54393786279346	5.16312089487703	6.02339752394347	4.25015399170381	4.37697753969603	4.54861971897554	8.77189376368126	3.6737861894018	3.20712251028922	11.4653587336094	3.22254328137852	1.91567583456792
CXCL6	4.05601262230027	7.51614168610935	3.24003450348291	3.19098766745807	3.35726258182765	4.78113417160328	2.24086500934944	6.35805498291015	5.12990944715938	7.29982097649589	6.45955391597336	5.0796402669528	6.63021137343317	3.60896384799418	6.6591920556137	1.8805187630503	4.18105907709287	2.01953902654615	3.68765573479204	2.92366721212502	4.26622164469386	5.35189255231106	5.39039530700194	1.88449513082125	2.4373725729469	4.47421909651249	3.30396398729232	3.5728240902704	3.48029579499103	2.88195243365233	4.76849110197542	4.9684052399726	6.90270991575394	5.07480356032759	3.40955639438606	3.29988898265494	5.25752332674671	3.79551302249468	3.40834549049412	5.04503819934966	3.38633022366218	4.31919078119771	1.93014941209326	2.14607640781529	5.51024873310121	2.60551366793257	2.91311268311237	5.4605983502938	3.18844729262237	4.03472498773279	5.41869271334198	3.82015126119504	5.46333494502335	4.05125224714624	4.00543736243638	2.42309162369731	2.59308706192551	5.57978548320303	5.19738286983978	3.10390793649483	9.01486725827915	3.54815906304628	5.93632382712431	8.11884106038985	2.0614682720561	4.05386407021996	5.98088934158781	2.32930206297689	1.91959619978713	1.99177330132432	2.65269760163619	4.53260723704172	2.59627990024913	2.86483465001286	7.49413301740738	2.33787306194607	4.12846010180098	2.449009592481	6.80395928820491	5.52888024187096	3.65187674581165	7.17108123645428	1.98420183356003	5.8680411602325	7.1941943980613	5.10718640168414	2.87109047644769	3.84967966205754	5.39462511437476	3.99634499498798	4.26046477814613	4.55228565926784	2.03054434530523	2.80299966906266	3.09056953570355	3.81924785104203	6.07001756638184	3.57362755291134	6.62118124016952	4.18798018182182	3.63309039121114	5.93486686176395	3.18388177403417	3.83924981204633	3.53403725545194	8.36427984423165	4.81865080529422	5.70151134005752	2.66363707537421	2.85479965418943	3.44138387139982
CXCL1	6.32550687866748	8.28192847501285	4.4071931897731	5.3168793294794	6.95181700102401	9.27133371638304	5.69259385300037	8.07485749530261	6.10530534702628	7.99373241000121	6.44649606245087	7.31599177489055	8.6814537795069	7.42398265238669	8.55274352680633	2.73015664193245	5.28950905125079	2.37587456810013	5.67618682252491	4.74831868053302	6.24224943850628	7.67249651046268	7.27059233640244	6.25921570791729	4.04507937000682	5.91132086718256	5.71304189666438	5.59105574204334	3.4204867881098	2.98280377575505	7.25331206300478	7.69400063949855	7.87044764063471	7.35043568089793	5.9595126007867	5.83639463049253	8.23398611590219	6.6623376213517	7.64505921358803	6.33553090985395	6.54797080217401	5.6101722851265	3.41232308273357	7.78030125276706	6.91843876982366	4.01779354896087	5.07549783157948	7.22620876852114	4.2771076315427	5.3361784279192	8.68885907799605	5.87157182196135	7.04837325394456	6.85602011517743	7.04402122470424	4.16823505509489	7.46150801749789	9.66940152862301	6.1967377822056	6.48079865216429	9.55863641252085	10.7366905228438	7.37027933184482	8.48572156540441	3.42250350177647	5.36234835259214	7.71491214674427	6.08140866418733	5.96188529121363	3.1334997739976	6.07569737544992	6.41646143222312	4.25049931025291	3.45325116815697	8.99008354464364	8.06430476681839	7.69871457777343	9.42856182256443	8.10839511658348	7.64273207498596	5.51673366803294	6.18175212566763	2.69621649953772	8.9247870490381	9.18711713259781	8.81532599521196	4.38555410281092	7.16432026620094	7.77398662645155	5.45441571779242	4.83400523648986	6.40407841480368	4.47345118054725	7.27058517798494	8.1578731090677	5.19820585893433	8.49124598276895	8.35683425874236	9.14465455584054	6.65205337898857	7.64518213333291	9.26036336659923	6.20395119667111	6.48892029564551	5.6407174216004	8.91770526455796	7.70251837629883	7.1401347048275	4.17170322901435	4.46887790273225	5.27618370299048
CXCL13	5.03245962151462	7.17775741476808	2.71335012837124	4.20456093520281	8.73549212767234	8.52543092591	6.29535156677694	7.22072048491252	6.50561637788342	4.34928336908985	9.1615393381395	9.58935772375897	7.37004689962002	5.2480164360163	2.4095210751912	5.29420725096822	5.94077907436603	10.2534796026425	5.0880167147008	6.17585253458577	4.71059385249009	7.81289123186801	8.46407763642737	3.4819195500275	5.81940178169028	4.16323146205495	6.72796522547485	5.85244118779185	3.84434989548102	7.3737415666807	7.60866855170072	7.06286851178383	6.92887060707135	7.11853180606001	6.18660806342754	5.65065104287227	6.15255142501876	4.71046661349938	3.00104784343733	5.12264687539295	6.62207423643715	4.19157881938688	2.85937843186641	3.50630565333061	3.81141877418237	7.30284949367271	7.73010942236968	7.68772266348619	8.01489609488715	8.20118919364316	2.46745769085117	8.47553619400945	7.93958225672823	6.35049479742116	7.93520433539126	4.59188354881666	4.08662153414491	7.75471541994872	7.51822586006227	5.26794528579144	6.39150873352836	8.35246885239419	9.12580828654531	5.82782442628635	6.27771196393325	9.56055366918325	8.95104450611855	2.78059342979853	8.35460375937547	9.67289481623985	7.5634833649939	5.89975650697389	5.65002012369165	7.74598053333571	9.27521811501514	7.23724609493702	7.67749456790031	3.93360111855436	9.10588443302985	5.13134393687724	6.17113436725408	6.91863025366085	9.71346457446538	7.2116359902895	4.79992336134426	7.54785340014634	7.62529839553243	7.71210082031671	4.61273221461395	5.72008138482214	5.1779950869527	5.03549536460474	4.26066842049067	5.3248443075011	7.16480001755201	7.04570347931758	4.95019393066992	3.34712187345608	6.71427466562142	3.97960912947579	8.41889897109805	4.33635636875355	7.03764251932212	8.22193343054084	3.47811870636802	6.41793129265654	3.90952599755553	6.51729921704923	7.06014370508579	3.82514099745373	3.77602545663892
XCL1	2.58874378606275	1.76887343422612	2.50085279194431	2.59839532482201	3.31856451963578	2.97087188110335	2.91428410097908	2.64558986853114	1.84229033972909	2.29749834559197	2.92642199831271	2.39625174304714	2.36275418915322	1.77905075252675	2.12433395345856	3.18217206563344	2.44219109430694	2.59021991346695	2.96050672064978	4.03510109137955	3.34569433119819	2.72741600091409	2.58390454116362	1.6321489701227	4.08799441158549	2.19583738586756	2.09103754856105	2.37956427262568	1.87754214294607	2.65962143226705	1.72174548114589	2.62185609124554	2.28295132920023	2.17793319233466	2.46173485514354	2.41875343426244	2.30088478705977	3.63814705351402	2.19655583632607	2.88076727638151	3.25883483695488	1.49321927372202	3.31311660474288	3.61403975384559	2.34005323146532	1.95544428667032	2.9788538910932	2.48395289635821	2.12614341794706	1.82425648645408	1.93456343215629	2.3254073238949	1.84434035459368	1.48265838612345	2.6473561978757	2.44369580800774	2.15814907737522	2.48228445435314	2.69868119438119	1.41301860987568	1.42934732311697	2.95817625240575	2.27274814802814	1.8464878877487	2.28112340464207	1.82634497771311	3.15152479272969	1.98220561434992	2.54928740925473	3.8919293843965	1.69979458007468	2.16867465181481	2.78313743134034	3.07570170352095	1.90068192399212	1.88499719794808	2.44674911395536	1.36857713153751	2.74786522172382	1.30391325563613	2.70330869324385	1.78944445420186	2.00334636687837	1.42196911260234	2.58703685175989	2.93712316255546	3.08552277144652	3.04370946109379	1.58211033827473	2.35672869559792	1.70422649903404	2.37943870612093	1.76517185439169	2.3449534537571	2.31162168591682	2.61117892644805	2.58154039800442	2.87680962397004	1.37362101639975	1.93317570162059	1.23782822698372	2.32525486338763	3.66845034770799	3.11129558089898	3.10866342898427	3.05353096812696	3.03323857462493	1.90281102507328	2.4395748271783	2.94437114529056	1.1510691607821
TMSB10	12.2950778112193	12.2235947122659	12.3703109334561	12.1682368945127	12.7687813308351	13.035315361976	12.6754037911416	11.7389748603096	12.2235300942027	12.9244660178828	12.5802117021727	12.5580755153662	13.2897206947116	12.9393388785575	12.0758407783902	12.3880965893803	11.6225209991569	12.3642849819091	12.5723166639069	12.6375533192952	12.3192934314975	12.4073451767036	12.7829656327546	11.7110960832842	12.0129946312042	11.8294956651384	14.2026537303558	11.8575532948442	12.1856646072087	13.1342019088203	12.6819073038944	13.2123749118052	12.0977983411053	11.8986284153651	12.7194427310183	13.0199135582153	12.1436715330163	12.6768716669848	13.1667777580436	12.6263328578119	13.5867729611552	12.4488415411286	12.4058612142149	13.6252217444245	12.6916394438125	12.3774892124019	12.9877629604208	12.2695429076404	11.7917349440472	12.4815093814411	12.6292644699417	11.7816789793746	12.7201070067348	11.947439516027	12.2421307984896	11.8460615982854	12.2043261679412	11.8051960248311	13.1577901461012	12.8370665714303	12.1960439313108	12.7246243068117	11.8634471122743	11.4279798056877	12.4616982501732	11.934258369937	12.8948070683739	14.788662096261	12.9563852301688	12.5749567855698	12.2410685023236	12.3281783674451	12.6557501723459	12.0580342294716	12.9700750717167	13.1569237972587	12.7989533385798	13.0610201442019	12.4340176605266	12.6897196215117	12.2900864234106	12.3044177328563	12.653116579383	12.2887584362869	14.6006983742782	13.1781614786449	13.2388390533497	13.3398593562919	13.2982535280059	12.5350444923798	12.6825143139503	12.9638949028993	12.5741695286359	13.2097729163016	12.9742155025782	12.2196698476925	12.9851556257377	13.0916902673016	12.9279020239506	13.1837132151378	12.3915843644343	12.6209113360853	14.325341121344	12.3805795278404	14.2726249850251	13.0207448911531	13.0898547239192	12.3967037674468	12.9231438889137	12.2613495980708	12.3121635952205
LCN2	5.61191521791553	10.1241986006659	6.38929309309592	6.09585154161788	9.0839738440497	8.89486642997866	6.81498902367225	7.25526481700172	6.92721352645781	9.12648232638823	10.2087211436317	5.96210359246048	9.46666468038217	6.75132475490625	11.3904649921628	5.56231030756352	8.51343592167513	6.74458815147689	7.17296100087456	7.21395118966786	7.48283335595713	10.8999609767688	9.94074383972191	3.94290179484511	2.9314188929518	6.93234952609308	9.91921915839689	7.49265678582694	8.16927686418396	5.65076961882	6.83515179516033	9.22884642361238	10.2538352680181	10.7606245905156	5.50682369093782	9.58784012271808	10.8394507852019	10.7619711535715	9.29694599954526	8.67162001797019	8.99238182688838	8.96939951240851	4.98553854139642	9.80253893689	10.3266631125864	10.7467849646035	8.68365136154777	10.1506746519794	8.40557700284697	7.48082226485534	11.1229268851791	8.63669895208778	7.89115685850676	9.68179708854079	7.91001837121417	7.08488880620741	9.95589334719944	12.1076051074103	6.78122920077512	8.94870091534694	11.0332367039444	7.60071583374081	8.69912079738819	10.3244213647958	5.2109968519543	6.70596770611079	9.16702520785205	7.64905462790812	7.60379560576112	9.22336444478337	7.93662087130368	8.00151498476142	5.15707198366531	2.33434371822839	8.18828597270067	9.48462833354874	3.86775053969294	11.4772882586373	9.00701160726068	10.9156498088391	10.5244703341377	12.1860234248484	7.84628549347954	9.54744654008919	10.0853935961711	10.3871395844783	10.888056203528	4.10384318908113	7.1518688058612	7.25609972269177	11.4007734619956	9.68661063201433	4.5972256662005	8.02774404154834	8.42925525909314	4.24334077620777	10.2562185572159	8.13378653213849	9.09445560635687	10.6347278232281	4.81808418842388	8.34690655481225	7.55223110976748	9.28773427385847	9.66094717168308	10.8250343089361	5.42736689850418	9.01529190887752	2.9222841498445	8.83353868890343	11.6953102132014
S100A9	13.0444921488763	13.518375079137	10.8815403493221	10.6255188044296	12.7423128481295	14.7067512329237	13.6237393351025	8.63939515499346	10.8773875727291	13.3447558867363	14.459240877721	11.1487967627047	13.043886114218	13.6108414443981	10.4855290297527	9.60894849145479	9.98759357970743	12.3664279054838	12.0343030666449	7.79737374549499	11.1100049282238	12.6423746072489	14.3509451035082	8.06068765261555	8.84071506511775	8.34260541253747	15.8115547186498	11.7759006732718	12.0904354020051	11.2291126431913	12.7174403143953	15.1170291751827	13.7555983298878	13.2911499685653	9.52336169780775	13.4577318827562	13.5263968467719	13.097418615764	15.0274083919938	14.5753541955178	13.3699911956718	15.0365864194004	12.3924828604508	15.276681315565	14.6182820899986	14.4443372291506	13.2185410220045	12.0379512943883	10.9382077568267	12.5639511922079	14.428367335531	12.275354161878	12.8863147451943	14.1935889788016	12.3935679043343	12.498852791258	12.8100866244715	14.7442034517307	14.5692770596554	14.7376255433811	13.4406885170089	12.2153407182819	13.6276780571368	14.3095078207188	9.49849525897901	9.66328550318305	13.9107500759452	16.0172048314455	11.6087416050421	11.6393233122834	9.58283600962199	12.8490510257241	9.04204128987609	11.1118966899066	13.1625571354686	14.0748588649015	13.4965211104885	14.6141561361278	13.8270351197803	14.4034799210062	14.7287540990073	12.4541734945931	14.4681709529226	13.8686547517154	16.2212468899468	13.6415268616124	13.2524953124088	11.9256593432958	9.98575434014793	10.5571921975571	13.2954701775992	13.5506190399809	10.3967913964793	13.4798960620174	13.4024196598931	9.71112003608703	13.9507048163651	12.5343556652655	14.3900773468236	12.0576616813702	11.6921765747598	13.071592582627	15.0621350358533	11.2212635549426	15.2411782575051	14.3356286204556	12.0390971357894	12.5304597571496	11.458036815622	12.9173605431712	13.4960576887501
S100A8	9.64019179416246	10.7128310174699	8.54511806072487	7.96136548310892	10.3080529167456	12.4164076862983	10.2440170189733	6.22636649935687	8.63686479032695	10.5050132736378	11.9071274948476	8.86513288779182	10.645225828699	11.0062480235345	7.46505913552345	7.3124700543529	7.43549216280335	9.64269685476938	9.03663459486756	5.78364112189995	8.91198246851356	9.80549164486956	11.8658530808182	5.15000874868311	6.00983266295032	5.96257296889051	13.3584771157814	9.54389465608155	9.99648321657859	9.54545100645504	9.99523854539925	12.9105938509027	10.9597574762614	10.4506196753791	7.39316208379371	10.9708192774983	10.9438836125364	10.94213080687	12.4493101384191	12.0930094960062	10.5529282315258	12.3155428417423	10.7096321128148	13.325460435069	12.4898528253142	12.0096947262631	10.8103560870264	9.29307512850921	8.45335378335239	10.1576797975487	11.7008793996076	9.6384758702047	10.2360446639295	11.7444834170042	9.67410208689023	9.67886854211495	10.2564630688593	12.0854472006079	12.2005833351221	12.2646768072736	10.6763254911835	10.1611096463082	11.0324432231726	11.4702187108975	6.7095451512758	6.61694154764046	11.4818541376948	13.827566980137	7.96362712461658	9.29555846898433	6.76190173935336	10.5053317949662	6.89531699474281	7.92577886525515	10.5677046407561	11.2297082745363	10.477877286647	12.413380329246	11.3459548670817	12.1568017043796	12.4451952708076	9.4230858278789	11.9416833287444	10.9163296687251	13.7824259148543	11.0257681819923	11.006937679999	9.53057233376857	7.12323048964119	8.68861654318618	10.594202308556	11.3307219228885	8.07683001866648	10.935291603432	10.759593857135	6.23522542200511	10.6013732106357	9.88773720375922	12.1402511713046	8.97391003638225	9.05187122720978	10.3872240188938	12.3912653476569	7.87353723641786	12.2309314784004	11.853931991097	9.58276343572675	10.1559362239144	8.59894032442745	10.0279250403006	9.71939927908753
BPIFC	1.3031019054862	1.34498653842478	1.85870783114587	1.16962942951619	2.28368816719163	1.83570694668806	1.17921724054086	1.1559572558279	2.61518103762816	1.80572052037897	4.66262643073864	1.18371994458173	3.16437424487998	2.36199619253504	1.1343908814646	2.25017577555525	1.14781784460758	3.45682518105039	1.26435551527873	2.26645727150038	1.17173212321807	1.5934471906293	1.56600278100683	1.2050683345755	1.16527637574489	1.16883004612359	4.68495839817088	1.66170919769041	2.79349036807797	2.56130157628516	1.1343908814646	2.76662995197597	1.30140831915237	1.37273295029501	1.3278504603163	2.76398641356286	1.55064963813996	1.25086473512799	5.2551423470559	5.83054041448753	1.9643046729953	5.85300160743644	3.4608648484721	1.52514789348464	7.05243379590491	2.80919597710417	1.42995003734166	1.35674947399002	1.33912058939215	1.3029316980048	2.01314842955237	2.39066872153697	1.31909582614293	1.47032246421103	2.47826060092037	6.18113524219725	2.75149011343665	1.24670967863212	3.44108603639917	1.6313918137395	1.35630205406185	1.15543208036781	3.17224121323407	3.27097527063429	2.128175478901	1.1343908814646	5.68800723334225	2.77028761679335	1.21312412669609	1.32345989714789	1.26593840051501	3.90237583746278	1.3700994778239	1.21625800034457	1.52172770746253	5.94350343234562	1.15490394484541	3.79396111030702	3.1783973701743	2.92340358481218	4.32390520508863	1.9512886066179	1.98405338965561	1.1919177852238	2.31318385472029	1.18824569867637	4.21410275878359	1.30084900855308	1.14960244793987	2.03064502533964	1.66690047183432	2.16301767265059	1.20674782147671	1.45670502976793	1.45387173128103	1.16747691796571	1.58467946493341	1.60906790441816	3.42896291271042	2.11437792735992	1.28611398866432	1.18542492868219	1.92257166929084	1.36077757285688	1.72190281576427	2.1870359551302	1.33403406868476	1.78535218711896	1.28375855131808	1.38759382752496	2.3569892280719
MMP12	6.94907992914055	8.72043289181357	6.53906133768542	8.25476932258662	5.87746973188591	7.29381081770288	5.86606543704675	6.73238249434649	10.6474288957525	12.5365960979989	8.67428667545075	8.46568347495711	8.58248842383617	7.90696303217783	5.13405882239722	7.96659719847061	7.51428636432412	6.35708964538823	5.67316965458592	3.70715144357554	7.32577631468823	6.85998436215484	9.54870773457864	6.11294586784215	6.11529339573542	8.07289885699343	7.82341181972388	6.71783470970596	6.52899164089751	7.68139230345747	10.7740804684413	3.89775034521354	7.93690396261621	8.18980292605992	8.38906262645498	5.24646504939375	6.27534762071716	5.55999344598944	6.1608483489746	7.24323055160558	9.35592765544749	3.68089291034838	9.45586469205381	5.18796993496679	5.55382849472274	5.70717760000483	7.30607244825037	5.56356407700894	6.50638191956469	7.14252054990361	5.8905696589855	7.66288024192373	3.82442615693911	4.65208773635302	8.83386169216265	7.69953882110655	6.90882038728535	5.16106805229257	4.68014087787258	6.59712385507408	7.58939220424297	9.53992488894872	7.3244534716601	7.47385926167227	9.51462985644382	5.64158769739475	9.130063023979	5.95334591631296	7.50507152593925	7.23514088593408	6.31681766882415	5.181862784368	7.75183731363524	10.036174584462	6.32128262266104	8.57222792158902	8.90438705550021	7.78578858533452	7.77672200486411	6.79985069277845	4.74121467050107	6.916129980336	8.21843823923708	7.34549387156019	6.73034885496852	9.65108208549681	6.21738022603021	7.48457336173166	7.71606607644849	9.0339415068041	7.10396420888702	8.41672037036733	11.6068590799354	5.46604204442869	7.39148831187776	10.1170894632005	6.72097947848268	8.62341669200416	7.35810469372485	11.0009926352966	8.5169269229526	7.15157986628748	6.35707790174067	10.3123343064346	5.71305868387817	6.801220013805	8.22237657276062	7.6488589531789	9.45274463686001	6.05027998949631	3.47739551766361
S100P	2.28738289440119	8.15411869482944	6.53780334186599	5.96135575517538	8.25176708634351	6.04555305694138	9.96387897858977	4.41678511878339	2.3626055373546	8.57210753153839	9.57576767313849	4.89788833550571	9.4761156059733	3.46399389411512	6.89587821834123	4.00165875759423	6.26949088776527	3.92248302691798	4.88776727430796	7.0848168920793	9.44939035567668	8.06129728096002	8.32154834224128	5.33317184847115	2.5209393929156	4.11036412084941	8.58641890490794	5.51366662445587	7.35014339149617	3.08678313354276	6.2416226373704	8.61098569106949	8.65264087553854	7.33684824052305	4.03243989193308	5.87721640157343	8.65723498776904	7.16890530754858	6.5224065145845	6.5498888039982	5.70593321385051	6.34671829157926	5.69184924467576	10.5095994301618	7.82403853348771	9.95889734573913	6.92018755710031	5.91134613363218	5.88790085859913	6.50870869945639	8.22622680835456	7.4327679994913	6.13028133075826	4.78393818486919	5.1186475344377	6.7780405315092	6.44019444954866	7.95653831840135	9.30663197257515	8.26994635724049	7.67331409581422	5.61374049543692	7.81224313750107	7.37883126528497	2.59013112343838	2.2322476582848	4.21017437985726	8.72978113459921	4.68845767025101	7.79266707101492	3.95813080055822	6.37437577187381	3.2611913977954	3.80638627523577	6.93608371903421	6.45066129476668	6.35752180886392	10.2176527364644	6.13027420237917	8.7699061372821	7.39540432465913	9.38866846438048	6.54077383770204	7.90507032023531	9.02209272187185	8.67785675243156	7.6399810420768	4.8044205808044	6.52628601500863	5.45287879222345	5.3762225980895	7.52624639281147	3.01508974917243	6.18154582825367	5.97402226991291	3.4714487378023	8.24791096585166	5.54691477415601	6.42685166689817	6.75413357473216	4.00025910906442	7.46077216866408	5.49520959269152	7.41386780379457	10.0431913837013	9.95542096811832	2.45297822636212	5.74557447940722	2.63156847202098	5.63961110801814	7.74469305892539
S100A5	1.1610019242312	1.92700097033197	1.51961158814891	2.60916523227704	1.72683241914215	1.07303537619175	1.26447055810341	2.54993699133145	1.56681018670517	1.16567781680871	1.30979471614486	1.14079169568636	1.25553590494119	1.32417279488004	1.38954583119004	1.17050058539873	2.32661568589767	1.41509929880413	1.35277649394145	1.87680715861056	2.13903824451287	1.72313547751208	1.110882194139	1.66440902173339	3.66036083151654	1.35901074190432	1.12768622715329	1.93839481254068	1.82190121355527	1.45668244657101	1.70396822367261	1.08766615970426	2.11311536027198	1.8452405610174	2.69707099921123	1.65956505815796	1.51961395275623	1.86826394949974	1.3187948395802	1.14016758791537	0.99089916892822	1.04942848057113	1.29032157133551	1.36485789868048	1.27190406480422	1.18987517535888	1.53752652580477	1.22256738505565	1.8539769615815	1.43946832111074	1.3521491128204	2.41824050883929	1.18147444197663	1.16770213445862	1.29110883138972	0.994326332064205	1.81375934167907	1.55773790091201	1.11527553693917	1.22970368646637	1.90889836606303	1.85541739682228	1.82424976189856	1.24782102885079	2.06895580460105	1.13449455557383	1.27503712114138	0.967047632434281	1.35100750810888	2.20697948728709	1.57851675592527	1.0923559439062	2.03345764832584	1.76902010075867	1.09262212667988	1.08036371301687	1.35549897325235	1.54534004716657	2.01092494210884	1.32848192325532	1.59121776550991	1.15099968374428	1.22028221453484	1.27221464416022	1.18420966896881	1.04643084095616	1.51933357968032	1.24748268286924	1.36747066938092	2.55865744968138	1.43941487550495	1.52880162412547	1.39130744290414	1.21073947191767	1.52837107973812	2.20887517884808	1.42082748224767	1.15191822581099	1.22971825375646	1.09324005375688	1.15378459538178	1.11281054402963	1.42768631056626	2.00156311611837	1.1641917559771	1.07474042099559	1.14877705064077	2.04457934676379	0.995888230631133	1.8148977100903	1.35103717829151
TMSB4Y	1.78799611368497	1.71143221392481	1.74978240885432	2.43483034481475	1.74949289228462	1.71857852386462	2.82614890643123	2.14522017731229	1.71904760189609	1.70056766073247	1.89894878008363	1.70056766073247	1.75319312708611	2.10472830895314	1.71532399155803	1.82305805269025	1.70056766073247	1.87239931415832	1.71463211267993	1.93663937990657	1.74155458789356	1.70056766073247	2.24501718538306	1.72680927718787	2.9795723652239	1.78298080698765	2.21046512326129	1.71394068751917	1.70056766073247	1.74686304779627	2.91048674957098	2.33079965599953	2.19465946306035	2.82592083164026	1.77848820240738	1.84275974459569	1.89813233064118	3.36776967808353	1.71498375092941	1.83054082932495	1.73542415255077	1.71098726874109	2.54742283635962	2.06401964274449	1.77817044402991	1.72450720854376	2.66771946477835	3.08880480942244	1.9629825360425	1.72034742797899	1.78230214158103	2.10194354080844	2.0573514128905	1.70056766073247	2.33970130441427	1.75338286973694	1.73145946672079	1.84072617592039	2.07262032301092	2.23662664599256	2.62946048203515	1.77608042317215	1.83645060398199	2.53451898150913	1.84276094705064	1.78584127610071	2.22396557033206	1.84957202598429	1.70056766073247	1.80222861748025	1.806886464934	1.74307845183534	2.92027560641396	2.62646107991907	2.32690951598346	1.84657553262625	1.82991246393966	3.15505208435735	1.73569403326034	2.71366500879668	1.70056766073247	2.29046805984739	2.23187149111798	2.15580449571438	1.70056766073247	1.80322630943874	1.9068381609372	1.84716230832607	1.73389402400157	1.82664945043592	1.83227791555836	1.70056766073247	1.79612586387737	2.03679326763757	1.70056766073247	1.70056766073247	3.22410082795193	1.75966574143504	2.06955029059761	2.33566949061213	1.75726352299535	2.11211534936397	1.76471562212726	1.94674569574691	3.07383369894559	2.35558946043426	2.0043819199713	2.38688057103996	1.79649810019102	1.77462727932849	4.06235029284333
S100A14	8.38919125181568	8.32424786454999	9.67949355228509	9.26462929057024	10.6471926270919	10.2120557432421	8.44745087077352	8.71938360917959	7.27933377305827	8.9121467074506	8.94043320208242	8.10657903599508	9.64852867930666	9.67645926603639	11.0208575363034	9.75348737166669	5.28172722895148	8.54139908066097	8.94379878740003	9.87315321575805	7.70356601353737	9.61212454753167	9.98790891216268	6.62748431201208	6.63840525153966	7.79987912476494	11.7297320156246	7.98805422119215	9.63740051335876	9.26687739527261	8.55500193399018	10.7951016887639	9.2352186962544	8.80989711931269	7.70981874302812	9.60336666287218	10.0925347530039	10.6848060032159	9.88458703716816	9.66327032830817	6.35903966396079	10.7049050007871	9.33251515239453	10.3268735137875	10.3070187800057	11.1644822055238	9.24551753551866	9.33515182216126	6.44980990278598	9.15231810508024	10.0879692729532	9.06762362474644	10.0179855514417	9.51933667493819	7.99069409420734	9.6853418421965	9.62653567714432	10.2908376374605	9.63832937876431	11.0439606725144	9.88059204969039	9.21413505598362	9.96415096687586	9.61210033957281	9.62262642846792	3.15129690349343	9.66339952396284	10.8539713046351	8.64269879896527	9.90158931007766	5.71888252952173	9.31653120443593	6.96563257609244	8.91876622636092	9.69439458862363	9.23866060813632	9.5474282141458	10.8134825645962	9.63698212802996	9.8318596984227	10.2058857373365	7.70473661834042	8.13392373260374	9.3713932457814	10.4042968557926	8.81095626064366	10.4275269322807	9.70086762132887	8.44499239225214	8.41362846712278	9.77339833702161	10.1551198540657	5.96859711511111	8.82486912847731	7.6086199983532	8.82048050826887	10.5954042397949	10.023491113378	9.71975875224902	8.78870026169472	8.66830038695335	9.512700688434	10.1515480648499	6.80989310319328	11.0037048356031	10.3937163917694	9.22044575544404	9.35697239892074	8.39932981421111	8.80004057591012	9.82833306364914
S100A16	9.63272680034283	9.90083841276054	9.8068934258537	10.0900255338077	10.4935385962826	10.825081448474	9.55624145956848	9.12424313062481	9.59001613487296	9.63731943409187	9.56489926966075	8.91245947425205	10.1567215749516	10.2165630129283	10.890022332933	10.6738185782982	8.63623218042095	9.73904651630746	10.2317827193502	9.71528055053897	8.8694856826975	10.1640726441054	10.2250753208969	9.16773947392223	8.7772503372572	9.12518781113685	11.7160855657662	9.69017247397506	10.6353676934409	9.77803726214638	9.09772180250769	10.8936479491388	10.1743329498566	9.46476384223695	9.56691014568098	10.5479659739083	10.3323717262346	10.509886296181	10.3065946053726	10.3384158837853	8.97307046454754	10.8376316040969	10.5564141183749	10.9988044923584	10.4892769384536	11.0646828323309	9.80684279886519	10.0252684359314	8.94296266421349	10.4976137834265	10.8889803603246	9.66654263940203	10.7613411053548	10.7031776079551	8.98621524686216	9.40625290532695	10.454247220528	10.48781860784	9.93424496951403	11.2024253913587	10.0063022481628	10.3926236835945	9.94598547273645	10.2454249069526	9.9359046695268	5.34785500511717	10.2815574934146	11.0623589650604	10.277980211589	9.94282753063527	8.19239637460153	10.2540196458528	9.52163046266748	8.82890544899552	10.1352359413402	9.89710498572607	10.2095153728489	10.7792927960849	10.2885123811956	10.5495288408069	10.1960042743289	8.98046352163171	9.44610344337291	10.1680824130687	10.8721741730918	9.78760703963988	10.6039622377289	9.8253418732487	9.98263482990864	10.054791511246	10.3778320756844	9.92164071168401	9.23074745837468	9.63936303752113	9.38062729526095	9.9060219135923	11.0251495208723	10.0608114536507	9.99267130541517	9.65044893197837	9.77962387414728	9.79125714252412	10.5181522160193	9.10220587379409	11.2784151414957	10.8451730912367	9.51529105940001	9.59986145694168	9.41671507347776	9.76606168998875	10.3153950234041
ZC3HAV1L	3.85897247511957	3.97196946113872	4.58871447862658	4.72829512272033	3.3300805707424	2.89554256357806	3.9337233795254	4.23001484975398	4.54833705938689	4.10435521771313	2.98357690506118	4.1572883811283	3.17667417280297	3.78372838395799	4.20991148646114	2.40352543302558	5.16728890993721	3.03341742003065	4.09792556198555	3.28867546377371	3.24129589132212	3.90547425083464	3.67289328118845	4.4817263683035	4.69672592745037	4.21397184231624	2.77106618544429	4.01265355126338	3.89828019189444	2.86011896175747	3.50647439964151	3.54086699944758	4.09800626366297	5.07286122627299	4.30837131126391	4.20144225156196	3.49445438000373	3.52647588926513	3.54299029410964	3.14240686717287	3.83443331925163	3.79975983809616	3.38468836883143	2.47740388579563	4.23766872698202	3.85915213948407	3.89057281710701	3.35586125955316	4.76340674850905	3.9157209982132	3.96591454691697	4.99252659223296	4.77398907330681	3.7872859115927	4.44059360743631	3.73205157151537	3.60657483957533	4.6046761782813	3.09114880965308	3.30572820260109	3.6616570628016	3.92133556862883	4.12362398244386	3.58045330217446	4.87211426291895	4.77351991174202	3.04375093029865	2.28495165617696	4.0232300486233	3.03906002480306	4.504394121928	3.91384891491628	4.48321157093025	3.74726754645306	3.50815089454676	2.87103867384718	3.49400341349573	3.36340266217438	4.0822074238411	3.17618250617832	4.17552439981868	3.41360218266556	3.37649995063106	3.76494216614809	2.62761178695203	2.97787118302524	3.38495784520703	3.20326866872397	3.78657400896128	5.00112046388245	4.04873765195211	2.97414656655986	4.19444332749951	3.38924637458715	3.68076080125695	3.99820706257593	3.95384431663327	3.20474788430818	3.01039990978343	4.15308190683251	2.85683552335229	3.55513685037972	2.41005893677542	3.7417644152377	2.5673101940895	3.09618948277997	4.67726755502254	4.20534778627526	3.02181069020384	3.89030969161801	3.61944775219665
TINAGL1	6.76260236881362	3.3114628802255	3.41797246759481	4.5829000432421	3.87239588859745	3.68204130643324	4.21734222551016	4.70243526034799	3.90885270819437	5.17125190303803	5.34621200986447	5.86768412977359	4.42666800199567	5.74486824133289	5.4452335360067	4.3301031962892	3.11462931281054	4.83092621095616	3.82703515091668	2.76625050475187	4.43075115821356	3.4417521323179	2.9140950182362	3.00327174782568	4.16337211390052	4.68318312431954	2.77046372007439	2.54503144514674	4.10291569866661	6.14147861297598	5.50329554970639	4.0516188334099	3.04341842797289	3.64086973072698	2.94345144357189	3.04631633051435	4.65873406172082	3.33771746803656	4.80537081345594	4.67968588940658	4.35613830242955	3.15262652342863	3.87255752372364	4.12346631901154	3.13438274800361	4.89390152993801	3.99543811390406	5.34533463747546	5.03285132228437	4.67595811557723	4.69454487423346	3.58770420760294	2.51919804642382	2.43316105421627	5.97823500503602	2.77304259818546	4.10865754181296	4.12980887420802	4.20425340973149	3.94836638968101	2.76597824816113	6.21248600058169	3.98262808311524	4.18247201108834	2.82410543767372	5.45783284102992	5.06625121711497	1.48471667791367	4.28268652608038	2.22035075254247	4.15703436769444	3.38088557632389	3.1216874787186	5.69021759298128	5.10621032028893	5.91846543099991	6.41007368595537	4.76345924589535	4.35678118830618	5.14822270295416	2.95789113849782	4.14323223899577	3.75250508042688	3.98419179494473	2.02427805481574	5.46968456851568	3.13203720072353	5.52679799922173	3.44137137087806	2.4627206880793	3.51059662756719	3.8886399148124	3.30986940740649	5.04707235466963	3.63824732287594	3.09074924454302	2.81306030439528	6.45918808128117	4.68246527024677	7.38754579719832	4.89199023553414	5.52710217600358	3.4759968020139	3.45297768258139	3.00702683291216	5.21478574379614	5.655540556772	2.70569486448878	4.73149097009388	4.46738772979533	4.49401019146899
TGFB1	6.13652910101553	5.78058184386156	4.99185507690184	5.27872587934441	5.79501966172029	6.00910565884066	5.43007638278117	5.43893963594624	5.52994034695138	5.76200798003425	6.5582024035815	5.42578648814859	5.74224137832358	5.79154236888119	5.65138632909335	6.16877409210784	5.38170660152779	6.12505072086969	5.52351806730308	4.07635851910283	4.3461687877638	5.46992989198129	6.5134738214863	5.41269075201187	5.5470151244299	5.2773416189452	5.24673279853948	5.16179713032814	5.71474036965998	5.75278914562613	4.95675562323483	5.88053574886322	5.9273893259893	5.21648527023525	6.13858596312053	6.09954031051422	6.62178820638984	4.58423444720605	6.48934664314071	6.21317841856028	6.47228274474069	5.14420401164264	6.01284792957251	5.27472739447798	4.9788350335009	5.39506446998357	5.66990341923101	5.95261411455474	5.81806408540919	5.85226155463234	5.55885325144573	5.41211966664744	5.12684386051908	4.45982135606125	6.25311054696046	6.34425201771742	5.54892290406656	5.89125808728949	5.3203307886422	6.00228802639981	5.60249672414603	5.53339637410428	6.3773323596507	6.07705734480347	5.97183476554659	4.49184334828979	6.02686986528825	4.64237358683983	6.10755819811318	5.60585016726044	5.23026070817169	5.86687709926221	5.37375667964086	5.1713777406692	5.90054206276923	6.70522794254202	5.2885016889066	5.78359909630896	5.70574436626844	5.89539981526199	6.15759701135452	5.22564611646245	5.77444348410008	6.10739275166935	5.47586472117662	6.05589973998919	5.94309616557343	5.66501782734814	5.07678319860729	5.17272250069161	4.43808636308448	6.21368490949385	6.16387553271373	5.27545131598682	5.59925415190464	5.06147503246236	6.76973433806056	6.54430658634963	5.93260417555862	6.14343452949012	6.32683652351009	6.06589029029398	6.31976721416633	4.99066038301345	4.37227337264814	5.86569304193649	6.15546715957187	5.22665863691081	5.71777573309629	6.50266371153909	5.65818689138252
MMP9	7.04874521921623	7.33190079613731	6.80686201817609	7.2854850643295	5.98963445686218	6.48409521848533	6.40228175976815	6.06329681353908	11.6463259803889	9.61577058708814	9.09095128394317	6.61706988233735	7.17905945059905	7.29313168132739	4.54889810436429	7.55380346372692	5.6484484450851	7.85239494009956	5.82119036849649	3.73714375824759	7.66057870739761	8.54383260254427	8.81851752076955	8.23877753503684	5.25706029971692	6.64985447626055	7.58134889396972	6.20177991430109	8.57033753317977	9.00059380482045	8.92805945314674	5.03362576976638	7.52014937470806	7.5519132022624	8.59671173127409	5.17358005729226	4.92822616266592	3.98191831090499	7.78451606202501	8.59647737932742	7.39740857094446	4.67164027466496	7.73920451985611	4.4449793404281	5.27953588753472	5.32820643452797	6.97112324114365	8.50841180252631	5.41780687906139	8.28714955297129	4.76770133106641	8.52162383916021	5.52928511855917	5.23354269054379	8.98509208019254	8.21475368601635	7.5557290782758	5.82425930064094	4.43455285088928	6.7048610606615	6.78611860558929	7.96125945505533	7.17728377653635	5.67510932111984	10.5266525554478	6.69059864167515	9.38615571091063	7.26196002405357	4.74872680131767	8.11768187276073	6.7671109720188	7.60268977628274	6.50293056962666	8.6585036771989	6.23610124740295	8.06983015425145	7.3498314568465	7.8010432737249	7.44632740827727	5.55463839737332	5.10894592161052	8.2160763559088	8.16489523944451	6.47271454588709	6.3682611906928	7.51928698802073	7.09062399085144	7.12125281040157	10.8198696735432	7.08803352838563	6.15003447181641	7.26837063369855	9.91696044040133	8.44265123955615	7.72107942967767	7.36455743659675	7.44287947062799	11.2841935690592	6.60434139465222	9.75046887874377	7.44708628264505	7.0128069896815	7.73865853172491	9.75549973441184	6.0778127492483	6.21020521026827	9.75830387186732	6.10752002047126	6.63482980341244	5.85766412288211	4.84448589028984
APOBEC3G	3.95665351288787	3.7989046237325	2.5676294790074	2.67714882048182	3.73034733809862	2.8586305407064	4.60718810838712	3.05685730763973	3.18034022696523	3.75616782845168	4.24293412435071	4.34734120068683	3.42585011447357	3.67237602099107	2.17150746289144	2.42529399299709	3.58529787012066	3.50913944905069	3.95780787676387	2.21903800726222	2.73868503906211	4.37212223076469	3.60399555404964	3.25273904511474	4.70199201683844	3.62742244648155	3.19728557045843	4.49070671422538	2.58279962081198	4.23687531863048	4.7852117501725	2.82980570925994	3.65477297917082	3.73397385823152	4.32995201960007	2.82591442700604	2.89495376629363	3.19250356205615	4.51619686835935	3.91882815443871	4.19524076490286	2.77096518577905	2.70750439368039	3.17533360064265	2.48804439718516	2.47702255244024	4.81928034446718	3.8897984097013	3.66459762341254	3.88110983947981	3.17412049968882	4.24399281165893	2.62930239101637	3.18263191575318	3.155699443368	2.46889063056031	3.0618139235103	3.36690605309486	3.2640588158399	3.63756412439134	2.95559704295664	5.08557091423965	3.25667257297964	2.8990478016447	3.38580674291172	3.56690878781335	5.52713608285283	2.55077224590307	2.2442129973167	5.06842435662022	4.32962046791828	2.64686031201699	4.87667755976599	6.27293759573128	4.42800530864669	4.79459879425743	4.30510302568851	3.18650832967458	3.98406738986149	3.28471204875345	3.35536696729654	4.22823985621418	4.64520789379509	3.75026692518277	3.00501011998403	4.40314439439083	3.13469630136964	4.53386520085716	2.72030478430873	3.23215749324564	3.84995512871342	2.95158562502458	3.61303712329561	3.36056805213011	4.81702606656534	2.71184809258321	3.20791762589747	3.11533121100388	3.41191800812676	3.5568683182525	3.81594565347138	3.78653414746082	3.86946547392782	4.38821199789559	3.0231737660337	3.02917339431365	3.41067590799441	3.78307972915048	3.97775186288691	3.28180592979612	2.43627433191431
FABP6	3.5955322407548	1.10980915548066	2.19112643674086	1.19551448091605	3.57791060730884	1.95053518033294	2.16497522496968	2.99090042376809	1.50696375446064	1.27855722043534	2.96919271020974	2.91660692320492	1.7853496618867	2.14434653202642	1.01107688332813	2.23176996707824	1.00537000925084	1.43759949577764	1.38353766004844	1.60491251799676	0.984866954568966	2.19451880805119	2.64139433300019	0.890211300194601	0.893083005604359	1.14191383888554	1.92697790257798	1.72293287327779	1.31236431974917	2.88927327276513	4.10903003939118	3.1943806692139	1.51601273035465	2.09245189960347	2.57271937990533	0.949833744778362	4.53144458358259	1.76488340686776	1.67092796889275	3.7740669447478	1.07188088409769	2.37997332292541	3.4354749102819	1.05351002460506	2.57265809965202	2.78108887567936	2.87969781575704	3.12405554460156	1.26511772223271	1.37996745514866	1.58621299566449	1.29342558262102	3.54462625643592	2.22244206092937	2.72880736627931	0.999184904065727	2.91214306924013	2.57770423865658	3.57586785451021	1.22540461073025	2.32892123983848	3.78388640270661	2.02192021104701	1.06239144984898	0.982398927232047	1.79377127415968	3.74393389046439	5.75369588808408	1.37043744671978	1.21334668624393	2.34941633333419	1.40482509673266	1.79352745235812	2.58362873052735	1.31510720846742	3.23806734522395	4.17417772839955	3.14215970644485	2.53795389444404	1.59048967182098	3.90511137941055	1.43611169117534	3.03383047617244	1.88851561650318	1.51613112716292	2.05010368240907	1.47108595301808	1.76608949248745	1.75474487487881	1.47956877177716	1.28500022191672	3.15818574746181	1.11528754732354	2.7733680308993	2.75181331353428	1.45119131852609	2.26284040943665	1.74277291819078	3.37789332517833	1.98811523449742	1.29289776093162	2.49115375086043	3.34129506454106	1.32744661758354	3.70108166906545	1.93675508110866	3.3210606489357	1.17109091341262	1.53356751517186	1.48231136931686	2.48725622020974
RBP1	5.24008743960916	4.43371205630322	5.56494990462725	2.99384412306154	6.5257862121787	5.93432573609677	5.21716736688507	5.57240610999114	4.62270739324432	3.63358457864133	5.59552212157786	5.30210516313464	6.44248394073898	7.06891424452597	5.89104931654582	5.12845105611546	4.43697327011534	2.68954449750048	4.19143062841603	6.49236507294201	8.46286901608569	6.04715519921046	4.16935470238565	7.10657491257685	6.71120532956832	4.12478659753881	2.99758483491235	5.96848956189906	4.27565802488867	6.202687509305	4.10053507118302	4.62477100949341	4.31713415993672	4.57407889784827	5.20267515795584	5.76333840219715	6.04825917508266	6.31837548775164	5.04490605691501	4.76764418672056	4.43815722727174	4.31217146923045	7.76115983049619	7.19835267381152	6.62947337797362	4.00976182998055	5.6123894089552	5.69024111797449	3.77221580131324	6.26954721274459	6.61167209420579	4.78116083015996	5.12900628151034	5.36055454522789	5.22017131999077	2.23220881898975	6.61059549688321	3.72850412136268	4.65359065117186	3.25076082592588	5.41145545017258	4.93643214561093	5.72285673520504	4.45967861541269	3.73471280225384	3.85333495852038	5.76860116670085	5.26860458604832	2.34591995128756	5.4944327869209	4.17783691282293	5.21403038612104	5.10909768561493	4.81036491073086	4.77168392205353	4.08471279561526	4.98316603047342	6.93113080984388	4.59483555996493	6.52359483737037	5.60783079951452	3.6060761538532	4.4907302150395	4.95936621128116	7.27677086670082	4.96527737202188	5.82492451203528	6.22406659864773	4.21224724431569	5.49606894596996	5.90892458752216	7.24310435561603	5.15451262325988	5.73293895094031	5.33198713505949	4.12672341269975	5.88201611904364	7.14919202658997	3.54953338470761	5.57857264818852	5.89053072103284	3.98626775813555	5.9306690780833	3.91098158252157	2.69833661254974	5.73262484435252	5.22538558255352	6.99815131705413	6.05519473901678	5.54801922025937	5.26390256658378
TLR2	5.28929704276433	5.79235479784756	4.48202320646039	3.71625426415686	4.66055072008233	4.20084262712445	4.40552887761258	5.14064302752955	6.06981718811158	8.15142595492105	7.47853956333365	6.27198911089917	6.77420782120571	5.63605243462488	4.09460718030263	4.46596104304493	5.54530552979202	5.04098913211203	5.07325506564531	5.06936276512095	4.34768158855688	5.86831979688793	8.24185427304781	4.8385903563373	4.86889761485637	6.18441680504501	3.83836360170403	4.40921243741445	5.57975755085059	6.09082262797548	5.65903469438253	6.08053360313974	5.17845950687294	5.97427065958279	4.80586376763626	5.15093276134837	5.56083758484372	5.75934389605745	5.83540320593986	6.12934226013613	6.26795401220562	4.15896790742068	4.33251959063421	6.05629816023585	6.70688080630981	6.27832098345333	5.04861855494711	5.38377153011954	4.65599198286909	4.77127640163787	5.12398915579497	5.63050209828646	5.19581707679917	4.66393924022026	6.06603759414444	4.31527767618945	5.25469403456699	5.38999245311347	5.89100927307555	4.72247938812656	6.31571508277028	5.04142007186333	5.27742577852014	5.72118596184292	4.95831506809244	5.95547214581868	6.08228140729916	3.70629531085487	5.35876824303324	5.93740468554713	5.8095442048261	4.92634063678969	4.83207743440507	5.46308239475622	6.22011264544077	6.23979037742612	6.16853360201718	4.44427030402982	5.38136472114566	6.04314540363453	6.404674963966	6.4981423451504	4.50787867346327	5.9986350468416	5.95438399644899	6.14199241934023	4.21763174841737	5.62562255204592	6.47871082389697	5.84055265217631	5.73326254832607	5.02698407374647	5.64038746694358	4.88548121982962	4.54220652223255	5.37897233637921	6.55373649550162	4.98796825796048	6.08029954204269	5.22685202320653	5.75303913005978	5.47499938802456	4.79307848622409	6.09951383647315	5.15957364500288	6.76215932260796	5.36498562926064	6.64259425058669	9.471410261747	5.28988936259898	5.50250542787433
PLAU	9.89717274262819	7.56409486282798	6.41314799980821	6.28191405738161	8.2109004489691	8.93747194037748	8.09001612543648	8.18825002858585	8.19640548358373	7.79394015774122	7.77846357055177	6.52162193564579	8.09445625146588	10.2381960342802	8.38263250321262	7.79839394628697	6.99906958925711	8.25212103137482	8.64902295538304	5.38921735363033	6.03097035469368	6.96707260801006	8.67340993932128	7.84131620592572	6.58499493192083	7.13706847109341	5.07539610478951	6.8914812297844	7.00859576600882	9.55991064413225	7.35589427370114	5.95184944624737	6.67000898928157	6.95521773946082	7.9358722914607	7.40374830106419	6.76149990750193	5.89048988416184	8.71792943964206	9.21117941262359	9.48039827534893	5.85155757067667	8.96006446662913	9.5249788879495	5.89508289784028	6.8971865679635	7.62287367521339	6.8910860082738	5.91763792496836	6.7648614187978	8.27361700854081	6.01982279632963	8.58543976483999	6.40486725657252	9.24580961790914	8.8017789744545	7.37361311893567	4.8765036058855	5.58359621078518	8.51832551816314	8.40502516530547	8.23535276321103	7.40256427294079	6.28194770380798	7.31565898650045	6.24207889073192	9.19306812480221	4.82029302061315	7.6091489929631	5.67164998362489	6.03058235724838	8.92291810239944	8.06467948145712	6.43683150706988	7.92995905340565	9.53104620916799	7.46406846802498	7.95612842102042	7.34738791166774	7.64171476873648	6.87605152110549	9.11221721857565	8.41815475635969	8.09335641499786	7.3290903642019	8.21784188502668	7.6030629674073	9.14146685327261	9.17918452107456	6.81141811172594	6.77735154023812	9.59130703279718	9.24586925512346	6.89562236623451	9.69412193555914	6.59648480019467	7.97026381248977	9.87088865911293	6.78334389387582	10.1306020155124	10.1774120689119	9.14143721086303	8.60503165433927	6.36949001191756	7.20538382864839	10.6476326236835	10.5200367036177	7.7212082633889	8.03841094865208	7.90355319651534	7.67720204770505
IL1B	3.52858544396389	8.03131722318748	5.20806022010196	4.39556614112673	7.14898983125036	5.8060892112606	2.24611453857443	6.90892435687798	4.04829493244796	9.42366834049691	3.82172237086817	3.40592299049787	7.44346409463939	8.52922034462252	8.47393740875006	3.47952195687974	4.30594281661663	2.99016137299309	5.33759813309511	4.58664414092499	6.01167304898723	4.43048593841375	6.69076405305456	2.76641564721103	5.23892752018919	2.48632766738727	5.98266435566747	4.96829539938513	5.07020329486934	2.27398753555318	5.55734061624088	6.31243662099688	4.30194331155611	4.40875395438111	5.24019515379488	4.57368431650838	9.00588495845204	4.58412543277935	6.92865770607841	4.75896408255172	6.19207628336182	5.06563620813137	2.52207619348717	5.79284137350426	6.51351502055695	7.18129333393219	5.12341663487179	3.283974897037	3.49508572294857	3.4887433034993	4.14928659665451	4.75330187324244	6.61047553128373	6.34951974395321	4.00324980852261	4.9587471921373	6.41466135769389	6.36419148063443	4.57946597617444	4.95359436038815	7.90155905524995	6.74013381534245	6.63102833664332	4.79050331055985	4.15960807153965	5.29901120201994	4.44288940532902	3.81582511392054	3.30773310590043	3.17016194386949	3.11292691745303	5.42302657052765	3.58467920702212	3.32175109789108	4.61637010677854	5.79179998572779	6.14551940452133	5.69220508675065	8.37720305105935	5.83493819381838	7.32385987694225	6.25854533064187	3.73111251141697	5.08162891265132	4.90530869039559	3.90718291711044	5.36577413638315	4.1170991247479	7.63113279231624	6.04503176333048	3.89215573002901	7.32066844446651	7.18788552646388	5.02852998478227	6.77671812659801	4.16066299720053	7.74065671864115	9.96371153968785	4.76195270589829	5.75887969973702	8.72400106486057	8.47963485022159	4.22495801587213	4.96727111421779	4.85405814363741	5.39826305676201	7.18643112943242	6.47367692741712	3.98684117659706	3.13517858747403	6.46822863165888
PAEP	1.64058999417206	0.845677372996399	0.959845393681707	0.842339994388708	1.04582430605603	1.53017501823659	0.854588713094953	1.12231845661912	1.06952245185277	2.73515783079554	2.05151172000223	0.991725590079537	3.10777599137363	2.25381216188025	1.06379604605332	1.00397611485923	0.889423699183706	1.51500397784629	0.893407160564536	0.946516764472718	0.933272975703076	0.951411164385692	3.70340189994801	0.947842800004098	0.898611544704394	0.956213213266479	1.20101904563486	1.21498829795625	0.859338618507349	1.44883702159707	0.91852122762018	2.33057294773478	0.86468423358286	1.30463463681995	1.06103640893641	0.914640147421214	0.963892744355703	0.845898814927758	5.23061842059459	1.74661018943449	2.62591971626675	1.74502440812661	1.15037912505568	4.42933051541552	1.13497567264253	0.972289684325252	0.959845704313189	0.973370300069676	1.30973400149927	1.23516649386774	1.00816149826423	0.828805195912772	2.40358317748682	0.849603454098726	2.7706934660778	1.98427756475868	0.953395089432065	0.893653733770079	1.23338648672156	2.25065085918581	0.889640097530107	0.89993805424463	1.0544258229412	1.52912729481421	0.983706346625209	0.840231095280045	1.09885501817293	0.828805195912772	0.847115203408523	0.909297565326919	0.992931082126213	1.76868322990777	0.903393271766895	0.903624335749287	0.910907770731519	4.29889459415445	0.875403461687343	0.955277612975658	0.90979585766596	2.66922915950702	2.28954549163336	2.13089452750449	1.21070243337804	1.01755922758434	2.9023940783458	1.07868051183029	1.14537077446649	1.28460303221228	0.94679580755294	1.10230127160034	1.17442473067635	2.02993845897038	1.09932202313869	1.4832190002425	0.982462570919047	0.921626870223349	1.0844802372356	1.25788698720249	1.77253889221057	2.46408941665192	3.95353997945789	1.43371111383501	5.25653938026736	0.888654093603225	1.43252658839051	1.23048610945736	1.98043637874659	1.34440758122882	1.59914376413914	0.921119988852761	0.931799636911362
DDX58	5.55546363425226	5.26393687558524	4.71808487563321	4.72368112523967	5.91796428264961	4.1594747612713	5.32950435865411	4.7010961116246	6.75863823396611	5.49417456637835	6.44386163943971	4.94695148713314	5.88040196664119	5.20638323608686	4.74636593825796	3.46597747174912	6.82996136871624	6.73998082658929	4.11213610152003	7.03441023141881	4.71637501469572	4.85818922963162	7.7294143468304	4.14204574284827	4.52695962641999	3.56405259209885	5.37438735498894	4.58809919194623	3.67302009167449	5.45752668525938	5.0981339403564	4.94750029863703	4.63277345872397	5.94614532979018	4.17516219947371	5.85083715354488	4.3854232052429	4.39317883096425	2.96308538172659	3.98718388493189	7.61201591169141	4.13585412497152	3.81933887014234	6.37773946773432	3.29630556726773	5.16559534694892	5.54152307423241	4.38934277063545	4.734230229059	5.17116252031289	3.24148729472359	5.53860678480962	4.29694096173599	4.3009851517704	4.83721950719008	4.95335508969222	4.17254693555479	3.63598511554498	5.80985761666337	6.87740924913375	4.61035450485795	5.27578766094192	4.25625770386746	5.99590745900438	6.29970195924993	6.4858769620435	4.69181097595446	3.35704826694826	3.64319332093517	7.16202864612743	4.99685342694171	4.65180834402285	4.019744273972	4.88691460903523	4.36013418172098	6.25297141449239	4.7930768122033	3.65517249331632	4.51395414385647	4.58082758340602	6.00812084625325	5.60467305725229	5.49106706783282	5.22601180245644	4.69354100367723	7.31362998940269	4.52498796768364	5.29636093714225	5.18390768120219	4.19936887580496	5.4456686118905	5.82492471388161	5.00331582454724	4.37793245736572	6.75755769456855	5.04199298736178	5.60635886768915	4.57633152118163	4.88199296080452	4.80589408143315	3.95098968992085	4.79379250362103	3.40379423627699	5.92572768639914	5.85507098507962	4.86681095220706	4.69206191299712	4.93004166286982	5.79199891964844	5.22836693145911	4.29442736411064
IRF3	6.60645337079432	5.73417488718848	5.58842908483144	5.352385956245	6.77728763615272	5.85323113647148	6.39686090753792	6.51002487380598	6.03288028398856	5.38760218665343	7.07425119057447	6.57626665538832	6.56588818825491	5.5357204931739	6.21485470531445	5.59687124428658	6.12641761039885	6.2806671902345	5.41642109747875	6.61081082316293	6.57014316082139	6.60338618332662	5.97233487086016	6.13137921226112	6.28191522944318	5.77682977043142	6.45524041051767	5.84606928191299	5.873692927688	7.47037422586225	6.74009493902223	6.3587663280594	5.65908165695019	5.76824402342847	6.03846388032019	6.24857695831434	6.55590104156051	6.35689148097802	6.11640808026755	6.29366187714001	6.09125062213422	5.05627451607	6.8577352351194	6.31756197898356	5.8963086310664	5.31103904696372	6.31913328950878	6.07627325243864	5.93336599614569	6.3591121684056	5.00406247698782	5.93577339396925	5.55997724461663	5.70275619631812	6.3022854211537	6.80971776955642	6.16274027191051	6.14730075589973	6.77371974438606	5.84371232650737	5.86831009214153	6.10432425888345	6.04593876677117	5.42334710158335	6.24038529776425	6.38685220328315	6.55998120180457	7.26447738051781	6.86629197597796	6.70047130258436	6.26740744612538	5.57606863803771	5.98849027969026	7.02022156328119	6.57932157234635	6.4351168475153	7.16951829124661	6.76941912436955	6.20649007891254	5.99325480150579	6.17899575364744	5.43453988639441	6.05978943746934	6.09066223026757	6.39215426464472	6.68813849945629	6.53022638792691	6.55867161063796	5.64364344675908	5.36815956174694	5.66933576885427	6.56820631795834	5.59573656751264	6.23079277895771	6.02354266748523	6.31408249443086	5.60802369118352	6.14973581117396	6.50803602817187	6.29682645620031	5.94006212217522	6.20499673845583	6.55969782752768	6.59599111481309	7.456636938281	6.70808443751669	6.65937971139182	5.38805444633296	6.33104770912768	6.25568882945543	6.28669561461988
NOX4	3.43041085550947	2.70290371357021	1.94775445836818	2.71108595431708	2.8780497014892	2.25651295123721	3.08696382950052	2.13771137342527	3.34837892357729	2.5424629334562	3.76212282566146	2.32289651065328	2.540886194453	2.65277591796769	1.91727413814932	2.73250405653163	3.21471683205962	4.56194486844107	2.35827679492087	1.74124184632966	2.6970475715521	1.93412329131425	1.57757111681448	3.30551047968283	3.2088859132045	2.38541653820329	1.74061386429729	2.17288734050129	3.69359614049076	2.94542410786907	2.28928195787246	1.82752609664285	2.09149339556996	2.55711224397852	3.850261738197	2.55563499039313	1.68609046017016	1.58440735673838	2.12036900184447	2.86756025346909	1.89831368888575	2.83429424509345	1.76934065853887	1.73487815746494	1.81056517334764	1.75337638856254	2.59504563929025	3.52396280078658	2.44548750775999	2.85605777081926	1.61792819644515	2.60750551062886	2.62603922243215	2.16171917647666	3.04270355456158	2.4927289427473	2.6443882287921	2.45494124801976	1.95031142495132	1.91130009610098	2.08284783623319	3.40553714133274	2.05293531554392	2.39129398855569	4.11309853671148	1.78999691248087	3.77320149148842	1.53931272541118	1.89226864671903	2.91480713252904	2.11882496448972	3.02876963264651	3.72713717428939	3.33236323618112	2.06378245649035	3.5712221704857	3.12925264165481	1.96553595602969	2.32532764628863	1.9946167776598	1.65365141575126	2.8902916891988	2.57094110257798	1.77211074655377	1.84097004235878	2.57195557758733	3.24480061437242	3.05625233946572	2.04033029963853	3.10048355821243	2.1096571025983	1.84878248203868	4.01485512392038	2.01053009157354	2.61232101496185	2.44915622984948	1.82561040850172	2.14966599244872	3.00851618931567	3.22130760624057	3.45149818305173	2.53383974899054	2.64207528520491	2.55019028686652	2.62199109883295	2.17615267905243	2.61807244896098	2.38514149178025	3.06773723492693	1.8686368802865	1.87216023977832
LTF	1.06766984082668	10.5773063681103	1.23830683199145	5.25250785328705	4.9048627940386	2.73255628015035	1.42438806107926	1.23938670878232	1.06464914623049	7.82668440563458	3.1649182903426	10.8585710544607	8.78479946474455	9.08083781016825	1.02914514051436	2.74673885229029	8.50075175182045	1.37136224958057	5.9606015999421	8.69585961217	3.46719635645445	9.68781736704526	9.14065706853244	0.997738990010748	1.37845570946982	3.33100730589764	4.04624506854609	3.35569301690236	2.72549395639741	1.00522478648887	1.73953938853341	8.77189061789616	6.09677408710857	5.54115952411371	1.02887605887791	8.95865098401023	9.69698139603198	1.18339228914957	1.34254119538844	4.22080102702434	7.63130746186305	2.43141651488632	4.75052763505728	1.19949481765034	5.5752394999805	7.09603302710113	8.75760475271284	1.20789191853358	11.4304053851946	8.40849643207997	0.966033637760681	11.5182305416692	3.96791626374226	6.08312546507593	2.51422483385351	1.07997870913828	0.976267865281971	3.58341676775611	1.09245958568094	1.21076164098828	4.76949000847506	7.92784001476845	9.58480832676532	5.00366214840833	1.21192866403907	1.95563511382909	8.59066802984909	1.20249674578356	1.07289466021923	1.03818442312082	0.956659562839703	1.36433255304059	1.06627418974687	7.69296807188921	6.79969483343026	3.2804294484938	1.54115005834838	9.13526262926173	6.59588073199425	9.8493712888445	1.63676367117328	11.1328324899974	1.95267061397114	10.193050867027	4.17709145256723	2.21104799404447	1.15310516540162	1.03187407045457	1.3710161651463	9.21342163779045	8.67808085571377	7.58044669352249	1.13492709144385	1.64666252977644	4.27635701936256	1.0360133292746	1.34632497339195	1.14140596781274	5.81974354892734	2.75245415568608	7.17435392992993	5.10265293661525	4.65971203773857	3.75313591306672	1.07663212094677	5.53998113930798	8.03883633926472	8.4809969695794	1.11611330238965	1.05516271997128	6.58064739590836
RBP5	1.48619350262977	2.23652876123683	1.31803699344095	1.79164572871684	1.58849044595484	1.93741528600476	2.38111058069186	2.28378466460576	1.51546432868431	2.08430271914677	1.58836888890969	1.9494925439359	1.44285511795074	1.4999252807882	1.49061322933528	1.0033215353737	1.69677009511578	1.16329108713336	1.68817101491162	1.3498926924314	1.74031903123603	2.22583825099777	1.99970351104521	1.86460494392044	2.37951158250144	2.34951185417707	1.1788935814892	2.45329410208852	1.3593037347491	0.938993946138858	1.67665262641728	1.67722455924361	1.64806001144919	2.36426904725813	1.36562585239035	1.95779177082486	1.51254860273218	1.9311489872025	1.75470852365745	1.6962347014767	2.37165361635961	1.73283480827113	1.4894392140847	0.887462171015774	1.60777945580605	1.45323184701452	1.55206437014357	1.20948302866235	1.75471419950776	2.17332517835553	1.06269396619485	2.49559156861141	1.68667886903031	1.66251020961011	2.16904485548164	1.35530140067575	1.26395958914006	2.53914676961444	1.64340336147363	1.31162600793966	1.75398128381638	3.78212341485191	2.3027591905959	1.64006449634825	1.59616799601959	1.82257813697575	2.44077577297203	1.37592222667759	1.57740880904438	1.98138382924403	1.60283976287901	1.34154542956034	1.57785881493205	2.14990123742601	3.79536612975301	0.997085761289904	1.89954117429379	1.37292607205726	2.71500881255788	1.62284310398029	2.51217888835476	1.66813200205583	3.24991918500627	2.1786980284175	1.08563775133878	1.58583294643745	1.77604561402558	2.27060848715146	1.38810033252916	1.39407639375838	1.39948733632908	1.23011650023736	1.40250792733165	1.3967384974684	1.95659371894895	2.7315796915334	1.16125203066662	1.7024052570999	1.38352003951702	1.80978378628426	1.16340667186323	1.99900042221708	1.18261204438071	2.53834866799088	1.10839916917889	1.55871792550155	1.71691201525567	1.80415086475777	1.31977526557674	1.77730531405213	1.82664982614812
OASL	6.02738257134228	5.1819042911378	2.95523163496308	2.36351803162207	6.45116821020413	6.60987853452256	5.34281682513659	3.87261404513588	4.88074196346467	4.8691958299279	6.69735869011666	5.35446796315365	7.91764441996543	2.88606505761745	6.67924441065793	2.13636101616857	3.08101714447772	7.8990651101394	3.18782223033455	6.26410111338421	3.23441449903205	3.73517734213234	6.79240309306342	6.94529025531101	3.3253989968732	3.2747336524281	6.32530336217808	5.3195760720387	2.87873198586832	6.15651072003603	4.38575026022161	4.19495953802305	4.6623185367885	3.81973392788996	3.91924456593086	3.55630254045717	3.97765664830695	3.08221443854837	3.05060757584135	5.25729141503598	8.73993733368403	4.03583024082492	2.49980349251385	7.24184541958161	6.39002017843905	5.30918251876965	5.09332598851701	5.03560257007724	2.397986332763	4.29808932671895	5.26279093594076	4.26226800741878	3.0145694172881	4.1400353317844	5.07143040729988	5.67378827785789	4.21817239291979	3.33317845066007	6.62827481270505	7.60118534694712	2.8323486284405	5.43642521351102	5.44417918672776	5.08948674716944	4.23395189509786	4.89701127035136	4.78023567596932	3.03029233701326	2.41814931854498	7.37378145198446	4.23261426933784	3.49472150444772	2.50802754752405	5.43508379182645	4.24207148522328	6.25256238394651	5.72436025909761	2.42828072643636	3.46739404434241	3.90049919956738	6.79451683836451	5.42774383097826	4.17731827232198	4.28650679734586	4.79162761972437	9.27686179614929	4.9406632002766	4.69077267334248	4.04530298404656	2.30545843482743	3.88046532078865	7.32896287941973	5.10413136817201	3.49151883004493	8.40640921120171	4.37998526512801	5.14014916018006	4.79272436431973	3.64527084453811	3.92182515196271	4.14208477386766	6.33360088194487	4.87525174039669	3.39583646499737	6.63514141436194	5.15621498872234	3.99479955134292	3.81761388533551	5.42979566071915	2.76273924778913	3.30300735810264
CRABP2	7.19851767955953	8.17752833054095	6.70916877876319	5.22369651287827	9.24909581176326	6.44717070847063	8.60301481085373	8.83716810419316	7.03285692527227	7.63564215693888	9.64864289394228	6.95208693742897	7.64076417933214	8.14468353146742	8.76116178652401	9.70681919054055	6.22063922758003	7.8275545877078	5.68477454838027	9.9365010502549	7.79617717647185	7.10379365381516	9.16490014108217	8.26199606345515	7.43109299081932	5.31021869426181	8.63206727399207	6.34718524916621	8.37704814182963	9.09312134677657	6.95942700136502	9.27558754462429	7.45244959075189	6.67759407038089	8.15569835857099	9.30706455422316	8.74736934550536	8.79237862098147	10.810890653568	9.47555145379904	7.48004930923722	10.0284252879886	9.44745887156306	10.995824767179	7.2491386010316	8.5574470662496	6.75185231694741	9.91225580755928	5.59325123217024	5.76890104386499	8.23881378681807	8.18871194447772	7.30206501432733	8.26927375909808	8.333082874	8.26125689396942	8.6756642240164	8.23258240207922	9.82378108198374	9.39248739255626	8.64093455324727	8.97285859155432	8.05743177027438	9.49932381160747	6.19408710490924	3.46753346082896	9.95908187511761	7.72237996719806	4.05592562828024	8.75472447151904	4.57095801708333	8.55989675328717	6.3546449932228	8.07460860139488	6.61868006177872	9.67215000520834	9.24736247620993	9.89998813142363	8.40698632050711	8.92934710322163	9.96785105163335	7.05598456023655	9.94671237154988	5.98130748709105	10.3304256968148	8.01389731672617	8.55551959353905	7.42068095301071	7.17708100812003	6.36996421033955	8.44845185657514	8.87900478718075	6.04126773557502	8.65066707279211	6.2809204952637	6.63566107898578	9.31775443148974	8.84629639278515	9.6612265178276	7.4079442526232	8.75806273382095	7.21950641763526	9.62917663312791	5.36801572840664	4.83214516474861	9.16304625862477	7.9743712836768	11.0639827947905	6.31537728127298	7.78133266728301	8.51234668991524
DUOX1	5.24492547365038	5.12709359416802	4.05944577163638	5.14418506812743	5.01707990825907	5.30107050273182	4.01886361904092	3.28998838091975	3.72439038409432	4.24860249075728	5.17508716101289	2.83740146004913	4.5410311353026	3.6582799375186	5.43043683587928	3.9793037997814	3.43144630714348	5.15097925113833	4.81286056269034	3.88431834136775	2.46143990753991	4.51264336518164	5.436276210893	3.96818250216134	4.37510813012303	3.30759450037061	5.4378874473218	5.04089514532276	5.32683423500782	5.20086363097383	2.31439458792255	6.07591927063531	5.14150714479338	4.34831165148452	4.01947326348254	4.7132215965464	4.60366170230256	4.95862203725192	5.17003846041948	5.40668112135929	5.18760516728735	5.86949142189424	5.30674723727234	4.87200196529811	4.19520973914057	5.37173844238337	4.26458790887628	4.89242131473667	4.77991222361003	5.3100393633893	5.62264151391695	4.51413080278587	4.78823991779579	4.71338661569583	4.51693199592982	3.33799945870971	4.85234912957794	6.05212794001205	5.2450393411766	6.34681765846721	5.47887431288728	2.52898357035684	5.46998145082533	6.36107555628001	3.84995459894757	2.64192529034801	5.10441167400144	3.91402856524446	3.93021788149038	3.71378615173926	4.7879830518682	4.94831725768251	3.51916105314951	2.92368373952296	5.24149305828179	5.06831020925472	2.5402690268799	4.29617129796952	5.04590626422262	5.02787902698717	4.83139812119676	5.00554131268497	4.2860013376242	5.6466372268348	4.89874514180901	4.91407128861842	4.94628122878313	3.88577707263509	3.23184825417817	3.58515915514289	4.17400714478695	3.88333822227392	3.67398681125069	4.14373145010462	3.6414358957632	4.00812978749062	5.08027023620542	3.98192224585771	3.99728158461979	4.12027058915471	4.66842189399623	5.24515623575776	3.95877665621617	3.82845625635226	3.9215629790071	5.25779126285661	4.96352598423599	4.37248110428098	3.65469030509193	2.61159847092188	5.89039277925506
PI15	2.53264076405841	3.09370462981949	3.10195362619304	2.96862493668488	2.68527179074064	3.48642096993674	2.24807922692738	4.04979719610466	2.36695060107316	4.63154107608084	2.65595912384404	3.02746031723902	4.28104373305061	3.04353344912423	5.60492573773237	2.27891604471172	3.80309413291513	3.09364583628333	2.62897361959088	2.90353405976652	2.14216994349856	2.38066480495123	2.17135433327743	2.37851215865411	2.19789907634943	2.66222069264586	1.96486486091002	2.77160288871326	2.13810422381392	3.00084609365499	2.28288204177695	3.28316757145413	2.3303040950712	3.21620517429864	3.15761762028148	2.79132773225592	2.6835861208383	2.57037122593114	2.54833030650703	2.79388132539524	2.87157109495671	2.65598298370589	2.34201331671034	2.18155634797562	3.27283720463784	2.27753827148174	2.33050183450673	2.40655246330128	2.71564021997648	2.976894215262	2.47815755122425	2.84173838530824	3.63704246828781	3.20513726005947	2.51125195408131	2.89300228461567	3.10444809753025	2.69746244198133	2.65588303977333	2.73887345900761	4.15125494662425	2.11282386193764	2.70195570238531	3.5885484203124	2.17495326962478	2.56787351645245	2.89944584165492	1.78569164725056	1.99845823365483	2.28720647817118	2.51416898104904	4.53013693928737	2.35688788772123	2.23691138525561	2.60733906406767	2.1224687115676	2.21288941869268	1.88740622322069	4.66405821341839	2.82746754848157	2.81515765389458	3.63123116985726	3.47741304175356	3.4660699293882	2.16763922783824	1.91436715081318	2.10786908833386	1.96180263126232	3.85940760187137	2.669821014053	2.32139695748721	2.20518510708581	2.76347078289115	2.68378243689167	2.68416247980601	3.14004376904248	2.50828201703328	2.70681233190105	2.78218675106293	3.59901595419745	4.2139124583122	4.5455748214757	2.27188825962194	2.80580366456418	1.92141246808143	3.93782669790053	2.99425935047017	3.74595282585094	5.99867517430322	2.25932640908122	2.64101933808937
APOD	4.45009349675572	5.74512568928824	3.03270679978122	8.46939845356614	3.26541190995443	4.36263899245471	9.55286574534479	4.25970921395607	3.60930031185716	5.77441370785755	3.48357299094915	4.38867542111834	5.22607719892405	4.02464352359818	3.04377235873792	3.58981486889585	7.88300828346522	5.90659330413907	2.79238709996526	7.05035704160148	8.21048893711323	6.29757821441143	3.99844780168823	3.94233675885173	4.3548746544517	4.24124065895428	3.68386682125886	6.17341137303539	4.10913152469825	4.78185165442176	5.62808479980219	4.49655566517862	5.42092945371914	5.61735432825877	4.55843070296503	3.75046062214441	2.83126528155387	7.71286672120777	3.07489729368667	3.05062800440656	2.49223027287035	4.88604927119098	1.71846205316393	1.67763246209166	2.47005643683595	3.11408382496008	5.06605695754888	6.99124371913862	6.34039349241155	6.54460641269874	2.53468822433977	7.90243805516298	5.2857028679176	2.76152547929429	4.79967113727534	2.02872256187029	2.63452108866841	5.75816269774258	2.42401536866446	2.72794208936708	4.51755691458873	4.67241326152422	5.66653526819446	6.91810806725619	8.22204294120047	5.36313520583617	8.9812962548723	1.85257486078637	3.69148607424381	6.12213093254853	7.52712909653537	6.58445710148355	5.10837447505113	7.56522827816523	4.21577704915182	3.52758568356157	5.28935667292061	4.423598621024	5.58982102373649	4.25652953027011	5.99601430816182	7.50765619458277	3.91112397935949	6.57008097298694	1.97187597950347	3.65425591572614	4.74416591705321	3.88878554043846	4.28036658800582	4.4702036936034	3.75848389212248	3.16017040998994	5.37010173818262	4.2389557540073	6.03050306389472	5.72302162735434	3.2877507177014	3.61263897091484	2.81596566589372	7.32232144623774	6.09049009932621	6.95300044708726	4.63506859099585	6.72808944535225	3.09828922419192	4.02534169193802	3.94404435702575	2.55957976218133	4.62624162103782	5.53034239236201	4.53495220823356
CYBB	3.91187573674543	4.48335076930503	2.59216989808103	3.68970395003211	2.89158280118068	2.63082799653271	4.37420844954455	3.16431466275612	6.10543740515784	5.11546090415991	4.65172737282231	5.16519356711433	3.4465118801582	3.80533343394137	2.03156140506813	3.09134824544605	3.7610141803596	4.93474713717701	2.18151497266362	1.75324768967909	2.91590420186401	3.60223799145716	3.12995339880616	2.59713337446317	4.28466751016894	3.13322021455008	2.9290372506605	3.30739348221803	3.58492048890269	3.84729746238011	4.77730067631423	2.24506136690507	4.2779400629708	4.23393471119054	3.84589232693947	2.85563722606005	2.33332199924532	2.40698605930412	2.10558012117014	2.97717763086741	2.85703219747425	2.80862570949559	1.70684279260301	1.89325620867109	2.27132981180561	2.41031379672289	3.94817043180872	2.92946948289365	3.61358208930862	3.61507106885635	2.02329915686198	5.24555325013253	3.11888690907463	2.94808596278522	4.30051705452952	2.39852318731477	2.31408805302359	3.70370136018358	2.77435391353071	2.64414036014392	3.24878202664029	4.57352079507852	4.08427575205607	4.26545233335164	4.95395928564829	4.38196003463626	4.19816231112407	3.06202420455402	3.22002631689193	4.43405655494159	3.37810645043693	3.13161171816374	3.25634005809314	5.21051691034719	4.21743099388702	5.1507281831568	4.37768995576549	3.48901244297327	4.46963903741174	2.06893697007755	2.1617880085325	5.04207561765648	5.05753168765645	4.28244042164645	2.26722225344747	4.21204735264056	3.98227294223115	3.99185362064451	3.06943510815136	3.88290550851613	3.53407579171021	2.27246399261446	5.26006835243069	2.281565166223	4.08845463156277	3.7474453444967	3.26477945369062	1.79862720614084	3.15015503872152	4.54853013527911	3.7678633578477	3.54120295934741	3.32040355926672	4.80168910562539	2.56765283635076	2.3537065542622	3.34748019806095	3.21366197483066	4.17195820536261	2.63769553023547	2.03186238870416
DUOX2	2.37025826236468	5.4858323997218	2.05215033969899	3.21868453019345	4.62635450988812	3.18200521373506	5.44788203553182	2.51884129597515	1.8760380465531	3.72838489638408	5.13959988324551	2.71451923533265	4.5475392938406	1.62293883476978	4.13898668893172	3.19365206868546	3.15835174762957	3.87651291544649	2.81421787332411	4.19144130081722	2.13832472869636	5.45299218197262	6.02017542550653	3.26115074511823	2.78443900540597	3.22944282283921	3.32713008382074	3.79837475942623	2.03975643994875	2.40175870241642	3.24292378026416	4.90437958955066	7.067784104964	4.87874083028678	2.2354003376183	2.88112951501124	6.71849390094176	5.54096404173812	2.68769753940041	3.34456600972349	4.31947493938993	3.05086508281822	2.72136553354348	2.66072082883717	4.3990596328568	6.08334210846065	5.29753791347427	3.77690850451352	3.21619195021368	2.74036923160771	5.20028280848344	3.83826799771728	3.12282425627499	2.72600961620969	3.90286573066696	1.65330609549399	4.17843852428509	8.01420743368837	3.95648474475121	5.01022717470415	8.13632132166088	1.85615199246146	5.17922923066685	5.4827350099846	2.63213314052574	2.02681609378598	2.3158478339289	1.49198472468104	2.31009026760033	7.12205308432765	3.25210120052022	2.65673932471955	2.48201395911987	2.38931887613922	3.44295682752469	2.78426738808051	1.82133639948596	4.52276976364722	4.89844422251546	4.96503283710572	7.54075656576309	7.25225179235916	3.4218743967272	5.94230049109591	2.78643229624886	3.88233262265911	2.4914358207458	3.15259105029428	1.84447741370486	2.48098273652148	4.96407258378903	5.57614164350579	1.9895596816649	2.25923549731653	3.51404961650703	2.43494202183818	8.23332684292976	2.67360173203663	2.17663839813177	3.13361554854623	1.77726939800381	4.80919640231433	2.23194509449586	3.10713393111053	2.38548164452844	5.56568619773618	3.0290830063866	4.59198785122605	1.96015286331921	1.9602692160336	8.25049593962978
TLR3	3.63655557846732	2.95701697548533	1.83068069095619	2.05257270157952	2.19332027151721	2.76409736497489	3.40971146607057	1.77866195093228	2.09247125878891	3.4266262290033	3.46313519257652	2.71460641763083	2.22779127403352	3.30056294245874	1.7229032321118	1.75002234994335	2.97569991639297	3.73558879991519	2.7293982691285	1.61231528904437	2.01475261373183	2.76838227286546	3.11522618454828	1.66152986700393	2.53459452710009	2.32445245192765	2.19079455361983	2.96334601305371	2.16787832103517	3.71703927890002	2.31102648356045	2.68927879131484	3.19197907852667	2.47680390553382	2.08889302356443	1.95396343204234	2.00023140899255	3.66264034836607	2.54322887680153	1.6013207875536	4.607115864569	2.33370020533287	2.70427786961475	2.66816371614017	1.97131877925488	2.10480464519815	2.56558543359934	2.34305300613435	2.90691624374058	2.63472541239607	2.46396925714472	3.27670749569417	1.91318343146003	1.82915269372172	2.10596904977722	1.83402807998	2.30021422388335	2.52160794133678	2.45488320197718	3.33890743330937	2.85847808631989	2.64085595368365	2.24677181833803	2.96506193890499	2.36312721605865	3.13669049202488	2.53642378354314	1.49570057461282	2.32696627869775	3.52776481550055	3.44926383876752	1.73142731899464	2.59768731541551	3.78807190164028	2.5744031864136	2.88502956324927	2.22174287113013	1.64649525699603	3.09515422562461	3.24517435085887	1.72909084725178	4.55655000263856	2.6722445224901	3.82576105751116	1.58551487525753	3.49351737478679	1.97072534897391	2.89094955030169	2.58835040383515	2.266588220703	2.64171362297708	2.03955396691321	2.50584230083949	2.61933949897901	2.50742623084934	2.52311312363101	2.86257057304104	2.37408050700579	2.4752615377057	1.81210549035715	2.29122599491656	2.57183234773052	1.94652713039308	3.00545814002019	2.7496743563809	2.22872690606233	2.7361480242576	2.35354537590122	4.22361200608304	2.31367184253198	2.38070542481606
TFRC	5.55932239467579	6.92718487925062	7.70692261099904	6.84915994106936	4.72883879080156	5.12309925253957	5.50799134011383	5.50989677329102	8.18300173944063	6.44435325696333	4.52562626637554	8.10671112943719	5.75147090161559	6.67113113829111	6.29667385812154	6.70120460914995	8.40062679270903	5.71954527679765	7.59097809841312	6.07469432897334	5.40388239229188	5.94719610820773	5.54242026793976	7.7132442474578	7.21261081228157	6.25248586813123	4.59179646205007	6.68911058215159	5.70256955661891	5.38937916018825	5.68837764801338	5.34473983842354	6.83352106663548	7.11323345744991	6.69567580074046	6.72903721757578	5.45777542225872	6.17675592855408	6.09813850774751	5.50615055942662	5.214867742264	4.83515495196805	5.48592382719891	4.74097571161946	4.83860149848649	5.33842594418079	6.35146298000084	5.91732494189067	8.13581778283568	7.79291869203472	7.82880185447434	6.81530484151801	6.57720591001135	7.06956820515518	7.03203654731464	5.37189861300376	7.05414870642658	7.27089906240717	5.5288496067627	4.63486857089377	5.32159658192621	6.87913606885626	5.81169969143117	6.28607485900997	7.21425687525684	7.08505617071164	5.8266357682518	4.78774807545301	7.60921253358924	4.46067328306395	6.63557184063358	6.40037231178525	6.7754133422354	6.23800977720917	5.71790332383679	6.03559989673036	5.34110396126834	5.76875738916817	6.0534207073989	5.5697183274242	6.05238916180362	5.9961452278058	5.1527645317841	5.34711761328118	4.49974171458595	5.38160951779932	5.59170558222817	5.03435791077803	5.76510292600874	7.24697860993669	5.71811374322327	6.12829771674658	6.96307821730425	5.51821731142998	6.95177285480257	6.56725624696514	6.42972396642341	5.76990983401831	5.65618427134109	5.33551597658289	6.46867305615706	5.98449758930957	4.60865255476473	6.97006158575433	5.29308160990249	5.71084838635994	6.9439979329606	5.89679338836955	5.42568727574051	5.66002544251292	5.84693471510712
IFIH1	5.23306243818453	4.12995743314597	3.2546425866371	3.49602318569064	4.83430920615855	3.83280378927275	5.48218992566105	4.61419194547947	4.88747443422243	5.39142286292475	5.83404101995995	4.11360192404073	4.92440102401173	4.08245326105461	4.16676523511441	2.34784179514924	4.66141065326929	6.00663031429814	4.3699218520354	4.98202309418416	3.82877884776494	4.47565144786659	6.48380858934474	2.67563549944825	3.94259160764945	2.84782467272332	4.72319325213057	4.68378745008881	3.34647700332268	5.78933098003227	4.6874558253174	4.49345115311557	4.05149923062419	4.3261181140867	3.45848366100896	3.09467876145659	3.37602666916109	4.46164572735658	2.75553030261672	4.33685592820656	6.37180932912027	3.20411450465428	3.63057884712807	5.06315652507735	3.67955744574674	4.49763050141489	4.73018773734466	3.84973908009764	3.6700381731594	4.46558919472987	2.98299075123575	4.97785653242635	3.91288134267949	3.4832825042148	4.34030587500887	3.67961600033084	4.03187262263872	3.56965929954408	6.10997147914753	5.04881644092075	4.29066434093596	4.56953548085442	3.87315375712449	5.14627879141324	4.92282758425747	4.43664191003151	4.60449191159552	2.49196769285026	3.85915421773446	6.23523831266333	4.2427468359921	3.24686960425197	3.49015144801454	5.32276109123507	4.06306052721478	5.64660224942991	5.05976021791301	2.91413874960386	4.4619077912189	4.17233799480043	5.28278038858281	5.01464892586792	5.01216471975153	4.96618940239103	3.13894556003096	5.61753395415091	4.60162748255588	5.14402858392544	4.58983435575082	3.35976151859215	4.70499985149161	5.47188306473469	3.90661777929738	4.10983627727363	5.86472424698799	4.29945638724945	4.86588227709588	5.10028289093612	4.17546689430591	4.04656345631945	3.85465588968487	4.52167310240387	3.83289563505573	4.19334221110936	4.76546714425686	4.11905063402042	4.38295454283333	3.96186331534743	5.61483513703345	3.64644807533243	4.43350429793104
STAT1	9.02669854845847	7.93290366129068	5.9956642520439	6.86769944230428	7.85990447963654	6.56570561408167	9.18041630815106	7.33488641814059	8.60512118150474	8.08629750689221	9.81155481478626	8.86273643753214	8.4867235157405	7.49940956840968	5.85896224420277	6.3898463614415	8.77723426296955	9.48587125971125	7.66955851392268	7.02844069476119	7.31365181800642	8.57291309762785	9.27253280522071	6.76536764552227	7.79873889756195	7.1150689246603	8.26300573708493	8.15776293999601	6.88737927604947	9.6946286997641	8.66651417281296	7.05288550633926	7.91343000895573	8.66657109731245	7.34031550779251	7.44082523526516	6.80329659188878	7.74599144739484	5.99087728255837	7.67315721615745	9.59701460821102	6.09656637905305	6.93098588398863	7.82585025946869	6.15427162508864	7.24098149411435	8.72108621194085	6.92679759095864	7.58337381652757	8.06825970786037	6.65726277607738	9.48237951398992	6.72282576528346	6.68882786808503	9.1183415111658	7.2068835553801	7.32421673578779	7.12329799614389	9.16126554610001	8.60224779993845	7.6140554397506	8.41141628103762	7.13220317561764	8.45513229725145	8.95202629380338	8.81020619598069	8.62691476564332	5.11554715121585	7.35071743307693	10.128210139059	11.1868907824684	6.82895468058058	8.02961758936353	9.39738870092923	7.39661243773967	9.71559425383387	8.32945820287374	5.86803557031388	7.85345029438399	7.9416278524092	8.43685895513861	8.78294966663316	9.2525284974205	8.76750458671156	6.79878345956676	8.85154570480774	8.27980773841288	9.19657225013383	8.24791103691482	7.72248780941668	8.4143931558386	8.28490898749724	7.22760824278518	7.22810120591149	8.84030982319546	7.61519673615232	8.25247140515421	8.62056508436053	8.54205242920261	7.39158862681659	8.16275471732758	7.21980737429391	7.07571041711245	7.99175915447694	7.54150228413219	8.35308660474424	7.44515609664098	6.59872448390883	9.72201866641077	9.1187330909782	7.25020598323371
CCL20	3.44041056333336	5.52666825058776	5.42063576175677	3.75979167063548	5.86054458127297	7.09087379243791	8.27469521345851	3.6005438189782	3.34752839717556	6.09827255953248	4.26062436481326	5.89129743020011	5.34379862043388	6.7356306041893	5.35474904195958	3.17401473870356	2.88086591112885	2.61926612991675	5.60634542494871	3.58768167372721	4.35856211007692	4.98159460976744	4.48064110795397	2.31423378184764	5.58448284707802	3.78700645703208	2.60360964783763	3.73198344846739	3.35874120674913	4.83418147207957	8.66741392918802	6.80749297135874	5.34906422441207	7.35082308781812	4.01480653457982	4.0125829473066	6.08678304582337	4.82089602233853	7.21155034616523	6.00626143783199	4.25295644653518	3.33465650373369	3.29817149626774	5.5481584501372	4.97892183090558	3.03720549361688	3.58604193526981	6.32791909969491	2.84114698548482	2.63608904860796	7.78910380110294	3.93541508848463	3.94591741383353	4.22579099867227	4.52647032972522	2.72358627210369	4.94837637375175	7.25981909336739	6.40069768797291	4.03056327780783	4.13091261083749	6.54505606550256	4.10494133446223	3.87941859659699	2.61831717958837	5.78162073520492	7.96769670692132	5.40838707959548	2.81746150432766	2.84740168546981	5.53634314005062	6.28448965532765	3.82787678121598	8.83647473348674	6.38771131708802	5.98315067987962	11.0867106656457	7.34134187590363	6.32011525113787	5.99011381560825	5.17217239196424	3.99787118224423	3.33134571405142	7.25380396317645	5.5451747573227	5.17927009566813	4.38582423206616	5.2314019032809	5.25004749380708	4.04089417249332	2.4700381080119	3.7937256180045	3.71515616416715	5.16224311297644	11.9046480797222	3.21471600567576	6.59658484476794	9.5514785984315	4.85529439421712	7.24520728848256	5.63506504737774	6.13644627751118	3.7346664585103	7.21834013924906	5.42488542632455	9.30565674427995	7.5924068740028	3.22540595206537	4.37473497491598	3.7344002025562	4.38188846189423
SOCS1	2.56764989158302	3.80764782097583	2.58472750888046	3.68538048232194	4.04400777290453	4.47001975054742	3.86457089628493	4.82126650528288	3.09212751378391	3.1542518832474	3.86593934891166	3.71804817806018	4.11641472932599	3.78332496147236	3.06447973203216	1.65565407989966	4.62339441919214	2.67523289668535	2.85140847554371	5.57241918100607	3.69649964241968	4.41405028832763	3.5317316178789	3.39659825948464	4.06436048887838	2.69842009335442	3.31553605373046	3.46778694409656	2.73619217651333	3.73111032568382	5.32976641870953	2.72494858929576	2.87945009988335	3.6609830235016	4.07590878047725	4.46347550878068	4.73460107577212	2.92626459230228	2.47942878169922	2.89991282979215	3.64166013917755	1.80139084788976	2.54200865426528	3.96596701883503	3.87692991592066	3.09143868422919	4.07327841917264	3.08314976861782	3.55016798063919	3.54330679551929	2.65922013516311	4.07704724143242	2.66531214467902	3.85299058593245	2.88589160287727	4.93968360155719	3.85805396339246	3.35416078601593	2.96126302648322	3.27424396890761	2.64231924154659	5.6416017477327	3.70313928356959	2.70556264417744	3.1463790118867	3.47092124992724	3.53863954570861	2.36222135905789	2.83163104255556	5.48627363984391	2.95642116230575	3.82692531861246	2.99671057036663	4.2272050662899	3.37763643627193	3.46222736720211	5.25480502880808	2.93800081052504	3.14345945763295	3.63902172963105	4.06740043899811	2.95004684805687	3.74712724424947	3.43415243343119	4.50621366157173	3.73462859327057	3.53201547796206	2.94446379007637	2.63638449851297	4.2602577039451	3.35114492499945	4.11833970853704	3.3086975072535	3.98552429710455	2.879965428996	5.49939471436656	3.61826570504997	3.76827379215257	3.54194783048153	2.60096847935511	3.29344250133304	4.21728154710722	3.79067193253684	4.30219782307982	2.34158871702268	2.96485668829418	4.11439682159304	5.20165819379797	3.53352334704388	2.69473448707178	2.67407232433849
APOBEC3F	2.31152234755413	2.23526131674507	1.71919251035537	2.0750108249563	2.17746278786224	1.91274622247881	2.97573590766787	1.69101385446071	2.69891708661831	2.37532200389048	2.26895524597158	2.20552927453338	1.93142760692841	2.08574576619932	1.49661146506667	1.91667112068417	3.22080378490234	2.28229113208397	2.83108039182789	1.11109065790663	1.96149012179932	2.62599471604006	1.87216226797936	2.17451614711039	3.12472196257453	2.56580674219873	1.83952448738289	3.28401828194487	1.90832049389537	2.65241923979043	2.6806663539802	1.67745357561455	2.33966212727915	2.51150782322959	2.70487562202274	2.08016176135424	1.8734271746905	1.96738479116286	2.18711087184605	2.68190773477662	2.51727455845501	1.45955069585376	1.7343588440225	2.06364353296878	1.45572933344065	1.31137087020836	3.27280251368112	2.77821583626187	2.72049717436825	2.69558628731576	1.98626345606285	2.27852330371886	1.41188535175208	2.67251232620922	2.09059883201157	1.17998385945461	1.94767835382389	1.77466759440104	1.85315943069506	2.08467984373908	1.78093500238167	2.97527294881154	1.80013463945961	2.34057634062212	2.57043498364361	2.77244053129095	3.50326185371968	2.15400785162819	2.52108524404318	2.95280254827781	2.76476073399427	1.55842472140713	3.05434698254084	3.62235794330784	2.48024676659896	2.52556935830216	2.61481281640097	2.12572803733232	2.34052687038015	2.17757327708609	1.95492109728311	2.5455619951589	2.59168997937164	2.10485950339364	1.84640873020405	2.57623820084128	1.55542279551535	2.52791866161264	1.54284814518093	2.38725465033807	2.23782091750631	1.79051581532921	2.50780716786805	2.16629555069734	2.64066934855864	1.43101039933281	1.84359460458166	2.35054359004832	1.90179125410929	2.61750306046645	2.41323902708644	2.05233865700634	2.21146009371172	2.77221454308978	1.99809108965712	2.06596935672968	1.77281640969561	2.43523326886442	2.1561623880003	2.01323042231818	1.92385022436567
CHIT1	0.990390117648914	1.32343825123334	1.11000519511988	1.84094742915567	1.67878042709944	1.06401995628749	2.75998510302504	1.11153816947827	6.42143167291509	1.35227158738644	4.45027356767845	2.66425931085274	2.89492289533807	1.06318768378367	0.979825599314474	1.3048530541263	1.10398509821204	4.01548893168652	1.11499995214041	0.986816334802525	1.4965304052566	1.29291960375918	1.26361635693741	1.08208974933102	1.18632542373355	2.07111256124444	1.06969703667059	1.35243346788647	2.04334393692798	1.59375242729477	2.15033361466449	1.2073222154348	4.94131459616076	4.47796710914343	1.24142461227501	1.31882602148571	1.02993993196393	1.07378766641377	0.98800090952635	2.55046016036422	1.03851816343086	1.02575047088866	1.04016052250634	1.15818388636197	2.05759908889888	1.06315846865339	3.53930057246553	1.73180344815402	1.65780693947441	2.60989220890179	1.14158323990286	2.60086729837115	1.07214563874397	1.06191042721496	1.40375792570933	2.1072114069009	1.66304691099114	1.7421192934791	1.00862046379986	1.0166732611592	1.00205348194975	1.37452449812939	1.87952034863518	1.47845910893144	4.5976645600516	2.11748402259527	3.9870160120493	1.28040558576512	1.15479786146459	3.29486278289946	1.40628816013796	1.10350241305302	1.63356086691695	3.5921146009337	1.56971728861848	3.18992941333061	2.65825850844718	3.92939641313953	1.24637386337507	0.996469981411834	1.22775244067381	1.34983705632379	1.72703354701419	1.73178618416987	2.32193006648245	2.36134935058198	2.09890339504014	4.10382282281408	0.982023858695435	2.46007463587851	1.90612210372364	1.6800590370907	5.41529735193427	1.15346708173246	3.73013883831566	0.99660924000599	1.49478721402702	0.992866773640391	1.20689729704637	1.46763954713155	1.0408151776391	1.03982195272937	1.13692283209877	4.55106493393239	1.03136978398083	1.11694447902077	1.04603222483157	1.01198458447707	0.983750925410263	1.16115098646405	0.997868289780789
NLRX1	3.60824214234138	5.00671065360689	5.32295183800913	3.91476286273827	5.20721182121346	5.11940973293856	4.82320868256246	4.107534860622	4.30494027317249	5.21551565905217	5.03011812277931	3.94106475983108	5.48547522088376	4.41048569436664	3.82422997580446	3.58941561432021	3.83574027465142	4.37782117162652	4.178835963222	5.12587936594314	3.45784567740422	5.75800202705216	4.46997501002032	3.89659109302821	3.59062975933418	4.45412050476641	5.79717849533333	4.81576619082877	4.63775486818595	4.75862626108456	3.74863975151631	5.48005341796395	4.63855431271504	5.1349990661911	4.80060188178473	4.59536853679131	5.11495328593008	3.85221068668161	4.7809605237456	5.60725939303411	4.73431959353662	5.96306220945598	4.78990552080508	5.67885731565251	5.27365403870347	6.18417055793312	3.72385266734555	4.72491240256052	4.48699422384509	5.05205177234983	5.94880840390075	4.58379431888921	4.84735867236192	4.67985944814291	4.11534539798701	4.49731326363349	4.73369178911695	5.55568136053508	6.62526156254468	5.43784036850973	6.0808729288145	3.7308928168564	4.10596560410202	5.37146687580875	4.18367784042224	3.67509289628487	4.98825101143696	4.34452610657911	4.06702771408022	5.87498994235128	3.28859612231807	5.07490975449775	3.63581243126286	3.33933718097531	4.31671045471356	4.2296994465746	3.51256395725764	5.39567334272514	4.57670589262959	5.19156585900587	5.12400117389643	4.16784294216854	4.74414564554613	4.48510006138303	5.14099698879702	3.22957958646229	5.19083001366028	3.38202962802056	4.70480156661158	4.98523091298877	4.13960555217479	5.90290194681791	3.53272178427685	3.99583196284836	4.2903195003541	3.84298977579706	5.58515394509548	3.55890512191901	5.59235718997219	4.2168933940322	3.54553307342799	4.25854096021285	5.06895900507701	4.91757093693121	4.25920775064752	3.23836979698752	3.56566085042251	5.31691273966752	3.04741966120953	4.45819060981941	5.70719898052412
VEGFA	4.82720108133202	4.69490587078595	5.64000235518711	5.88229140995508	4.36211117499117	4.54382514581208	6.25124497017753	6.69392706440513	3.92120230788195	5.28938455643099	6.42168208875805	3.97061676506616	4.77076160962634	4.62984345073272	5.87097639035936	5.36185860309971	5.45108005636362	3.3445733061744	4.88076100292899	6.57836799084654	5.62635817089999	6.021109854228	6.26919940769213	5.30517059601291	5.80118876654	6.03704881685347	4.54306799940598	5.30626976804342	4.22365348971653	4.88326044500366	4.54499800352532	4.92106933799704	5.25437901624201	6.10283946979708	6.84665651766906	5.22133483879846	6.39030913287992	5.25798306063444	5.5093128067525	6.70282258258896	5.22700152989966	3.84097911999571	7.14271126966696	4.91777532259554	6.46145694287072	5.08632299253727	4.89737124984152	5.37483286462012	4.30438089106523	4.51635757211275	5.85152465148886	5.2187290912637	6.09242533688	5.59707190119228	7.42694029042003	6.17903242951244	5.68893351308037	5.25890022770771	6.20054686371118	4.86730394961084	5.44302074136306	6.3070849732053	5.74427398184194	4.55884885168584	5.2332903902672	4.10978392705931	4.75415367692036	4.95760955547308	4.88408979677648	4.10222389661595	5.73631811863717	5.80417018915424	6.3870654983902	5.41744374268648	5.94373940763683	4.85584458031929	5.60467953041269	6.37446839553998	4.8219672607522	5.65029997473479	4.55093983478604	4.12652038695654	6.78596894967052	5.88298637617023	6.66651334751454	6.29371103473104	7.50951539902506	3.86217299268913	6.12761754438265	5.26693498621455	4.96349416409484	7.01282714713747	5.78315257877713	4.29383121914018	5.5491737161791	5.23299940245604	5.52189541953845	4.82396307361289	6.70730642913818	6.45326414878421	5.25049653023854	5.95503812064615	2.8047042818734	6.13406773255974	4.36945977484052	7.14870164636219	6.38112313400248	5.0875564383567	3.94115449699784	6.03665781176869	5.47717112816042
ISG15	9.43217750779061	8.28005324689114	7.05338598778192	7.24869616426343	10.9044582913855	9.55319871854091	8.49624340173826	8.55744327929751	10.0905376953661	8.55220365566303	11.2954570647295	8.29812671413427	10.8715790360617	8.1987469773455	9.51446594691702	6.67980183496712	7.95288895247501	12.0541110460276	8.81779522140638	10.5150976297402	9.73114477658198	8.89426343896582	10.7640298482037	7.78291492779558	7.05060154305734	6.97169116558674	11.6477671156076	8.31418835526785	6.72475163293027	11.8875737444334	8.38503817727588	10.2426869282237	7.14791190399725	9.43361596795082	7.32761175301845	7.56947939115548	8.86356513260488	8.0194475689833	5.7283159755812	7.94778518254553	11.1345579839697	5.28327911445349	8.01541349869087	11.6827867049483	7.8880561045745	9.46961638186433	9.55944599336189	9.94282577387946	6.50298334857125	9.06001485128488	6.7606092398007	8.19608658783957	6.64237138237888	6.16816080608593	10.6351272437497	9.67158313228045	8.65571687004717	6.97520557381534	11.1263281646645	11.1995534116603	6.42324839927718	7.95607765933302	7.9965089705732	11.059515378829	9.83799804300391	10.2478813750474	9.0248959237829	11.1164825127882	8.13866718848642	11.9930247985629	9.01831500474231	6.38944985954888	8.40537476078628	8.40401640990397	8.73063013635484	11.3564574526075	9.33778876019825	8.64665121085541	7.6064468994217	7.69583188369871	9.95465834019799	8.77506618010615	8.19362224588347	7.7283698759128	11.2573568282067	11.3360696615552	10.7176550954925	10.1502596644973	7.61581187038048	7.18161733526027	9.61183692950699	10.8631903800194	8.45864082925843	7.44613631817888	10.7086301391196	9.08500843827079	9.27720741698182	10.5962429562129	9.51326718315852	8.281600801473	8.85417060252379	10.0406061462877	9.13020204170526	8.21223689062286	13.4881256483927	10.2278911928722	8.29605763132779	7.56314074882359	10.0567291351207	7.66660890226762	8.7361693438012
TNFAIP3	6.43387636684432	7.41080327104795	5.22661015654997	5.96612419857391	8.47137342831465	6.82736951365554	7.82443961163129	7.23314559330062	6.41291987213805	8.282842562632	7.77533534981278	7.42882575572712	6.420769580898	7.60163706641975	6.85273071614723	5.77280380449424	6.62715031374732	6.32162214419196	7.40941501435722	6.72516067416045	5.81676986618817	7.60914494815455	7.909042172729	6.84494378622406	7.9070374007499	6.8820214840709	4.98730321124258	6.68873366730621	6.06623345945755	6.70834538799009	7.24569193935075	6.0380164016298	6.53502968303237	6.62712047004731	7.01649242317905	5.79722976768939	8.36764407153304	7.29181977027198	7.9453921298902	8.2652675896649	8.16303283535624	5.63018279701055	6.17473038701191	6.81996785915699	5.57153690843493	6.8086018991151	6.14944770375106	6.70214066931019	6.07595160029435	6.21401345302878	7.19891104847832	7.33142447826174	7.31141709794654	6.97396081844307	8.43557854238932	6.56151501426971	7.4132930009808	7.54823254937146	5.82980216519896	6.29668351091157	8.0473084562087	8.88927782097719	7.97820381964592	7.06829550302048	6.49658021894734	6.62977047838534	6.63353813838079	5.18346828565898	4.83387781883809	6.73912833266002	6.71895398234452	8.18608988685665	6.46115324543295	8.05521615046569	6.99436240516029	7.74279773279448	8.25848400176976	7.09836535436081	7.20007534157258	7.0826025405542	5.93026026155616	6.72436014524329	7.22475008618029	8.28309164186292	7.54896367313787	7.34305419253103	6.57794843819221	6.78668297382446	8.65880999909069	7.14350486110242	6.38649054425679	7.49789273063011	7.20141024988413	6.27318070633592	9.84948697733454	6.67223936746456	7.11284632347724	8.86809212727767	7.34787294438264	7.14919089182673	8.05157603789648	9.27503790834636	5.68206082838686	6.87889630026338	4.92208253254742	8.28096086838329	8.01428415487208	8.56937717687059	6.98684027958372	6.54653526951775	7.3128424226013
TFR2	1.91094301222125	2.05980903976344	1.87236058510077	1.57700283885168	3.11699672147858	1.7383681608278	1.74926429357845	1.78926156164909	1.90740595280243	1.9750012946288	2.46790187420719	2.30315729212996	1.78489669567221	1.6736255066518	3.88920465558506	1.92205528227639	2.18981492860708	2.05294019648441	2.56519745367475	2.5253658062208	1.76972279884384	2.02496234171703	1.65854013819507	2.06924292374698	2.06898467039937	2.51499561643912	1.70332439216202	2.25479388024475	1.98885311571524	1.85050269300214	2.41625676410166	1.82916698933037	2.01075679805735	2.40403328929231	1.68465229647136	1.88934110564383	2.0100373729911	2.63671950373526	2.45152629618284	1.83045079215711	1.67413609000928	2.06248834321203	1.72802414495006	1.82411390188706	3.17235580564863	2.50430394719716	2.09268893266243	2.95815859143634	2.36175890068003	1.69448667446005	1.95605676148723	2.42228446704548	2.28156625744129	1.66948463952655	2.21717475337546	1.76347814862737	1.77842554001777	2.40738822230476	2.56996758399613	1.64478080275811	2.38028260383684	2.28739430169285	2.40054291600866	1.80063688350156	2.64133701751499	2.08147477869855	1.90522703712427	1.60594804505687	2.20445453473062	1.86254104110328	2.61117755747793	1.72954075486349	2.32896729362684	2.66692659354184	1.96988411412314	1.97952326509478	1.71342138154188	2.24784743841191	1.94544278006782	1.73856233609855	2.2654302507762	1.73375128297901	1.8059846542416	1.72234364607833	1.75084007506667	1.91562340683328	1.83671465809681	1.98174139649536	1.95522217116538	1.91363441647435	2.46683630023391	2.0287187089369	2.01158599748946	1.82098902510601	1.61114051664567	2.16768212384478	2.13911846339946	2.06466552909188	1.7000650341382	1.63368303105431	1.64543332125482	1.80818764336609	1.65476474478164	2.51815092053666	1.54981795428596	1.72322512672948	1.83723710155479	1.76608398182764	1.56108564106945	1.96799221441137	2.73786991299167
MUC4	1.18407532690724	3.82911878561622	1.48646119355935	1.91294181269483	4.25375379272023	2.22786122697003	3.95394746203724	2.82400143972363	1.20715614731466	2.51112998412145	2.24751354224107	2.02618617153731	2.25756363639399	1.31966252299305	1.24347843645117	1.22191055217461	2.31249374701954	1.1932190468355	1.48658017901333	4.88620631882327	1.36102875943184	4.16938647515772	3.1671868188903	2.2158007848934	2.81538572030465	5.88447916818755	1.89952298935309	4.69013792924216	1.5824054739421	1.92734660346161	2.1902323609779	3.80647946906368	5.44769350616796	4.82809985065185	1.81795562372158	2.03705650992243	4.00863866282907	6.02605407990635	1.36073180589105	1.86643333334046	3.12820678022325	1.9756933326307	1.26412169829376	1.31236532144657	2.07544246197036	3.51764926874369	3.14700057974227	3.86589240459594	2.96455597079993	2.32836378783923	2.9026053816576	3.17233877247984	1.57367106336715	4.62290130860212	3.03464315395788	1.23925773392396	1.45069646776539	6.01717507341486	1.18866938154168	2.71748887014674	4.67438281836149	1.3596779956975	3.02977215175501	3.639153175911	1.34281943722087	1.74538860847213	1.66130056711563	1.20446997075219	3.56885067378258	2.52906156406955	1.96654216615835	1.65104192892271	2.33098275951318	2.05987909450325	2.23549225399273	1.34158488174681	2.49797682011992	3.49149588901621	3.7692586357472	5.58736532764409	2.3240339017649	5.62979420123283	1.33500036338379	5.10906901284887	1.26809455073236	4.080686757841	1.42300237767915	1.18806719191823	1.73370093348212	2.51375590213489	3.21149213233993	1.78630882099556	2.23844556617127	1.44990716582579	2.9095635937091	2.35004183610489	1.73536092047878	2.12610023480559	1.59984863625399	1.50110992896632	1.30538040482181	3.74710473501638	1.2430350867783	4.4149763563593	1.50265962972186	4.65795033110807	1.19664162568128	2.00324817196279	1.17015326068226	2.45171308958551	5.8440075890236
F2R	5.51406464204249	5.53178382024789	3.97856892464547	5.91662818823389	3.91396820337751	4.52625825864392	5.310658832002	4.43337201997405	5.14130320741232	5.72179785352155	4.42508691521512	4.82260504062088	4.5974203038791	4.9885232327545	4.07288166770448	5.06764658243113	6.15656368548722	5.37376103653266	4.82032449543271	3.26089025841409	4.63996980722735	4.76467665163612	4.44187657017128	5.03325636744723	5.28068668163313	5.16260069034839	3.38066421495461	5.39611835061472	5.49107624166743	4.63767411562084	4.22148716031978	3.84339071404996	4.42780684356053	4.84999729795147	4.75379886402901	4.40849756455265	3.52516549440612	3.33391742430116	5.02443602652927	4.74938720788032	4.83290214143274	5.50870349234526	4.46719990235685	3.34689928177686	3.33328623702025	3.49209261125968	4.54793565181346	4.75036755760996	5.3811871751659	4.99622675465336	3.47628958155004	5.45130276681693	5.33752126554841	4.33359841654355	5.23273166385203	4.7122874577561	4.66954776994306	4.4018321104591	3.76724401544924	4.41286453622061	4.96793970356182	5.15673104159925	4.85522728942427	5.81512527575279	5.60955936210813	4.34544702389255	5.54298551725804	2.53011630471702	3.67818471527033	4.48533137176037	4.33267435853637	5.31458324635623	5.21119280676509	5.23293813111292	4.37173483472591	4.76625364743274	4.94813733194126	3.01744042150768	5.30229595244951	4.61601760628517	3.67066554986858	5.38485152713252	4.79605275843568	4.79329352676147	3.25949165003873	4.49981776072347	4.2515528490514	5.1744636613092	3.72258786276501	5.4926946727225	4.68223611470431	3.51619555628056	5.71584433420334	4.22799042438012	3.94242458167117	4.35160520538239	3.52704789551856	4.89862133357877	4.74603005112706	5.11609145846382	5.91918578854295	4.83767455050762	3.94394646739314	4.19917172041955	3.07221651924235	4.67068776571844	5.47983215470614	4.32079321074394	5.93099206966211	3.98593383382491	3.51898189537057
CCL5	6.38458294963474	6.55948444353117	3.74728683336049	4.30291869388001	6.75162866506813	6.13751916376704	7.03273897461701	5.38564879199902	5.34539127475995	6.65139346415239	7.63151470176121	9.05916645101992	7.99845946902734	4.20181027940146	5.32766335935852	4.08053454042621	5.33641825671662	6.44358021558423	5.20141218751607	8.85186113295787	5.27193354945673	7.59646777553797	7.1348836950287	5.25142234747297	4.38950244193353	3.90091934294515	7.74973270519648	5.85690618202692	3.64604001842273	8.12203111654995	8.76266012731713	5.69661586513133	6.53505833698317	6.37738699613417	5.28948392947865	5.10814529678829	5.52626359124241	6.21317220031613	3.18487836782711	5.65169191118153	6.94263625857607	5.01800159849501	2.20635440599837	6.22667406856501	3.95351746722944	4.82036150261008	6.60315220582217	7.18487584550066	5.71676925302443	6.4297847358133	3.1140022873993	7.42843912183257	5.24455621662562	4.88832661157289	6.14036485018688	5.88772930697999	5.94957613115108	6.63047490668683	7.07076039998218	6.44249371512472	6.94720918452506	8.30215430803479	6.82202976457961	4.05175125140006	5.95827972337169	8.42942414613862	7.25964957764345	5.17524765674381	3.41610802602918	8.9320364883173	6.36208169560294	3.79004807388833	7.25383690361693	8.58496218126116	6.63005500165566	9.43033689071822	8.05334396988449	5.19395830016402	5.94381935730472	4.16398016520846	7.0892329740591	7.71723111775665	7.17446909671255	6.31589349886309	4.85819187225463	9.18135775288707	6.02414426245793	6.91563048329528	7.46049089596209	4.6833553883383	5.8551126295202	8.0846075036339	6.02016800926186	5.44326736526957	5.69032887994377	4.62985992710109	6.94162295139277	5.4420054401721	5.38854904331546	5.19766800276787	5.8344371074603	8.25897689697776	6.13724890575232	7.07889957045448	6.14170322476742	5.78322021114392	6.23887806851812	5.65917800442191	6.89816127720062	4.36589892773178	2.84858156125125
ITGAV	10.4291992543536	8.06681156352899	6.75070535005	7.91394366026811	6.97888158779742	9.03299101261135	7.8133648916968	8.98905075165762	9.13849690306078	7.25890324440344	8.61081994923754	8.33777599980239	8.25868515195192	8.83113587413156	7.93119676987635	9.24314479096018	8.81309661596902	8.39116252737284	8.45453335237734	7.22143861344716	7.24179963871959	9.02105454556058	8.75301928644451	9.32805628736842	8.64117907879004	8.53170496708824	6.19619866608892	8.24479643121637	8.72041082409968	8.11613530789752	8.90671203091649	7.37180381234448	8.23684936591112	7.81127482571299	9.13763833738386	7.72968910788545	7.32515804171218	7.37020671361319	7.32709257444045	8.02783740180989	8.57116244828894	7.27922479197045	8.77092465711856	7.56261023887696	7.2177465138112	7.6921577878573	8.15994733210714	8.71627155177113	8.45183397889477	8.16385169062746	7.85358026278354	8.41403704143721	8.43748483818399	7.72596589244491	8.32213019331514	7.98578573306518	8.978920133319	7.89479641894131	8.99424190305476	7.42235866808156	8.85824863807008	8.22312498092029	8.17069781012345	8.7902556977884	8.90428288844915	7.61272403826321	8.39028136058016	6.04784717471238	8.94144861466166	7.23581938613517	8.4701614663469	8.68781891320168	7.87421717883029	9.43324010766778	8.1916472047675	8.11577647929623	9.26826887834264	7.47534895762205	8.34456784337073	8.28833118896807	8.02834424861478	8.64975833067303	8.54185175625652	8.52997114795142	6.64858896162937	7.95348950607933	7.37435899356332	8.25850258791654	8.42202987496645	8.61718712415982	7.78872513425929	8.20567809051539	8.97952937512939	9.1839082520996	7.89878880386854	8.40547218032203	8.36963457602587	8.3208517746577	8.48714144881153	8.5595211627873	9.09523814541209	8.475829429245	7.60810310136978	7.40874265259395	5.78126333079175	8.25843445297709	9.80731106043176	7.7008805490423	8.57650921362482	8.59306928219672	7.7069935704882
TLR8	2.02784537357888	2.99018646583634	1.50688061438223	2.20193130004572	1.67374737595706	1.83998215589048	2.58932768823505	2.1451469805883	4.31552052221647	4.09773603676587	3.2985433929151	3.60413208419482	2.41801692490196	1.98274354231752	1.70593472395717	1.8747309557769	2.28006178039571	3.36591525943521	1.67402893457836	1.52277104360997	1.79937839504619	2.32297098238492	2.22548263668646	1.6129415934528	2.4862935804125	1.74914253382224	2.06517973626463	2.06737049232592	1.89711372099453	2.26252555478723	3.21588074189833	1.68341770976544	2.63265182320351	2.85374533897416	2.1512029580084	1.83525515430446	1.75263949564147	1.59337364257358	1.58368444732547	1.76211015999702	1.91579210065806	1.79165395110624	1.51903481647518	1.57167572703893	1.72580802002364	1.71897734575656	2.28958874816553	1.84882419065211	2.14317661979359	2.11752035421015	1.59445109215311	4.03394123807151	2.19232273019228	2.06817567256991	2.78051151956442	1.7437499491803	1.63944330807584	2.32077070178729	1.92249858885726	1.79449313917531	2.18236379327428	2.57421503093138	2.62451363109297	2.48911296688801	3.21445562691882	3.36668936374477	2.40702580898778	1.73674364858311	1.67741021735671	2.66259123124356	2.03977955783703	2.04971129329471	1.93152715699844	3.22162332842371	2.31713156806609	3.25014911036379	2.50928124338604	1.8682008311001	3.23552738944119	1.58823932769003	1.59846685796919	3.56074849688022	2.67687600620033	2.86178340792343	1.79834113300671	3.122658141965	2.09345042963959	2.22662100187518	1.72779737506567	2.21136998668932	1.94496900879541	1.60457186160193	3.10725410425323	1.68862782983533	2.20816407543088	2.28780841784191	2.00791304818198	1.65002118588453	1.890680458249	2.81194462928033	2.39280254163833	2.38664132733756	2.01688976002178	3.08947593892933	1.6625741974882	1.5976144029312	1.94179342843058	2.16613988828318	2.89219070747088	1.78215953600547	1.57106494169301
GNLY	4.17033505378937	2.79486805413781	2.04990283783761	1.54310658101152	5.60578959425502	2.81072353151323	3.57035121019105	2.75448831387429	2.24446183360351	3.30454567697518	4.81435188711919	3.51964650729746	5.72653390763351	1.81708663457253	2.05763752863833	1.76207724686509	2.310616334394	7.22283030426288	2.0642931683191	2.14012438188259	2.82531118178833	4.55046964929446	3.60773616584845	4.80114039061357	1.79274889558851	3.73925928720665	5.08596947666932	2.09208018254943	1.55306957450586	4.96141285634455	4.5453122218489	1.66919953038968	4.13254268669693	4.54335168427419	4.36803077902626	2.37257696960481	3.99619699394638	2.89979514978401	1.69744691313998	2.19315687484353	5.0022975792344	1.70588679937454	1.43685944719854	4.40395536813473	1.52245853768827	2.59944172816345	4.12717310341351	3.14988490255114	3.45879660095241	2.33326096908295	1.95553234594035	4.21092839462831	3.07461327738074	1.7721145126898	5.05097171783274	3.61610184123551	3.67142622639993	4.4518711883467	3.40051691939061	3.62195309283505	1.96934028025209	5.586799832347	3.27701430439737	1.69358298707752	2.30869622107557	2.00001808438892	3.83277145890982	2.47338806002728	1.95052966403874	7.15862121021335	5.23055352568377	5.06114609984032	4.24645322776372	5.38780314292028	3.53742956488105	5.16900582603444	5.14288305620966	4.21700283756684	2.36378111385868	1.99167452106236	4.18628612351949	4.18467273488943	4.49123902443032	2.94738296730966	3.81706664724902	5.25970703644463	5.99861166822798	4.79480762871263	2.82559812428192	2.12444651070507	3.25728761591869	5.04015211386525	2.04252478623033	3.0239540485962	3.55214846521749	2.16547807747277	3.94824881167788	1.9320911588916	4.25157673555244	4.47762327989955	5.51886007630132	4.77674914442192	5.15616401019089	4.54045512991938	5.95698644961722	4.48198746877745	4.86505649390701	4.48245819508397	4.71703207664603	3.79532352245319	1.66296575344524
EIF2AK2	5.33527457417984	5.48952381397474	5.15531962504452	5.10319851836142	5.22306823847459	4.87478505654599	5.83542953147314	5.01132584196366	6.20703898963724	6.26596455719119	5.48197032228932	5.78074555668502	4.90951951359789	5.3577264712932	4.60360013766385	4.70672395782509	5.62014622653619	5.76495961725477	5.53482827624183	5.84499447228438	4.73623913384849	5.2054567569783	5.76358979955285	4.88524202104142	5.09658947061217	5.39312789713781	3.82604038576987	6.10311727755559	4.84710002330889	5.57059592324162	4.66237046708766	4.68634210510541	4.49735841185354	5.68676020717882	4.71933231719991	4.51772525728937	4.24903374359456	5.81062808837911	4.40059225820576	4.86941747599164	6.05688575527229	3.56630768575725	4.9828102883597	4.95873585456908	4.25491661861812	5.1726669129666	5.28127644110271	4.69240515831435	5.32380140970857	5.41317423718694	4.83113757728728	5.50369775322151	5.21703806798247	4.749624106072	5.28887665425435	4.40322717133267	4.69158181477509	4.48792067194828	5.32796383076483	5.10167145680299	5.11389167434904	4.89855614563847	4.99627024102939	5.65068737096267	5.77217095233717	6.17720749747504	4.80593743078808	2.63008738174804	4.89584508755991	5.81725240947827	5.58808192656704	4.90470503729413	5.39800630851335	5.66209025614856	4.98938606505836	5.4398779595432	5.18824989962161	3.71333670319238	5.23142417626133	4.60123071244233	5.59279187111948	5.50648995181898	5.22782988455733	5.12002944198633	2.99712582837821	5.63433221353294	4.46354762678848	5.64395506270027	5.05303329718967	5.37841876307587	5.86892276275483	5.40715698486603	5.26841076813106	4.6229383396442	6.71998135075853	5.71094904247267	4.89823133778177	5.67398455627604	3.8744531963139	4.66670539641322	4.69367146760654	4.92495632542291	3.83083084825639	4.72993002395199	4.54873043238148	4.7146768845231	5.35280921660975	5.28151314017513	5.55467391516938	4.89519981944153	5.314265772343
CACYBP	5.50766291830175	6.19178757300072	6.46036556694284	6.78336108370627	6.28972754740817	5.80797553503859	5.84287156029507	6.27209605656112	5.81949838107742	5.88839156379837	5.33503011624176	6.19481112000037	6.12359944760779	5.81980857018984	6.69656403853843	6.446118496808	6.0430675407282	5.59875694776142	6.24709864671872	7.28412626128237	6.72732298119365	5.55319840397826	5.67515549553136	5.44907871841433	6.09290672319883	6.40687030352764	5.3580620707144	6.49857987255943	6.12896965304692	5.37339833000995	6.18673628483195	5.81918978470888	5.59755441120089	5.57484259195374	5.79958916583224	5.95858933145941	6.12930776909204	6.60720981909487	5.87900933168552	5.66330887681558	5.82144664977231	5.29564936972015	5.88017714990155	6.563020761419	6.56140309651485	6.69579844178292	6.17801972051349	6.18761672577121	6.06902707518841	5.8272379998454	5.51242095546597	5.33324657464659	6.11311453428397	5.92410720135384	5.64300860165667	6.339480854528	5.46583904186116	5.86148501605792	6.7281442489512	5.67459310552924	5.99008255918659	6.14161356829689	6.10311544607908	5.17862066906217	6.16102316839789	6.84088193878025	5.3897708050771	5.50060538639	6.6668724169468	6.54375056540806	6.97235191612871	5.55583104421886	5.89719766704195	6.69584832224917	5.71717126499961	5.5893355294539	6.41668906086845	6.07390328745585	5.9477256460051	5.7302418845806	6.02407648997199	5.39471259105951	5.77221779001605	5.67821532629729	5.31365057910064	6.18142073600986	6.60116781383466	6.31087941824371	6.37091714621495	6.37852327218068	6.51454214497834	6.1708992251184	5.96564583458395	6.18612417923887	6.1976843567147	6.26148111856089	6.17870933112377	5.57174969091834	5.6739369815407	5.90281085483637	5.78022763766724	6.03933752749886	5.62990295041314	6.20278818311628	6.53435433211854	6.03888761859418	6.09820793894112	5.99237527122612	6.51884703484329	5.85959464880833	6.1254569673092
BST2	6.96537155451536	6.30164316714062	4.10344751553028	5.270444761222	9.47314701455474	9.02883330871127	9.12711314932067	8.63986684146259	8.45490407819154	7.85241203961653	10.2351948773275	8.97113237464842	10.3981156731294	5.47657914955788	7.90857424519934	5.25105425620716	5.90455714640846	10.0968169903605	7.68948627985054	10.0036758148171	8.29168906994673	8.87509497432083	9.35993878313166	5.35941678547963	5.74296935941787	5.451229251653	11.0214682516062	7.48786784251891	4.95326358678591	9.8283800876028	8.78085351981898	6.31701155115931	7.04762569677357	8.66300526917801	5.82373957340388	5.7612316267969	8.14145586173638	7.36315923524615	6.21763964988184	7.52831253659135	9.70736083028802	6.27909528817271	3.664435380614	7.98793643344341	8.67515189982746	8.28393947797884	9.15363460980289	6.53312446980973	5.60681862660863	8.1124405747196	6.93424830860755	8.10697522741348	7.5102489966432	4.70765414149989	9.29952999230876	9.15649656071171	8.29867244846379	7.85950598764635	10.7223000449045	9.10919699038288	6.49099978461893	8.80662862710514	7.69642295653176	9.2593722633272	8.04024059126243	9.48455005594688	9.18246785370828	6.41201163452282	9.29883710678306	11.2472872024927	6.78410513013572	6.00387744395343	8.05522153582072	10.1391864305757	6.5667603341498	10.2261064097423	9.13584022779802	9.02167831841876	8.29219625212025	6.85287900672341	10.088705476411	8.2205907780279	8.9758052542402	7.63137856417523	8.69011940958969	10.0363334726359	8.62590540994858	9.29502026255289	8.74811880986873	6.54747294621952	9.15433779793873	9.6391203789122	7.09126557220985	7.75137257951033	9.51852639555009	7.37609250255468	7.93244752152766	9.22763697354751	8.79318461803991	6.36947039150836	8.65097463872448	6.67842510953454	7.69332655238292	8.65535791805708	11.393039943226	6.82616958099162	8.55643201184801	7.82099852278581	9.72504093826635	7.59633235598574	7.72847325496651
PLA2G2A	2.80448959308932	6.19949185871625	5.115952633061	3.73030253728388	2.53866142597953	3.46061236615611	4.45504403484293	1.83091915961328	2.60667823073846	7.01256700227861	2.25809716080931	2.03031241655341	4.04399566757173	3.62240553533525	2.01787836491937	8.34105693073338	3.07849233453362	4.33102572167396	1.94064956194716	3.33101067807229	4.11801495448842	4.7437445939263	3.26225532781968	5.59147450976959	1.87954910196545	3.9635936559409	2.76940736325552	4.60713942369116	3.45612404860282	2.72070035463621	6.64219057710961	3.04723267156442	4.80542451966501	3.08948597958759	2.17243164739659	3.89854472459801	2.26177891605516	6.53433354083489	1.89796424657365	2.80585652461691	2.00722450565163	9.11123814434108	4.8930031879851	2.85539470231205	4.10869610076835	3.12164736784206	2.42057564654222	7.35771421924577	6.78497662037627	7.85699036014814	1.90249978119576	8.64904079760814	3.36600689319522	2.07837198772115	2.6568206825242	1.93354564649918	1.8472396142004	3.72605823490858	1.84237645918422	2.3492554345443	2.22738394928847	2.12241677948545	4.96290091295725	3.39268440828318	5.27531435351693	4.03543478460023	5.18724284936433	1.96028097312984	3.56790338143395	5.12723830757474	3.19035887215796	6.07472756703464	3.66958526265015	3.17260129757837	3.2813783807236	2.15816090579068	3.99296109623334	2.4843816808337	6.15702631818123	2.84404049249968	2.0547853491452	8.82449144073114	5.24938933891526	5.56009425225019	3.44191544882851	1.95394414118968	2.77855120962798	1.98623475003971	2.97036568612871	3.20923996510856	2.50456035085238	2.49257985653346	7.05708281486694	5.80097446337895	4.81473900064494	2.34623848568089	2.22229887392132	1.89096599690429	2.68973906629247	5.87982568699886	3.72099858179848	9.79599363386009	6.55525418778075	8.42498774758701	1.82150308304848	3.19663380114369	3.8812525412341	2.03964033528478	3.2804589227772	6.66204145896453	1.87540784829646
AHNAK	7.27049178222855	6.78790726854968	5.44677182222124	5.70358785112555	5.73377985905348	6.24116005196044	4.685534096432	6.00908737364781	6.59513506372889	7.57687434574007	5.89477431678814	5.37394334685482	5.69504484798905	6.48081131394185	5.8188770722357	7.19892264622392	6.29484757384379	6.45883431875213	6.27183790020473	5.03021988843738	3.87347025666955	6.19898462719748	6.55367766932163	6.57343267973973	5.9286486560477	6.66368330339577	4.89685552126359	5.97306568484027	6.91421261854029	6.20748985377517	5.4839068051464	6.82447427701126	7.09601053340941	6.37450661964008	6.44231135324834	5.40186195216012	5.83901802809157	6.35072028044233	5.50279086782762	6.45363415752418	7.51742679505484	6.60878931689138	6.28546414327988	5.59938078703406	5.20927760196204	6.4747352078679	5.61226173415236	5.82211419673797	6.67785622268297	6.33604452432346	7.01621325647836	6.50726113609267	6.43314098989685	5.89511701193288	6.11267599908361	6.52642495216339	6.542521528934	6.43402491374297	5.58233400992509	6.70531076667269	7.02004153645034	5.71958347837731	6.20652960264912	6.75614278126305	6.09593778210415	4.92892594631004	5.67259523411095	4.71121236315426	6.42823620627001	5.93407643535378	5.08079179104272	6.65953268982821	5.3793854631334	5.92102875596654	6.00173731889324	5.8533360196168	6.07764910600776	5.40997818217832	6.87605080570406	6.43934900818841	5.83689524088393	6.44394015785825	6.55115439712413	7.36851940735103	5.16563566017584	5.5448901170035	5.10119367300753	5.18059740096155	7.20273724941094	6.53704199554921	6.27108060484838	5.84276513561503	6.33603499636207	6.55072409789423	6.90493291079552	6.5867592348499	5.70090028694605	6.35388651102926	6.09216807331426	5.92311719942088	7.06835743489261	6.12646852676341	5.5620946283721	5.54325224983109	4.32237731496554	6.00022649406712	6.31147696316758	6.29669016606158	6.91971681404704	6.58531569225085	6.3545158481946
MSR1	2.67810153219306	2.53832529326081	1.94092753489402	2.63241216556747	1.9622029633791	1.34853012794269	2.58385413388565	2.10777222384468	4.03155659646046	4.52088039948302	3.48752590689513	2.93179043542636	2.27012699161492	2.21237822690256	1.3203989970846	2.34656420350318	2.73705101624049	3.74594685719156	1.64886264032679	1.41870905803468	1.84327307151294	1.71505899594997	1.78132514284622	1.94870976859574	2.99588526067127	2.47655639138721	1.35643331729522	1.73572741727738	2.62923190960322	2.71190825757016	1.6547251353182	1.50055615224136	3.17414992270139	2.85658058341148	3.27079392351266	2.01138669176806	1.48128344965646	1.75152174158541	1.61296160303791	2.30104431570201	1.86405070701127	1.69568447292766	1.30677952990136	1.65000205656909	1.72236902498414	1.4937497991178	2.44237004755983	2.61868405200804	1.76580054712093	2.51845300554945	1.67527285040631	3.65923639116812	1.891737302592	1.76975381772584	2.11076742611764	1.42858651090989	1.68328842893872	1.72595245292574	1.86384839588716	1.71547121013075	1.57154730638267	2.40495255329536	2.29590964284414	2.43376878867585	3.69094562404468	3.14127426529641	2.80876348081189	2.09541630290291	1.83307547439594	2.76096540883243	2.45651003079271	1.90625832472271	2.38020499858803	3.07022833066367	1.63643136290839	3.6625994027585	2.23167290266402	1.89953038550759	2.45377795632791	1.39535551593664	1.523391229979	4.01035542582191	2.27538557316992	2.51080684227195	1.4817107787709	2.86036837363245	2.90208449338673	2.77639506872453	1.85167012276692	2.62390307009103	2.1362193491276	1.56029986516237	4.14379426555174	1.79733331579727	2.57759295874168	2.02150696926862	2.11184981162184	1.28760052677522	1.59073399648414	3.19138644301391	2.27722409524241	2.34747044091812	1.75444047430212	3.03917634465543	1.96574577156761	1.85317290417934	1.79485612725503	1.66428554612957	2.56540877447096	1.73279511289559	1.37081313567595
DLL4	3.75993178025353	2.98037829749933	3.78985756998067	3.71738854933562	2.69269365216955	3.1379633038036	3.43254225197897	3.50464906235268	2.97238058674751	3.28671879638816	3.20647719080731	2.60802545304948	2.79615048183023	2.97928855270246	3.33058772925545	3.22660484760954	3.19513074125856	3.27763120506641	2.88541683707541	3.04945784829093	3.45316867966182	3.19217287219084	2.49151323198873	2.94627301388857	3.01505854012064	3.32035192712949	2.51706066426671	3.09729794479395	2.91750752584853	3.20837364046152	3.20697898548914	2.5481486459285	2.74449905378377	3.72043307425779	3.35389107214537	3.00225259132054	2.99419631565292	2.5968978742991	2.73036622021577	3.16717359484548	2.33435984310873	3.06943898785754	2.66713136787777	2.60937037692686	2.85823358626614	2.88076810417216	2.9874953128818	3.65652267644524	3.01294178336013	3.56180997708595	2.6117369212946	3.51438474197783	3.48414543823295	3.56125458272436	3.38244568438417	3.4710566373576	2.93979046292352	3.13049851287157	2.76825913223993	2.89380171276804	3.08537013099834	3.14554238772273	3.44541627302415	2.80820844875009	4.07787381325708	2.48341634112676	3.32882497120314	2.33758154523892	2.2201386104171	2.47390007415378	3.29295679923391	3.73282025836033	3.26806841029593	3.32915086061735	4.11458399430646	3.30261139567165	3.54093115800342	2.7566341668896	3.44180092046124	2.57908947684287	2.89829374381196	3.23414496769085	3.6522700837519	2.67823369019388	2.53039351689838	2.98902745688039	3.51904475543021	2.62544961993089	3.02303769808987	2.97991047595408	3.21278367001822	2.8186389893395	3.79047661595924	3.12500151100263	3.35069308784411	2.78926223639446	3.00875796741207	2.37784811564227	3.21149314953708	3.76878609896303	3.49180464718154	3.41153146007877	2.4757679883959	3.64779383298241	3.0390215461031	3.16975011289951	3.49951969830711	2.90432527366926	3.15473824806767	2.83508184635655	3.31823934605668
SLC11A1	1.85275850083945	2.19136787092213	2.12529268278072	2.19151426790349	2.24531842626685	1.68898246090526	1.57765873452915	2.36117698743015	3.00708151363998	3.38886925815865	3.16779613760534	2.19410023496406	2.73861963061519	1.84566809127129	1.96264031744226	1.81970619927107	1.820769022464	2.4873124895062	1.68810983672028	2.3295927028527	1.60774185026767	1.89308916798642	1.91608839657752	1.79906709195898	1.71924883320652	2.04587812657474	1.38150435742728	1.51570820604853	2.07516475603223	2.19207788361152	2.30435471782715	1.68249353176984	2.15858696274901	2.13701912709985	2.91016877043063	2.0781551912778	2.06951676039094	1.62538138946405	1.61394996191941	2.30386176395226	1.98339022756528	1.45387961406617	1.6655500013146	2.00823648971066	2.22600541074899	1.69242982640431	2.19307419606927	2.3876296744126	1.62829417371658	2.02325149756129	1.53497556517207	2.66402603673278	2.0515937783192	1.76609609191819	2.36393476357727	2.05022122966475	1.96678602208508	3.22167575570808	1.89603626163839	1.60198803428325	1.72999555095115	2.49587929242927	2.11541292587831	1.59917131921922	3.02285850409518	1.69021290594082	2.82749909619148	3.04847071062586	1.79847433937651	2.61356634806457	2.15585719899068	2.20496780657835	2.37357006870032	2.01020681364094	1.73776872332622	2.32000033060707	2.35625916858523	1.99642142093831	2.55873322881975	1.60988328583525	2.06535053356854	2.24524995888928	1.76647095576195	2.57522271557641	2.51873074058859	2.49456626427187	2.30859115733434	2.30247860744455	2.01888402577672	2.56165006468155	1.9662449599162	1.91853473552379	3.44873351838998	1.72417635152008	2.34266298490239	2.54235177832334	2.08553098501235	1.67871142940179	1.75763042646979	2.45954526153854	2.39541597041938	2.82518217179233	1.90538018135454	3.24031698582939	2.43180506528826	2.37850251280574	2.34714465457203	1.92095818838314	2.09705373328599	1.71187674189536	1.70169914140916
TNFRSF10B	4.7853150505195	5.50363371062864	4.66744434418013	4.31588213666965	5.4154456518479	4.53519387591059	4.69790395327955	5.26082945759999	5.12036624641765	5.33835735355464	4.52691592056397	5.21348594852645	6.26831542442227	5.17571389963081	5.98119678258013	4.91719040399474	5.78629238929735	5.00424512967821	5.90013644086087	5.10525839897292	6.17849024986111	5.5014920869496	5.63982226563307	5.64138098148051	5.78414279066653	5.5683679792877	3.70087238315426	4.25697145356819	4.30200808462083	4.59931749389151	5.92161344389582	4.66395471407028	4.7004812542643	3.6188361347092	4.81345457510557	4.78534291705809	5.8919207844339	4.48083863235227	4.45379726625371	5.29935037662078	4.93171362698435	4.14446757360709	5.22541455783952	5.07963090955814	4.97802243690646	5.57233552623278	5.51582657910095	4.5874355607857	5.4878520735959	4.79920620116313	5.30242070773568	4.7963255265079	6.31791057886641	4.81957742332403	5.86045653108465	5.31565059392363	6.009732275455	5.30306269421401	5.57661104046604	5.0681053480516	3.51241689812942	6.32431418712112	4.45419187492772	4.89127185807661	4.99678828097904	5.40825554282303	5.26851685408518	3.07552349910437	5.31143519527512	5.30456465139838	5.99133314897368	6.56196657951095	4.93340000862041	6.37995426888427	5.8793679931873	4.31881112488503	5.50000746261431	4.90872524845287	4.86351085419517	5.05156064525045	4.40223412804497	5.24238729082213	4.24680601856791	5.41658009039041	4.64552932596086	5.29458796587852	4.47147666565746	5.23502386553776	6.47467424682799	4.09768819763503	5.29878764520919	5.92360107925786	5.52310219584756	4.81427790782658	5.1178923980692	5.30852340415249	6.36779170660213	5.52180603382048	5.81943966387433	6.26041452819786	5.44765633462453	6.76991422500252	4.13717063384538	4.34636901391216	4.88177793696132	6.0143924420501	5.41661621448955	5.5685752800665	4.82677961627587	4.78577901946707	5.42612487925425
SPINK5	3.02786584117184	7.67731455754344	6.59163358121595	6.91396988291287	5.47336686275256	5.6893676267684	4.94698951225693	4.55497504006697	4.80193832605461	7.31147046722946	7.65524682912325	5.85183060398685	8.33332111221303	3.99437474224583	3.3800385564313	7.00327283817771	5.5275874239075	7.1677549997373	2.86706705271228	9.108004239084	4.90114182599889	8.56683446395137	9.07823694690298	2.64880546807626	4.8932033688848	3.20435280741178	10.4309497014427	4.81018404929644	7.8403839491027	4.10763222580782	7.70396587696633	9.79032724779102	10.0806803255266	5.7779844807049	5.46682023627641	5.8837843701279	7.72519449285125	7.25177221420576	7.55737256647387	8.55684923082251	6.97628931317447	9.9590422165564	5.26901092225504	8.59757367761069	9.07265483791839	7.15660603444778	7.16973552883224	4.29322322046138	4.3055177046817	9.23685857625395	9.4011482135678	7.75649817378683	7.11718770807307	8.27490011310369	5.15605176903895	7.41776460117361	5.22596890570701	5.34460972287485	8.58520204505982	10.8576477485329	9.11523536671839	2.95925406095439	6.70502770735661	9.12898601600255	4.70402753584105	3.10415098504813	5.15735706392242	6.32099273607451	4.23938846034765	7.77272625775529	4.41744253750779	8.16792036692253	3.8261351418878	4.89470596240919	9.23141505205599	5.82044031039068	8.9318395258489	10.3600014796633	7.80061180830444	9.13726858005822	6.92137802675833	9.46386865548929	8.38431869828631	8.04710678145215	8.28296564529495	5.8281354919313	8.54793311873693	3.91205878053104	1.74222866976872	6.01780317067697	5.41401880649852	7.22241478727569	3.93146292821824	4.95040208669574	4.95814647385268	4.00001246605672	7.51644603358029	3.95033315740144	8.92842167173671	7.12667987791687	3.3778298003515	7.75722672278944	4.5948034060866	4.78357289911817	6.86316428205688	7.14122660849601	2.4445818632155	7.31121537563808	1.51601009276241	4.12502820040895	9.71214296865258
TNFSF11	1.72744363703728	1.84038399274238	1.3386225321828	2.29321998882392	1.69822498061744	1.9547483709766	2.400721664158	2.15171797273257	2.82754257342832	2.28569539712922	2.02377262547507	1.61090391807948	1.90968217349522	1.39888169233195	1.28782223992733	1.60009222996653	1.84349868222946	2.04601076637241	1.399134377509	1.3133413785498	3.11720231011566	1.62827092009648	1.37315187653896	1.41820342107848	1.34542799486064	1.83671980779698	1.29252721408108	2.10550764837126	2.32531769957527	1.6301882672705	1.84669455871835	1.73088879293494	1.31558774110894	1.63151740413676	1.84345271557419	1.43224281557454	1.39560703280411	1.39207725404711	1.3407279551415	1.85318982252009	1.35066333367378	1.32476326565186	1.33442509814031	1.33670985088473	1.32298547813539	1.41275060617701	2.11980690248041	1.78585003959679	1.38760821576199	1.85512207290178	2.48128344562286	2.24230104761881	1.3406417780381	1.47505020785556	1.9402224862583	1.31509800168914	2.15651409597208	1.4459661924959	1.57484116701416	1.43426210480362	1.63892991941716	2.8850560601379	1.61328429756779	2.29053078875071	3.1772094638665	1.43548372278433	2.73828188904797	1.7126752141891	1.62988977895412	1.72233443976074	2.46073385599889	1.52698122554453	2.03270523550519	3.44444975187353	2.73029723471084	2.11907814416618	2.46031718548059	1.47204189091431	1.73966779757005	1.85351231272442	1.36249691777469	1.66101560601632	3.05912031619835	1.5795925491037	1.28377247380342	1.95989866292839	1.97727849658443	2.0691878512468	1.34648656709163	1.57062495765404	1.37201093109242	1.46952972267979	2.71307855041209	1.45935712370192	1.39940595149774	1.33691627829237	1.29572646481702	1.67219916579658	2.07771914671345	2.42116449531754	2.70367371361497	1.66125204516259	1.55172173757978	1.70518232478775	1.68267438961307	1.98563845743223	1.56179971860646	1.34976120655337	1.31857305138172	1.3890136609176	1.25384055072538
CLDN4	1.7265173829956	5.77655833216021	6.0244718014933	5.17811156360806	5.73249963983075	4.69721875612853	5.54011048574397	5.87801774719504	5.22348003710119	4.71343021305335	4.56259079568996	4.99057011135467	5.96581360604534	2.55623803396597	4.64506414280363	5.5394562235199	5.21715982562609	3.16873932111554	5.81628628448142	4.57339400419566	5.11382830003692	5.92601302978978	4.54039871819095	3.14669532510087	3.02281383668804	5.62931257208614	5.66665840107009	4.63934600486657	6.49282461818619	3.23153995055313	6.15259137894628	4.82182988033633	6.70715030147313	6.21045929033487	4.63340177091447	4.89910197055744	5.79411832136318	6.59352198723996	4.31250953942461	5.20409267671022	3.79484656251662	5.09815271645354	2.52774592492577	3.38568652326391	5.01645718097489	6.70526380560769	4.93294418779137	6.75046431260755	5.52376385817911	5.80810454816723	6.92608659274948	6.11608528130259	4.03568919580058	7.03427073730837	3.74033761684653	4.42273777484273	5.24957586795859	6.03997977741176	4.59896829237856	5.85373447621453	6.35085053283112	4.12765770859485	5.50886926320569	4.97120573869126	6.34787277191547	5.04939086457312	4.91627688766698	5.26975353950042	6.19823650471103	4.73438475815868	6.11815541328974	4.0260657656057	5.33667078557338	5.6050941943828	5.62781681210731	4.26992246333769	6.15691946131935	6.74860073096489	5.52296007528291	6.29369086849199	4.98605640210284	5.41028945565398	2.30527678122045	6.23370774651733	4.92265057150813	5.44002198265776	5.16548411179596	3.96560679940157	3.86044862527558	6.1422199388816	4.67459325692386	5.00590767624125	4.77293222073038	3.08877691289028	4.86643826847194	3.67737312982843	5.78273050363174	4.79805969270032	4.08656385457947	3.22141025918659	3.44319482905898	5.68584583068321	4.02781389441992	5.78755676861833	5.71136401567158	6.48906093291074	2.65261127180286	3.49897859920555	2.07316892290901	4.92789055014133	6.82905434523866
IRF7	5.78074700451249	4.53715225297477	3.83100859243353	4.22272264670878	5.99619666708339	6.63478175757878	4.09449066357378	5.60657376721285	5.23336286786377	6.02377630342763	7.66523064254376	5.2976411367695	6.57350414513322	5.96132936319552	5.02570206014672	3.86811570990429	5.11575133642024	7.32088001119173	4.84842351143182	6.31581497080165	5.47103675671611	6.26848405548864	6.72621873485529	4.68767565070363	4.53190239592943	4.58908664011681	7.34636712034015	5.57407060328488	4.27704209911203	7.01408062806475	6.29761956531624	5.99616833053127	4.52950411373127	5.58399669521027	4.74097714592102	3.36872976569259	6.83010593294757	4.25323559581512	4.46049830435933	6.53002253987033	7.27786873209093	4.09071213528109	5.09902823785356	8.19679923775107	5.72014001434849	5.54703696089149	5.4366045349967	4.17216021796224	3.92020527320429	5.39162438639394	3.72866988874673	6.02851323600634	4.21143791675163	3.53744532956925	6.58061521596395	5.96056036370831	5.22527536787833	4.81341786720291	6.05402458071159	6.60334104317207	4.78174299891485	5.82889913715682	5.20604938922982	5.62750091172954	6.48745984126256	5.98147784644449	5.93538654398541	5.22837053164584	4.79893316301491	7.10840984674354	5.99939599581306	5.68845407184583	5.49989303313716	5.67825614138007	6.12453692362925	6.95594338815947	6.00224903450859	4.89573267711459	5.12893537433215	5.28285216778546	6.63925454811973	5.41077094547198	5.2462898037089	5.8066424413225	6.48982775456993	7.49427124588723	6.356587767115	4.91094455865446	5.61197363358129	3.7027538499129	5.79582496913787	7.11994049011883	5.03444638722956	5.2213664148436	6.59977872382335	5.92214423835915	4.61837139957635	6.61634731911408	5.84565699378227	5.63519036817763	5.10948600686545	5.47646012332351	6.02210268637679	6.11448601677989	8.32141960830646	4.51600986953289	5.21269602763021	5.72191341009078	6.52163456512093	5.1202423548298	4.95973870331812
IL18	4.57079841650651	5.06304085284648	3.52322733014063	4.88452899400331	7.28132012682122	4.61425087975179	3.85576872256706	6.99226228336413	4.48848549888562	4.0959160684913	7.59626861492541	4.35231525270488	6.60227475943758	5.37553233810229	5.97818178174064	5.33486875399423	4.51732965496136	7.02020730667108	5.59048693813135	7.36594414767018	5.06488168542812	7.00332554536766	5.84003499426611	4.74275492533996	3.3045850815034	6.49666031936005	8.02363361837931	6.98225109763965	5.02700928606033	5.14258521075229	4.11914891993739	6.95295537449405	6.07641645959583	3.99837453034263	5.18990761951136	5.01626957341004	6.55094409355967	5.68786293486461	6.38288747509901	7.82051374439766	5.8291867618319	6.42635220374087	7.64724794001977	6.97677188690913	6.40904793830212	7.35251355320533	6.34251073179687	4.7319331038708	4.25570316955912	4.98861266236935	6.13733531357028	4.50964236203825	5.52692977752954	4.1298320969122	6.36452985621767	4.81570283357555	6.91732825285824	5.97370562576985	4.02097575430241	6.395684832124	7.4867682274186	4.03827673956152	5.75339197674073	4.54431953372658	5.29895688392106	4.1483492639105	5.58020953657698	5.02354883432007	4.04513760777774	6.57139850282385	4.80017371280605	6.19097816726455	4.22329718527392	4.9889817023101	5.37864251424845	6.30555447270731	4.83664773043765	6.78649108227089	5.21034661701384	7.57845785934927	7.28253876129397	5.14825907006774	5.89216240511449	6.53984668138777	5.7791257750654	6.14579933141567	6.31624421685997	3.76546425189799	7.57055185549836	5.898027092274	5.86450459071497	7.30504440443981	4.52577210252754	5.93501232374695	4.821998324691	6.67644107573616	7.71396820419966	6.45196232117253	6.35345258995108	6.88492223125628	4.23906636215631	5.83736704153284	7.33337319067082	5.28883222764129	6.8070580011511	6.42434895284172	4.79477214270132	5.56976055040356	5.81472448711147	4.9671115231141	7.01843992461324
IL7R	5.33782887265223	7.75811464296678	3.97130563645592	4.9802056569317	4.83698522800356	6.54956798752465	5.38370295722762	6.14947817599425	7.14848706366074	7.01716073256215	7.46686687783212	6.92698286716331	7.28177184090745	6.68272993133888	4.82993633210286	5.23869460113381	5.52952198260929	5.87271775468083	5.3062083504787	3.54217010738709	4.72154730311138	6.06572281030274	5.94901776932441	8.03854590675644	6.09156960340821	4.59434119117442	4.81851769828214	5.82097412172732	5.36598651878105	6.59961573493586	6.37415082776411	4.84307256884605	5.84703822721502	5.31876089115839	6.6127532397511	4.75612688925311	4.32644489548796	4.28673668372841	5.37781888373216	5.44614343620495	7.02058526078869	4.69765653477757	5.59574188857993	4.19702267744288	4.79398853405253	4.40796915393251	6.07949470068108	4.08638887235765	6.0250821747107	5.84049387602428	6.81153017512038	7.74934513724873	5.59636767262031	5.1253818507252	7.37326017280705	4.68952245535619	5.86818094789025	5.70075615602211	5.578038231242	6.4705221649056	5.99575831547061	7.113606244442	6.43369441703945	6.14490502089643	5.87604339019378	5.8636301088956	6.05004245950363	3.743929434064	4.44905162568615	5.42834233472793	4.79237855248223	6.57560932334755	5.78476634195284	6.66631419287945	8.49658889131783	7.81175548394085	7.02577029562928	4.0838245106013	7.21201801379503	6.13182812589388	4.17342171475375	6.7623613921314	7.15344758408294	6.14874831969161	5.66464480571258	5.94922425926207	4.41337198156377	5.77666202686254	5.51384911979727	5.5608055415564	4.5914788492163	5.16725500677845	8.42692095946152	6.43869870123327	5.30393870911183	7.24455691813761	4.54084618589315	6.44738443518293	5.64214968196331	6.39634791682258	8.3681289351442	8.93089321559551	5.25322897710699	6.09366203778173	3.97110261763591	6.06942433511357	7.18609482091796	5.74807080857561	6.95280741015356	3.77454858251891	3.71522226461181
IL1A	5.10748436258606	4.31101127472167	2.34267088876557	2.99116961346465	7.99139381710331	6.860721264766	1.96736724327686	5.77313817922152	3.01262196852452	5.81321506627811	4.37400646912212	2.56846349492353	4.67023164813451	6.56356012853357	8.22235045557463	3.12786136671306	3.73947373043762	2.19377834717605	5.50291519431678	3.3876481336274	4.58698230297601	5.34283841321236	5.28867059573437	2.44482993173343	2.89694302910641	2.25204884296643	5.10105729796738	2.97545807863091	3.99440034638944	3.59727057775378	3.50320357723299	6.51393842198712	3.38856594918285	2.78456421079505	2.75708144985504	4.25266158566934	7.34277462982396	3.79364909546558	7.24237605505341	5.92747896869126	6.4652933530733	4.3092926758458	3.62781941160554	5.54524715947116	5.5381348441036	5.28855370041912	3.26068715353447	3.64965745528345	3.23348973048539	4.58776464028259	4.05049384565571	3.25093127893459	6.01551732909824	4.2503997764232	4.85786371196104	4.71487299224185	6.91440313864104	5.3643223937081	4.52311681693411	5.21306092195681	6.13400636275439	6.39789006085129	6.38000647813548	3.04340955651527	3.09980056353798	3.52140742410329	4.70352709833712	4.02716112684727	3.26887738229751	2.66702842216498	2.84056510935435	5.70633849457372	2.92068677589933	2.37106207843695	5.64288063847675	6.6558794763929	4.98014570112587	5.04195294997093	4.90749695554208	5.50329940008728	5.78244085068624	4.10597152950508	3.18872857477468	3.9281034786542	5.6038578054878	4.27162537084764	5.17237814651848	4.41016009411135	6.3385318369202	3.39625574867937	3.00745586123211	6.95087316057717	4.33862600063416	5.81623522824104	6.36101922519723	3.06151034596294	5.9570887143678	7.89682391736466	4.856114666244	5.33185108493582	5.74182295335557	7.20559523539597	3.29045828759056	3.89327261671585	5.77770887035689	5.1468130706107	6.27141293610369	5.42631331174165	2.94583317587142	4.42507460757097	6.34961001270885
PROC	2.25117423386429	0.95304153621982	1.18840678471191	0.928629825112012	1.21539770907433	2.43773867253031	1.15264360803939	0.903200389125273	1.29670648744734	0.845460313054969	1.84963393163574	0.821570022020015	0.910366856170577	2.36906612995546	0.814864615425927	3.04180340151329	1.06441318359426	0.94943940050867	1.2972738882347	1.17346880045385	3.64103956521859	1.05334728745797	1.42374094591675	2.22805142252903	1.36179297687862	1.16525928699065	1.45847493260241	1.76467439822796	1.42751467574799	1.52077942367995	1.35621423941504	1.46047752000747	0.981908508701674	1.4580903861241	0.971164905370106	2.79999899478656	0.85354874644278	0.817311135525817	2.10180835284261	1.96997868020287	1.48016205434763	1.06536268801433	3.40138630005039	1.87583625143202	1.0247610849139	0.794680083746643	1.55217824182761	1.9452432906759	1.60965208875029	1.16455275594774	0.886693773351024	0.999938840925866	1.26267737922455	1.17514900991252	1.21451838478778	4.07477406854538	1.11746920636027	0.855754612613324	1.37013124029705	1.00130130070799	1.53828302301883	1.35097994846506	1.09090005938183	1.15382063905318	1.62122796784433	0.996259210138676	2.92299829362168	1.77238492324999	1.24292614918493	1.02812446576715	1.03991654389608	1.82949680957648	1.24427805164974	2.78908679707318	1.54232848778144	1.08982433145565	1.62134819571385	2.71465120513081	1.3910267442384	1.6731936772285	1.6597448333623	1.41468749695753	1.84714365863861	1.24208952462475	1.83104106815684	1.42891978944431	2.05873016958015	2.57830395081008	1.51905045634244	1.50373187198653	0.842054230341987	1.29875858493566	0.984974933348074	2.1956386690131	1.07508802783495	1.15861703735931	1.08151982837388	2.37009242115622	1.93989786174171	2.3648950706616	2.59254822059166	1.77494724134926	3.07806658847018	1.10461141592925	1.19175550128446	2.17670534007186	2.27157805265049	0.906825369221267	2.21874576744899	3.84673693917834	0.802801438976417
NDRG1	10.0303943840204	9.12894079059117	10.0348786392093	9.41187617269118	9.07270381471609	10.8620370358157	8.74460434924232	8.27569966124203	8.13166060156724	11.4437193567716	10.6126269482834	8.70267658277191	9.55753571183437	11.2580709170841	10.6475888734189	11.6669117369383	9.3487041850097	9.10418477632157	9.55830607430884	6.32524453907253	7.71533032677933	9.84914489860221	10.8839812792834	8.89559519215907	8.92582711130385	10.0253484436101	10.2488415312507	8.10647586918576	9.30940723981919	10.6523775934692	9.79167802917671	9.72873097563545	9.80280490345113	10.7391866735996	9.69255404973774	9.57267944110962	9.76259594031662	8.2515941549207	11.4866474277602	11.1700417300465	11.1944630629061	9.46296800715196	9.86597002349762	9.66938990069211	7.91337036195222	9.15014969281204	8.33304948907987	10.7732312996652	9.13928721567552	8.80238223647744	10.0561488200514	8.74785021903221	9.72575404616822	7.95948732619872	10.4976755376364	6.09549125714454	10.8533153067891	9.03059977601487	10.9737583884278	9.91215969542609	9.0425734704143	9.78446080418058	8.62949460520625	10.1573662856735	10.4522858801731	6.63762308939435	10.4917075802507	10.430305686549	10.3943608921888	10.1618947142896	9.65787790929833	10.0428681089998	9.75485649347417	9.66180044717078	9.29843791596186	9.81077196581022	9.35302286961124	10.3920227583579	10.6021323741923	10.0663618494425	8.85784051526214	8.81880815151431	10.9403108402016	11.0035351712138	12.0402680992452	9.35300836505092	10.7832690069946	10.3865726470769	10.372606055801	8.94919802887712	8.7074819824792	10.9831503688937	9.6463308585501	9.63432121853541	8.71210360649103	6.94004356944124	9.67595690494068	11.4746580204199	11.636061777845	9.65043523649395	10.0318551652578	9.52954523378288	10.1704662814388	8.77919469539351	9.48633027873049	10.8521734728171	11.5289960734272	9.35477868933835	11.3394544606626	11.5313657143411	8.79651355075796
IRF9	4.79639534467848	4.64183839690457	4.04852798309294	5.02219017031755	5.89999122564786	5.17038907530232	5.67516834387123	4.65181846243433	5.1016874486806	5.05563543284192	6.27400459480114	4.1211098362153	5.61334081449375	4.35883344401882	4.22953217777467	3.8055108667531	5.70818478382608	5.26507535554027	4.57886190142203	5.65498104345304	5.35484244568533	5.40553989336576	5.15390011648322	4.43521423460793	5.09173487084091	5.24055359382246	4.61679901946487	5.3697242533536	4.01023288599833	5.51262782510139	5.06595859272071	4.97943860100673	4.39222641335737	6.12420976189761	5.03642879205247	5.35120050339144	4.82382550419377	4.88613185813693	4.90322150012492	5.47909065520478	4.84075360891413	4.12131509595805	5.30172399155232	5.04537629596895	4.58096237998919	4.76456834213486	5.1156990235934	4.48831476919706	4.61870941999892	4.78756656739925	4.01522672645461	5.56948242435818	4.37519007442429	4.23481469723197	6.41289983143739	4.92294618823584	4.58765554877523	5.11915553190378	5.52185823356311	4.70554175247841	4.20717488810009	4.98022579494245	4.63152343410642	4.34818197789264	5.56464409099617	4.80184801740787	5.94038644766699	4.02056898837658	4.081720707047	6.1175205743353	5.29452541222735	4.45319647586922	5.16450037317759	5.43475869424733	4.64475103027023	4.67253021598968	5.15976184921643	4.38151114998891	5.10913985028107	5.54644416870451	5.66525959906419	4.71135882337838	4.98274100713152	5.52439536025426	4.92287823001746	5.69535366001437	5.99312321001945	6.7278397541114	4.43620395821893	4.8566350548416	4.51411785000148	6.04019817645299	4.62304069581827	3.94844169261371	5.0861979533608	4.60411156518395	4.50955326871431	5.2762102825532	5.00457098427673	4.7024894833894	4.39229718955054	4.68182943298257	4.6625723669554	6.27594755893869	4.63534293776609	5.80589684986901	5.04032912941434	4.6137360902738	4.5903498143536	5.28985006339283	5.29706833740063
ABCC4	2.6423526615171	3.85314838296317	3.31792045521673	3.76602338656751	2.5248368419464	2.62584511683793	2.84883054023746	3.39010643533649	3.2821473475105	3.00805780761179	2.68125225216593	3.55591219468954	2.8769008101756	3.43835333654971	3.3619003695335	3.27707631440365	3.42645958738511	2.93096088364143	3.71973005107491	3.75424286948522	2.26871697229088	2.84201170219704	2.64633719304611	3.65318297259172	3.17288456399784	2.5865741033594	1.79228350308933	3.82215762365429	2.4522262340263	2.36436143195633	3.95479813203717	2.28403322009918	2.74927523222257	2.83892789587254	3.77706854578696	2.95084951377498	2.86646297626389	3.25315549133957	2.44244879144128	2.65577423589456	2.49398052458994	2.96085455458544	2.39433264890626	1.89799854901244	3.26635917789915	2.68051095860941	3.0693250989781	2.93682746672175	3.09451564992622	2.92143125378665	3.11873517141925	3.19133727441829	3.40863006278188	3.24094326003015	2.80892839783235	2.65080122559302	3.04910410459188	2.50764495997205	2.16139328147896	2.22485348605423	3.62307476621407	3.64949520132224	3.16104705396367	2.68904540415577	2.97846791019868	3.73779675047912	2.64871075435181	1.75595047618306	3.24293685238642	2.20705699517055	3.13256266497129	3.21546163784481	3.26543144632967	4.64292109357203	3.02052056732737	2.74203107387213	3.78948962455891	1.977900866308	3.35038712944204	2.62070189405644	3.02512762718133	3.2225180367105	2.62500632964646	3.08782176597083	1.48675037279102	2.97433110485162	2.49736045817138	2.68928357843215	2.28596903563716	3.22963172602462	2.84622018036991	2.49941816667071	3.38801109901675	3.82485127191955	2.67258587400181	4.70703166656631	3.31172292040091	2.52564055765572	2.49934062655565	2.96826271097144	3.05423469397819	2.77139958457485	2.22320243677941	3.8902327717659	1.87223181550099	2.17637322021912	2.44767964165934	3.22143312924	2.61943250453663	2.81777926794169	2.47809095644756
IFNLR1	3.1645409867443	2.64236312782184	3.17261429241255	2.95758748274574	3.20254248433424	3.29641299595638	3.04933789679677	3.51546133589578	3.08805367421403	3.00747684340263	3.42105202148044	2.6949283101093	2.13461029448285	3.26848273692691	1.31082182623215	2.61656704258534	3.36328612072535	2.64818907947993	3.10416595597022	3.28225450967064	2.35077020915999	3.45788056107055	2.91744861694192	2.94346478513782	2.91453579722887	3.00665984478248	1.85692897979928	3.44743130697197	2.72337406701332	2.06708626713486	1.70316991246339	1.78277162804736	3.1046968616277	2.97626459835789	2.6669419416411	3.78912527225994	2.23019699604409	2.86282647735326	3.67342539661974	3.4535370339116	3.311135328239	2.40820759233133	3.16004850153743	2.85538847910086	3.59679140743872	2.31393790609689	2.85387809558626	3.3033509984729	3.05961105431327	3.64124064356613	2.97341702480513	2.7831356820524	2.59301017662856	2.89357375790913	3.46914389695796	1.86385625400349	2.78948876109548	1.75200410056823	2.94885605752186	3.14302984781233	3.20787188226496	2.76199349424899	2.02951658426788	3.87183162656079	3.32869393922579	2.85788306752686	3.04945186332372	1.79530271588419	1.71859593232263	3.2970239531244	2.81657315108403	3.48361792768194	2.95961307175797	2.65651048283029	3.38160333942023	2.0762087216118	2.17612030640643	2.13836154782605	3.43813636708623	3.09194701842673	2.95095851895805	2.46601461968601	2.95802254153602	3.18163366102141	2.23245742881204	2.61415576305422	2.48387421273413	2.93123835896564	2.52710658037955	3.14574004655357	3.41310675482089	2.81206553552053	2.98626947851937	2.71021280021206	3.92152712090528	2.96752195140797	1.51128349179036	2.83265234347704	3.60453366062768	2.1576161766122	2.54918203668816	2.85853476155939	2.01459505515279	3.2724563933067	1.97465245269724	3.84980186091874	3.47411904483791	3.46340555521568	3.14586610248882	2.76070536862942	3.28782599373399
RSAD2	7.10773531616544	5.4428163196075	3.02285253384445	3.87451593324882	6.35813625356047	5.18122790377616	5.97336802021498	2.95303326220465	8.66810602194989	6.64091123720034	7.74563247316933	5.41049256277038	6.68052604632985	3.24155979511327	3.62624513751176	3.79192890627784	4.76261471773983	9.84765467922296	4.22962355951505	3.18514470158747	5.32625406603535	4.41331334814075	7.94009339652725	3.62898178919326	4.33960057456899	3.53473263107399	6.62967949417722	4.13574345169364	3.50143439165869	7.23211001968171	3.85605480052269	5.60228570275046	4.09418995796402	5.60629643286675	3.64176776441186	2.72839793700613	4.70103676337121	4.72952773105816	2.77098989990912	4.19048850605543	9.68859129362785	2.55999509613702	2.37167594209955	7.63280678806693	3.40969595840313	6.19954973979508	5.78249720465672	6.15916878261828	3.31398502521491	4.73692472477448	3.35276001113289	5.91423688168678	3.55268397947845	3.02107600735206	5.36013277232589	4.11973459667101	3.36066710422684	3.43037982311073	5.99676070098321	7.32473476133723	3.8599563935845	4.64558862308509	4.1511312325967	8.44066465841524	6.18099085702272	5.67757196940913	5.1929197434319	2.69228598122695	3.18857088165766	8.41485513536489	5.15403135619353	3.03216788873217	5.2083501184663	4.9415115887256	3.91889539983511	8.09441102734398	5.7827426571055	2.64705930566952	4.67929437799368	4.31367127165031	7.0667446277844	5.84580162592944	4.84004400175034	4.87047424827439	4.03116261754378	7.82979443337705	5.99651061386498	6.80814925248527	4.80044773856262	4.84724864301734	5.78462091579162	8.12073939832775	5.98532024927894	3.36132399547152	8.36436941158956	6.4869217431673	5.62547570852196	5.41872176754153	4.35339463872008	4.2755246244387	5.01738123398193	5.69113458781721	4.95952504122068	4.29429856374965	7.74266370167857	5.33799698599032	3.4477324423954	5.07893331684816	5.98527284680354	3.70433829339404	5.03432572668216
PDGFRB	7.21513472200701	6.79143738405503	4.78302008077839	6.48990515983095	5.72771903219341	5.7058991505651	5.84930044917851	6.40306447566705	6.84242639153003	6.76229292524049	7.13929207724098	5.59988884781267	5.95458975490223	5.86401800255028	6.33966228302926	6.39833354904423	7.09305107865025	7.75295889936674	5.63351805395769	4.30858866728756	5.68420247685396	5.11790641860021	4.24773703812129	5.70560619691281	6.94695383388382	5.81844255299991	4.03530381349176	6.07551621100993	7.27604869890549	5.92016603340487	5.59381629045882	4.55654706291224	5.09515876135793	6.08599244964302	7.51497619024239	5.63253492657905	4.74653326907041	3.94711788325005	5.21984755606778	6.22412097174169	4.70174790344846	6.51664482703915	4.80628823138553	3.45857286869762	4.07048455182061	4.31728719369822	5.16552597237327	6.53154086898758	6.29361454097105	6.12979740116017	3.78867492894285	6.15668099049283	7.05730221596849	5.55573573404773	6.93636763533501	6.35416815539983	6.34369915740465	5.34760889266899	4.44386003324016	4.89154941523185	6.12815044360635	7.0786411601148	5.98178849138558	6.80600988483351	6.71484250735295	4.94254191370885	7.13428705248007	3.76797906548939	4.6238546266605	5.19152806392766	4.69610225660755	7.16081588042249	6.5202570789619	6.22102925239361	5.68916806847494	7.04616873494986	6.37271115452068	3.88793118341631	6.80042798394676	4.44797944246777	4.51043102834927	6.33961372979437	6.07369774236396	5.24395466284157	4.0355827498807	5.33860071598563	5.8487974805317	6.7182567880131	4.50224689345109	6.77108530743805	5.82646774394165	4.89653516217022	8.07810642937769	4.99242330997408	5.38297256803958	6.73069674057764	4.66955460151695	5.06339219098956	6.44997765000731	7.13173633809838	7.79175810185301	6.48347521629041	5.48642647358652	5.70908358500876	5.04403728458851	5.24007727193549	6.26641745365919	5.70592033665261	6.8452039854883	4.23766750748959	5.03012377035186
PDCD1	1.42354420553295	1.88183624332956	1.01441676936008	1.4557497167183	1.42429455173719	1.53832054217291	1.93203598353989	1.75012304807852	1.47701161030522	1.6572539443968	2.56910049516101	2.96466553549624	2.08222991583247	1.4994419744838	0.928385936455933	1.39326956867731	1.7726728930674	1.83564233713794	1.15441686367036	1.07133042719988	1.86278289908717	2.2557640581633	2.3010238013528	1.07355468998448	1.36441676124766	1.14274429554989	2.06802032020507	1.66331812861741	1.16471227664148	2.48991513293097	2.54173033027083	1.18923044027621	1.60401476064799	2.41361783132166	1.09866099287341	1.41711661194827	1.67076136249259	1.65572240109403	1.06399501169157	1.15017763176616	1.54867447610527	1.24302220522341	0.919448582674382	1.01926478839223	1.10480071146298	1.41565402863369	2.10007630282324	1.04475586324347	1.81773592188233	1.94588893257712	1.02250714998015	2.91200718749253	1.5257746697167	1.58743321713999	1.79678991509806	1.46546292058053	1.18433239396142	2.15833729608869	1.50782269905615	1.45829306945918	1.13115025673204	3.00912006867824	1.80177236045518	1.27682009033869	1.62514433743699	3.03737128102308	2.43136300478921	1.23895491153441	1.10473554684101	3.16275209709015	1.86542820626294	1.31585499076624	1.95914262723139	2.17695487001652	2.86206579441471	2.71081305158395	2.55576808558183	1.22299811936208	1.86765138043441	1.14305898536821	1.20753348686888	1.7064600737085	2.86387989385248	2.25986660639006	1.35870837865601	2.44680598513599	1.84535524264752	1.80182732489578	1.09406145096774	1.28784940871316	1.61428632287551	1.24652144323755	1.48003829295177	0.946479605093926	1.6364301181212	1.25323339746912	1.67660795288167	1.08181815115251	1.7860338516324	1.63573773438513	1.29185848131268	1.3848293767159	1.55667918488153	2.43851190747301	1.47261978783551	1.41471724509173	1.28565369731633	1.96301472163932	1.94778172430479	1.06440465563091	1.0600619905477
PCSK1	1.45543788637919	2.3432109123532	1.55772985892009	2.19340140409027	1.76365474033058	2.19485495150616	1.16676552167642	2.07927236410327	2.13082827150832	4.08914023234134	1.85003662157873	1.62809833123292	1.82798283928433	2.64975720746657	2.17915518068341	1.73808111662796	3.16237465563926	2.54359985068946	1.92733584329823	2.05838609876972	3.38516438272595	1.71309845138199	1.56331061574757	2.07405747905231	1.71493758551875	1.51716717860208	1.44382831227824	2.5785787017495	2.03424359313988	1.56435090178455	1.93957890603169	1.91201500292511	2.60484723043566	1.55730598794876	2.51684084620651	1.78342205335967	1.87402902625581	1.62149174490137	2.1522868887512	2.33002515262081	2.00504758595906	2.95466513775412	1.49687785974445	1.68550824617409	1.63050272538329	2.03579194147765	3.18947560748164	1.73469505513756	2.17333570334856	2.09420623531347	1.31299865931901	2.96456649350911	3.06977105170058	2.58038128313695	2.92872208490614	2.29152003334703	2.08340609397464	1.5068438220428	1.45467004541636	2.136209637504	2.98463978364969	1.24339671487023	4.81780511179779	2.60941491556566	2.44292686659194	1.45156034897921	1.799571582241	2.23945404332254	1.3043897128553	1.93673518536	2.25985010421417	4.31272030665739	1.38403351234795	2.79774552242484	1.64612855935454	1.93836278253138	1.37588888700468	1.68495995629769	3.21694115245654	1.65595557308723	2.2765294421194	3.95317278846114	2.36911811102729	1.91201071201374	1.27905244330673	2.01435503377172	1.7377226901305	1.86904541752383	1.80673885568805	2.65765248638508	2.99433610798937	1.80383751230699	2.88092690279896	2.48570622409337	1.48148631552326	2.97874244780128	1.48135150062212	1.61987042257223	1.78293700871822	1.89699774635963	5.22085763566175	3.69945626879864	2.04440603389151	1.80401844535644	1.4858784789301	2.17798101626686	2.10452563099453	3.52140106421578	2.77750375807879	1.90781023082788	1.40402736364749
AQP9	2.39993493258323	5.4454689587946	2.95273972315735	2.98385628100277	3.49168121893605	2.72546243307306	2.90882085136063	3.40521692700203	7.52394989625475	7.78476735830624	4.58592221014862	3.87077729484462	4.15069317001257	3.17415613985678	4.07958515276107	2.91500491119098	3.27661492629166	2.86599972776849	2.3038135460659	2.80469436449252	2.72361747748375	2.91335378829416	3.3274601098611	2.51988267655299	2.46037975966954	3.35553832594126	2.33282274426515	2.5099614967687	2.81321570268186	2.59743109092406	3.34645688348864	2.87614619942158	3.98612091828543	3.56998451176486	4.29978613527552	2.63496820666296	3.57321423869494	2.36984236099019	2.54319326161309	3.50982258513199	3.03003379185329	2.68329833439209	2.18996444761506	2.7971173038439	2.95750823057713	2.80946173282413	3.97858123023666	3.85325725232641	2.48995001626621	3.74402092751264	2.22665560829023	4.5881191497653	3.31512423486091	3.84060021216023	2.9133913034379	2.47990586778919	2.7685098592924	4.99375204064847	4.00024696974336	2.26076373223875	4.16070139120842	3.68106289600322	4.41177867403455	3.31621090919419	5.39003900151591	2.7920186859753	4.14618018075926	4.52227840183071	2.981247614605	2.77320927084606	3.08850541021123	3.90704936413383	3.22702906517498	3.10594980963617	2.74858271832099	3.77370866003043	2.87419956976905	2.75331006599916	5.53214346999994	2.17539774838486	2.49714150932682	5.29351222362681	2.46292811490385	4.61108602621231	3.46671994163527	3.09932037093295	3.00300795292924	2.74392130531938	4.07000099616141	4.00126666331881	3.0929262503948	2.52608669185108	6.65120748834549	2.51493058418515	4.35528236962233	4.47719392298881	3.87602912099723	2.94603796178844	2.32996274609764	5.0771956639008	6.03225619245318	5.49997502199059	3.07567580707642	5.31853418336365	2.73588048159545	2.9626213201748	2.79735096366558	3.14485696398991	2.846750553874	2.47850521142011	2.98016115505531
BIRC5	4.95033782441204	5.46615848455921	4.28718432569108	5.04453282361813	5.65609439294722	5.01141166066978	5.31663905351723	4.10367327774626	4.53456594586319	4.84938925939575	3.6520432245258	6.70016394406355	5.63606156903846	6.0660182529894	5.60237432864366	3.50925088559005	5.30218790932332	4.31562972573573	5.13511267081574	5.69514576947443	4.70352709461163	3.98207306620635	5.15435640083103	4.96749335424566	6.26992532926392	5.33800641788607	5.30547509861132	5.56035650314676	3.57802393157501	4.5181532333476	5.93786291953462	4.77662722210836	3.73657618170824	4.71405214624354	5.54441687992854	5.75987757738076	4.38681456821712	5.25039488282387	5.62591328243786	3.98036395083091	5.00131214567191	3.56732558829086	4.51041649854549	5.53731074889099	5.37069222593692	4.89781679241154	5.44742535168528	5.3915304049105	5.34027279781023	4.50757331320439	4.90831053642023	4.24294218108375	4.47946231194581	4.71678891102331	5.75503316311095	4.8178444483904	6.51257348349924	4.88303037609696	5.66444364846503	5.47178221964752	5.05678105976073	4.62257893534821	4.78124572843191	4.18500635563491	4.54414785600017	5.9580307917374	3.53619039398839	5.53190417239917	5.06053333967448	4.36579120742299	5.6970844010096	5.13485819074106	5.58285104506838	5.31650681757711	6.45762874443534	4.72611068408131	6.42655266727138	5.25570551131546	4.5689907284186	4.7620577176244	4.99144566247887	4.16175896477054	4.77373022836991	3.20680344700576	5.35761782483329	5.1981991036107	4.52037922256299	6.0392759148948	5.56418069689954	5.35567330607277	5.22035770132225	5.71273395135326	5.03668471064686	6.24900109744387	5.79094789447967	4.90531535135226	4.98945281366019	4.96231291498815	4.5846712466429	5.95913289350625	4.26113374356647	5.44496199660633	5.33463326519781	5.88890586123826	6.435224996328	4.04011064946761	5.71194594812196	5.63302936839641	6.14763014738532	3.6326245503966	5.62758322332626
VCAM1	5.72784122950821	5.31626110910212	3.17302447451071	4.25317919532265	4.56124742851609	3.37718570439815	4.40313821621126	4.91069696056926	5.97055445090803	4.163746363472	7.02217173180937	8.11073948995726	4.68361824729309	3.7279022544601	3.4296498634926	4.01834942602578	5.54073864116794	6.1756979743004	4.01658833299567	3.09893541231483	4.21464331178162	4.38344953687607	3.64251702993076	3.2952270069688	6.25053172172488	3.8744719293295	3.63801335095086	4.46367652174514	5.65915171236637	5.10583571136089	10.303952372659	3.27565635067238	4.42595770784227	4.76645416687677	5.19145075509492	3.68929896588195	3.55477747722295	3.79259663509148	3.04462792912031	4.49913607773568	3.05234638348737	4.15269789565611	3.43830262384918	2.82513086772541	2.84257449582499	3.48426286438199	4.95125905876272	5.43526353338101	4.40196808933107	4.85231737892586	2.88818205211214	6.03131159932361	4.12466171947122	4.15654675364484	5.76335734350332	3.81350660593354	3.76053621402783	4.55703054092291	3.9541240665078	3.3489111746512	4.28486429965139	8.45186958012683	4.94289114758852	5.19926992744682	5.48265316621081	4.87922218492207	5.72692056860193	2.69893808056098	3.04437697841782	5.26425959459854	4.0038815679511	5.12971663016896	6.51109945181923	7.87975895780542	6.85638342824426	6.64251313790212	9.45280982041075	3.14502059574735	5.51544203786179	3.08921802496356	3.43222624960889	5.55780394195066	6.27789514989881	3.619346581256	2.88810047836949	4.528568735566	5.3920390339591	5.58981004800886	4.01973373119185	5.05295206907636	4.3825306443599	3.07083279406017	4.47276322506649	4.2709763423137	4.88435766402322	5.01800653380939	3.5194319959871	2.81237459517645	4.50610568024348	5.2881489418261	5.2288846745937	5.5067868639278	3.85412330776976	4.78248208650984	3.32692592538594	3.34388047383291	4.79549596919903	3.96806441924551	4.7133155759833	3.39964920825838	3.04570830233073
AGER	1.58923648654198	1.29861467682296	1.23660264339135	2.06335332570443	2.02591359370514	1.62597299798884	1.78343496382207	1.99035284060124	1.44295177766948	1.98984161302094	2.28733397659176	1.38017482270812	2.05675710675951	1.34337865268043	1.64710873751378	1.10349715140471	1.55000634070418	1.72917604443427	1.38195351832849	3.26051067373746	2.57409298370517	1.88829143505842	2.00271769539847	2.33999256143391	3.60900003155448	1.46118378976138	1.9318059038475	2.1458426781748	1.05045093835778	1.47522185541172	2.31279100938723	1.83355393050436	1.34503984226507	1.7732191242346	1.97382136984348	1.72297110446564	1.5250154322744	1.76884332802196	2.06836250150674	1.87810825555767	1.7375290963063	1.26233065517869	1.68779292222379	1.7655841006862	1.91645004654175	1.3574815244267	2.32633960635669	1.61828949103877	1.46354094592353	1.79459816562897	1.09450474264646	1.93661977285465	2.01188843837275	1.24838315909185	2.2821550806126	2.12919474050737	1.24389054865337	1.9024487041301	1.98957765897944	1.54411095180205	1.19077658443138	1.94619329476591	1.74862853839309	1.3649592406494	1.78786180961525	1.54698848495343	2.78228158268013	1.28108246944103	1.13502047996556	2.38407278385059	1.70533539118047	1.53662678403552	2.00426466736024	1.69157655955622	2.19316064233405	1.24178196202687	2.40975052274864	1.88606566866561	2.06527116464471	1.921063420474	2.12404110368804	1.30381524935351	2.18582763215227	1.80539102107373	2.01941927106553	2.03673919867573	3.09684347484855	3.10987971761272	1.37328574268426	1.54245439317346	1.55562909260192	2.1276712023994	1.82284895208696	1.33024056005874	1.46227514529302	2.35877288734763	1.35777817722095	1.74551146822232	1.66485592021875	1.95687093285011	1.18042507616557	1.84517363150086	2.10359412224491	2.36649162182564	2.58649406765455	1.80642316561907	2.16650513951407	2.29191183054878	1.37872042315837	1.33503234428921	1.6772003644087
TNFSF4	3.66169257763268	2.45571835197845	1.81513980857973	2.65566268587962	2.04001019601723	1.37156743684715	3.58904156526653	1.97147866105544	3.80188709071502	2.10035933728373	3.58850046354345	3.93052810449981	1.93986980811743	1.85003876589407	1.45389165633101	3.306246540151	2.96152196472203	4.1373185711501	1.70666214921175	1.48340564364775	1.95597550640041	2.21821551220753	2.1838352641971	1.99290748548674	4.46741345246566	3.50297562488871	1.39992082796135	1.99594531478378	3.46231227011625	3.34067595822288	3.13999445055036	1.38673345783095	2.30041559269932	2.60249226297043	4.42709880825873	1.63106042518036	3.18432096069167	1.58342094345753	1.65054601330663	1.70555472813017	2.26704675602422	1.70117302743095	1.30611196034538	1.2740207466316	1.45152502026136	1.31159521409591	3.44157231213757	3.26102626072778	2.49617841882219	2.92185274400851	1.53319445864834	3.73667825773495	2.43412457371336	1.62255283265253	2.65979560438188	1.50350374852772	1.73065608364971	3.48181943898262	1.6985918079207	1.48785174099373	2.91246288654953	5.12390415179689	2.79443495342502	1.86612331206817	3.89661060997644	2.19746983116831	4.60475560819128	1.24493298338762	2.03000685318164	3.737761463991	2.26238647793491	3.23158222593065	4.10974031678877	4.30063816688844	2.35625724895406	3.87928343743525	4.18707550408168	1.353250976855	2.13367765981021	1.46383035726924	2.08912071060531	2.77261924937317	3.32494931292195	1.81055695473003	1.23949169661717	2.91901800283643	3.24369972854438	3.38214365483458	1.58502826077194	2.44591288986801	1.96824405782905	1.44752478885841	4.28398675152746	2.136344969528	3.43885345099849	2.51791837189288	2.05578358689326	1.4151281769225	2.07171433745452	3.17384911002701	2.75269183117068	1.95124858705308	1.95040658443339	2.4019954271836	1.67810863327581	2.15381007198555	1.73491702328711	3.4619938699278	2.98836324709422	1.46449557644584	1.35933612055958
CCL22	2.08735257173561	5.05518373389584	2.39770223552581	3.85676234809445	3.2372610589706	4.12253784959379	3.82564415455168	4.24553315128385	6.4820743034188	3.8486795852262	4.73257545775125	2.89430803844795	3.07684332975818	5.06327241035531	2.05143069173294	2.43060734260867	2.38436316703117	2.98988467097988	2.4831898801059	2.11433901610392	3.33423608060696	3.94449001314843	3.27876481353651	2.24994656511823	3.00877459627953	2.9228417811391	5.06479234981016	4.94288241232441	3.50761943065363	2.29443605752879	3.09992322131226	3.07796867978753	3.40992978340795	3.55887102391102	3.37236106652915	2.43140520922216	2.49249408521202	2.72657710846558	4.67303152610931	3.22350331601954	2.9168828732556	3.12390873839527	1.88443212209265	1.84183249783176	2.72999947497375	2.98895687396259	3.61355381276495	1.84922476149208	3.11410869922988	3.59550810599517	2.54508484766017	4.53640400167942	2.75249056196309	3.79937594497016	3.41624524215745	2.81243556196309	3.44728029035016	3.69820444883169	2.43005140265604	3.52257481679861	4.78252247319999	4.15013807906297	3.63866596562399	3.83511810724107	4.58495461945934	3.28113651062175	5.5343090670948	4.44220626030376	2.7475007449558	4.08764751752423	2.39999451300929	3.33173388640393	2.16745492884549	4.21450483924943	4.10393871749548	3.96073059855222	3.89422514596976	3.46622149589452	4.93940112093803	3.08644882414793	3.44308616625304	3.44431840243167	4.21410236864669	4.00380861087607	2.64145713229908	3.75770407995455	2.98646010139054	3.05523826420017	2.94597126364713	3.6685357589528	3.48706789615692	2.18272584696948	5.9285269929745	2.1825056443262	3.56644786421649	3.59216489400917	2.91486151531068	3.48219856734002	3.90883275402799	3.33740079384588	4.43876415464237	3.86460608453372	4.21512381315327	4.02588605863317	2.70926101042189	3.94281282661849	2.3429922958619	3.42634685496681	2.1649804475445	1.98468721982868	2.59397631158347
CCR8	1.36524763182898	2.0909910862081	1.25935204243336	2.03228206276759	1.45933117906598	1.60710142132121	2.45506530740452	1.82926325475581	2.30695629460845	2.12167789910541	1.97423445030932	2.5122353475904	1.50869533578726	2.0766728355916	1.25125472752185	1.52232515537607	2.01136681588945	2.45208834051201	1.26124588883816	1.1541171999569	1.30645084169092	1.89924156365539	1.45854575198545	1.18802844314858	2.02195829129146	1.40276094958349	1.18973528883748	2.33693838406734	1.61079021303945	1.53982155633185	2.05127410892575	1.41181910459596	1.50725900158871	2.07745243044539	1.73123395460356	1.22256299391019	1.3353891878085	1.26747202015518	1.48007136658966	1.48585449137181	1.64747217347924	1.42953899593563	1.10290300761512	1.10290300761512	1.25989812235835	1.33590742365274	1.85770400957025	1.30153310408521	1.5297564744046	1.56001508652352	1.28806197400583	2.93160892599472	1.77412127998374	1.4568057804635	2.06201627011054	1.55998916127822	1.4181414254334	1.84753891951432	1.54393600174834	1.50842261716077	1.94364681154516	2.13458826751802	2.17718375047099	1.8594465411015	2.43873537599028	1.74096982871196	2.01415262984533	1.12388610506327	1.29194981280145	1.81382933533754	1.57412065025344	1.88676216039469	1.44206015672968	1.68738498983676	1.64899674342039	2.82111096749001	2.49852665177818	1.14718043334638	2.11282126180401	1.34207177109066	1.60130172411329	2.29816415048672	2.3398483429762	1.95574048919248	1.17860835936627	1.77949003092215	1.50948632510714	2.0023320625408	1.52720122700662	1.5151365437529	1.75160936150974	1.14829195795957	3.23779739213622	1.15260706893889	1.66392614681088	2.10538637277986	1.42218411029046	1.19035068170048	1.55511790376874	2.38643135178379	2.15054225827708	1.76641834469657	1.14598567858995	1.75129076312587	1.10290300761512	1.53128236980052	1.41765214644958	1.90255984203985	1.41843989321356	1.23746055732385	1.15387343986347
CCL2	5.26894470540975	6.544350904343	4.71866927554337	4.89207173681278	5.33438274047787	5.66219999027672	4.67974781505629	6.70495717894421	6.26062860874242	6.76822609008709	5.58945208057021	6.88114235646146	7.05929680181256	4.57031824778672	5.55430122390989	4.74367486434965	5.8107863455186	5.94848329219711	3.18952058167015	3.60766050480532	7.12368499817474	5.46607848809261	4.80860408099362	3.53049023975782	7.97993147168974	5.06111140453334	4.38337261188517	5.72417303676964	5.26576662744457	4.17379253939228	6.94351527487986	4.8436767784752	5.96393570602793	6.00564959595151	5.79005230499696	4.78773798412513	5.58670868718638	5.46997411598162	3.61466943963949	5.89048517552229	4.24791474095257	5.51815189387066	3.78942838851165	4.45244797770438	4.24285996267013	4.32939033001295	6.48880081951525	7.27884184136662	4.30101997979953	7.11881064143276	3.19038899647452	6.2242006270234	4.79829335881833	5.62475013307336	6.59919441008837	3.97121036167762	4.07655469723001	5.14588152298193	4.68058976726805	5.32124741439691	5.63638210392695	8.44939386663598	6.28990789987302	5.51716677996589	6.98189815211049	6.32610087486076	7.48949675734738	3.60397756405445	3.64941549823972	6.54824992285055	5.39436076121244	6.16007689416197	4.99238636434662	5.07672178882553	8.02643594285873	7.42788524799042	8.02679925161118	5.00525142094158	7.10789953741584	6.20770440908873	4.40439632878337	7.00600322379855	5.74998754366716	6.03720118010033	2.93240533884835	6.75479526811224	6.65113778993163	5.20825061461071	6.08302423052173	5.29623988495703	5.43474877378853	4.85678288853989	6.90427981250216	8.01924692220024	5.63858854896599	5.31018106368755	5.873750927139	4.18439166780655	5.41329568487671	6.20173133202145	5.90047441076163	7.78960294213129	5.62855592409422	6.61762112152702	5.48371594522692	4.71351727915193	6.75019116204843	5.52978253091956	4.81888618553011	4.67127235088123	4.37267499059804
CCL7	2.38959598924642	2.00396842134093	1.7012781820081	1.49482065159465	1.54509219857018	1.78303414559828	1.43937888583402	1.72764366074366	3.43099687251394	2.47827951511166	1.82772944414198	1.60435083868321	1.96148969934482	1.58278605760937	1.40082322501643	1.68977358307221	1.58558853221744	1.48668064291417	1.36918620325077	1.45135718263189	1.39884257699485	1.47532197361248	2.02414154512834	1.42518890211506	1.79926439049476	1.61932407745863	1.63214670290935	1.55755993111042	1.36918620325077	1.85431215681162	1.6027166741499	1.40239766435896	1.96185315795667	1.93421485790543	2.49501741607149	1.40938146602722	1.44062306618666	1.62728976670327	1.54426172557995	2.03219390811377	2.21138247375806	1.65136639785841	1.36918620325077	1.68419023707823	1.50959266815185	1.5167906306188	2.51647098314868	1.81731122404264	1.3934421160605	2.02595919423194	1.38933519035894	1.98993770628394	1.4256210406635	1.74382430138753	1.91309985884429	1.50715068213731	1.43499146322605	1.43632200515432	1.59846940951353	1.59422492796659	1.53069018916027	1.61348988759389	1.53890445398675	1.41656933278024	2.54380628070632	1.38500425902646	3.3054900480844	1.53021344379748	1.55877853046989	1.93724537172012	1.77676191354243	1.95663853076588	1.51906863149256	1.58848144208991	1.62290582944749	2.08723810888787	1.58038311127284	1.4744600509752	2.16935908158159	1.61506025539216	1.45242651528622	1.80269165343155	1.7392261112119	2.06603308600388	1.41076282625102	1.53205564276638	1.68006143466108	6.56348497185183	2.32846674329721	1.65415514222794	1.4921144877351	1.73589219727084	2.94480302928106	1.75635772892636	1.72270956351903	1.65346860076563	2.02625169125517	1.49370297010643	1.6297817589124	2.09974228766059	1.89043630670808	2.27193504393842	1.76351706692	2.01777634520832	1.55449116900413	1.62111533708359	3.07140429599114	1.45838478176971	1.76354174519709	2.33684768752656	1.58249796603996
CCL11	4.57322269131657	6.4288700605508	1.58282583284118	1.82584959750656	3.79358258687643	3.2620187504966	2.90067613876541	6.52579664405809	6.12887898920057	1.62810376493806	5.06788111548826	4.45534832112579	6.13092796240068	1.70765912552549	5.43442856851701	3.18916746659048	2.89176285448401	2.49842051830743	3.4204039343186	3.22037316647154	2.0845723671692	3.65185596145104	2.14696592515412	3.77905442479361	2.85781101810922	3.00675080886332	2.58248084026452	2.84859241223879	3.04943418449674	2.04646683338143	3.20645164033734	1.5503373293416	2.56546779634175	3.92702348016258	5.35178007926265	3.73979579162757	5.45516877056854	3.46293643707862	1.95744266431207	2.7015318060174	2.10667090716435	3.01912192607862	1.66667598761379	1.84969858755565	4.78476055130325	4.42496259677022	3.62531485871334	3.16742249969287	3.48400580502586	5.72576144171027	1.86627678516467	3.71396037725442	4.41177918711994	4.88576275764319	3.19394244094517	2.56500505054513	3.02888345670374	5.46764307046701	3.54337043316445	2.00553256093093	5.42579146679201	6.10008510051994	5.03405572306179	4.24730838156389	2.65099561484587	3.32455530061381	4.60031242548824	2.55872819768179	1.94017724678898	4.07099256063325	1.91901939494163	6.61473673460122	5.92843645406596	1.70464203371432	4.41684716248244	5.17522613202185	3.97434896193208	1.98362450739797	5.82866016682588	2.00960580410238	3.34686882232711	2.42387179931077	3.60498269784301	2.08539834612055	3.51217176259681	2.31826450802062	6.06130020155562	3.37013239725358	2.37320561139708	2.70378344253195	5.26354080444462	5.23936404970739	3.30796362110937	3.03245606205385	4.31617690640195	8.07664320190466	3.2304522994173	1.56999545235092	2.86657966891367	5.05052658019629	6.17304424867434	4.2582375801536	4.01647110304595	4.62373627325134	3.56887622294381	2.57008562840453	2.60784320092724	6.68701810374322	2.35878798892329	2.59859365171129	3.45569818393258
CCR5	3.33643218332235	4.90660916867871	2.40908268528339	3.40551839179707	3.30424841875642	2.93648267080522	4.79953215311851	3.81615058605024	5.69733269067677	4.70694512397329	4.93042121298475	5.15865733300072	4.34939203170304	3.53523053537074	2.2322529508551	2.62413981158478	4.03364235158828	4.75850336107989	2.3261948965397	2.26903743525294	3.34726244827426	4.26001561806794	3.77436676933074	2.40829659948486	4.05331664740296	2.9847551435487	3.84721116881596	4.17583036855097	2.99761136668737	3.79201655641693	5.2186379052334	2.81175684397983	4.29400975985378	4.77164326679676	3.18002233559838	3.22632060167653	2.87368279594995	3.44222068606968	2.25397682543054	2.95702072032418	3.84692831346624	3.54781212467585	2.11979344798824	2.53277094652997	2.29030492345542	3.04880524427634	4.41167957271998	2.67351613633934	3.61903465221274	4.41054171978754	2.40665314058703	5.56445690585872	3.43995800818177	3.49862489992643	3.54024241326287	3.10042390209038	2.57000398105401	4.33140695081356	3.92268543180994	3.15464517763305	2.93683956185112	4.91817566635266	4.58681806427464	3.73487304588289	4.60327631729325	5.45667422307735	4.63597822537351	2.52170683032792	2.68738428695216	5.27644477962636	3.73642179566419	3.12962855351291	4.1882246592937	4.95803321800913	4.20483080479305	5.78710908326608	5.20601390366103	3.14146667110161	4.81299974862197	2.65935875248202	3.0541296705833	5.58488983614354	4.75513605113912	4.48522034976421	2.46187520126662	4.59409332182282	3.73259290821413	4.91435405543979	2.83743340714766	3.09372356642588	3.23462854068255	2.72051895901659	5.08175924504705	2.50375988657855	3.5541050005196	3.29446880643959	3.39436697340885	2.28530693274048	3.70150959420666	4.52350400958306	3.48518441199724	3.1973951161872	3.23127271789396	4.92514209188556	2.84864888931842	2.97315062470046	3.06647476022956	3.50153272711124	3.83450418818906	2.50275228482171	2.18183938842499
CXCR4	6.27891598085207	6.11851801719855	6.29048413254612	6.16680849861448	5.8712454725599	7.1599320604989	6.94557147122574	6.14903061152425	6.71027644306757	6.74091242319351	8.44670509507025	8.60220974330282	6.23509141306976	5.19138229962674	4.19000507805173	6.02089716387773	5.88186190443423	6.67774124813053	5.21243943931262	4.70212554085795	8.0796960188077	7.72210216547188	6.1688617464064	5.81896431269637	8.54705208378172	6.24001182537259	5.02746139932201	7.07610686867617	4.99253692110954	6.4860672681354	7.67331669207744	5.27984609031082	6.48047039805852	6.53265074212748	7.67785151728921	5.8947133060349	5.76052298382343	4.41661414815948	3.96914414755445	6.26275813849449	5.44304973887723	5.09561087886956	4.18583873963897	4.35400451075323	5.85809273334391	5.00923033228698	5.62763945944722	6.23164673721682	6.13413960684399	7.72965129898134	4.33684953479545	7.74278728662141	6.55618203752451	5.78455027278465	6.51406924619342	6.55798430536061	4.4938922393458	7.50442174434543	6.0343545485125	4.84296560418582	5.54538243221436	9.39545433264727	6.95015442183318	5.75126983447004	7.65567466387036	7.32856023556622	7.4835438039751	5.28590179630019	3.86049718224981	7.0138322258215	7.4501499755715	6.5205712153548	6.97638080589038	9.62566179107415	9.05308236728649	6.98950653420453	8.62541066284886	5.89573197020978	6.70897836971274	4.38274362077633	4.51108264358046	6.845754042145	7.91126458716372	6.30287722394215	5.96681033802814	7.04382240301138	7.16734024424175	6.38280250147616	5.38728419093663	7.11711439586951	5.3602194958627	4.75730973212602	7.27537648950179	4.82059032641265	6.33657786745656	7.25752930801324	5.14238930310376	3.8564061733716	5.85897755139772	7.01173791411215	6.4423284012098	5.43778799629522	5.48802022596796	7.85099524414147	4.60344021144448	6.18728741724246	6.03801066840912	5.38887154124363	6.07080454015568	4.4422498397356	4.24991364276776
LTBP1	8.03826606616328	6.51899790671285	5.36625643237294	6.45175452675631	6.32728433579844	6.2412923985989	5.73473352567865	6.94272910098328	6.80002439354496	9.08320491650868	6.62955463764157	8.13962366118713	6.22989858275943	7.29387701070511	6.56068536052557	5.59862273058158	6.09388256861382	7.95503528036029	6.5815735846247	3.47421428325319	4.83399481786635	5.09698919357075	7.67070672391958	6.64010718552737	5.54358818693161	6.2909566596627	5.26280451498371	6.11904324053699	6.91391578070085	7.79760835753131	6.76742379477489	7.25254891383213	6.19680984578888	5.20294065900576	6.54958705822959	6.70935112701499	5.69617787003257	7.43659566084327	6.46156520081062	6.17760130806997	6.12624049301639	6.72803315043999	7.4962081032821	6.12870720580888	5.46382000619993	5.21105383849457	6.26812853471809	8.82678903218269	6.50325235789657	6.44393436677489	4.07937803153786	5.93181371840365	5.63354567715093	6.84565959933499	6.95621531813701	7.10583892654057	6.3639110046408	6.57916156255027	7.61977166409887	7.20914721937774	6.29282465222294	7.01190502046955	6.59483551105719	6.66650809761861	6.36080402949511	4.64034781016752	8.33198851246782	3.73184022259893	7.61280775754151	7.10736592003942	4.91932772250135	7.56027368313198	5.65393653236275	6.77728530758005	7.27870426583375	7.41484340866812	6.5818142996994	3.50298622991907	6.19815958609827	6.81819059924558	5.28603326682837	7.37805559512941	6.68115825482135	7.38751180243506	5.3090072455751	6.4211605718423	6.39939287355983	5.72626258436827	5.63779038744862	6.01871435743713	7.23498292636301	8.06052888343474	7.16125826600937	8.41206687786351	5.86361524818094	6.83796212704245	3.40888143065259	8.27397182699705	5.56899758552031	6.65835385672282	7.37550240541354	8.00498015371823	6.93433154028071	5.10544234933647	4.30261184582151	7.61897966321944	8.83680465718615	6.79637785420386	8.44254997263128	6.08171056879436	6.90075875572316
PPARG	1.09744014599211	2.0336481599918	3.45707769804141	3.09122964045505	0.886641662142356	1.2069524930587	2.64145176840537	0.98368626051701	3.04190934643212	1.47895198181434	1.53345263426939	1.68249405835469	0.992697511565632	1.00906437280635	1.05507140409341	1.1173426877311	2.80682273137879	1.25883854045861	2.43892726439714	1.02001517870372	1.24958527288905	1.10690100579304	1.32731977580173	0.946943953216484	1.6500546195883	1.7281085453459	1.01258097377051	2.47430674282415	2.32266621977923	1.26102051366569	1.13062834763538	2.10927511093514	2.48086977245286	2.29933292129328	2.33952966060433	1.69062525944807	1.23169057929905	1.1422208413493	1.1923606060368	1.7907771916433	0.9682838827198	0.931006746206603	1.113499708259	1.20558179669384	0.987911455541902	1.13824356253666	3.13768809941391	1.8793810816805	2.44625765357794	2.62338959258072	1.49655821580093	2.02727895819057	1.18589473100294	2.36009556580299	1.9787023081254	0.976876636859655	0.87669489064868	0.95949515900412	1.11107888405527	2.30178187748551	1.34392553068946	1.24250017369868	1.01444273090644	1.27071798250089	2.82217330611447	2.06371626594618	1.23692533320681	1.12318392350035	1.90126870982151	1.04824226304537	2.60618113336503	1.15943619785705	2.98715788554281	1.08972642459344	1.89973590775451	1.31841517938515	1.14986028233698	1.68430546827437	1.2977389018268	2.26205276822483	0.861155237223534	1.82776477680593	1.36712437184664	2.31136247487365	0.869249935210322	1.8924241719337	1.15341617689507	1.18613078131727	0.938806877149901	2.7974916199569	1.01200520016927	2.19440853336983	1.99693526836672	1.06387220258958	2.39706748634084	1.3495465291724	0.962658214411615	1.4705721900951	1.00195377338637	1.17688721011018	1.29944925046641	1.51095220980241	1.13868612289226	2.42240713108174	1.01091200191466	1.65743172907098	0.98348557875565	1.112353966893	1.074455872405	1.37016128254216	0.953189398409989
MIF	8.86334937052847	8.94894998911127	9.45746564386642	9.45604791492543	9.49361735789102	9.02884024105539	8.58150066204013	8.9402949094897	6.87437731458764	8.25547962205762	8.30529724903637	7.97082147375123	8.8518714435609	9.04290642885221	8.7462780328456	9.69804416506961	8.8822087233444	7.80452481883663	9.56647282651192	9.0727385320152	9.32457488067198	8.81702936859444	8.81053570476672	8.9301271841405	8.4936782805632	8.66569082180408	9.80631395527011	7.345263643074	8.64018652317138	8.27507282436842	8.57652919123367	9.00951562249604	8.68389949036621	9.53100922714875	9.76440467010232	10.2837058140449	9.19502307885079	8.2651977799737	9.51014090178728	8.42194878135473	8.23688853656359	8.51350875058137	8.80200612298001	8.80374824233358	8.73801103425465	8.75560876504843	9.90683811784842	8.43410143434271	9.33929885401788	8.91750381682112	8.5678145548978	8.86993171516635	8.36025722570861	8.6037201758303	8.81895915385605	9.09550017367679	8.8907181010283	7.91105302898146	8.56400834647346	7.92223930233981	5.86038335890155	8.78671469169209	8.24277538280217	8.25140607606669	9.71664284076813	9.18573804551113	9.45693758216269	8.4971600070183	9.65058393122511	9.2660743824409	9.55904721168461	7.93170741021481	10.189920071558	8.40073803017685	8.47828068767577	8.9208546337975	8.99202773074612	9.81453815944947	8.77917249081873	8.5337925900582	8.66038054601414	7.90639879350397	8.15525904895866	8.21615822556759	10.2820472284037	9.35716699510718	9.50158500211522	8.46158249911221	8.94670184489764	9.09206170243797	9.0268464959198	9.22417884683731	8.81246633564473	8.25143078190667	9.20321393311436	7.57353567429131	8.45043650098506	8.79536355002656	9.40420578548426	9.68855927855115	8.98779067873947	8.74123414455757	9.26492417738016	9.83561867685074	9.38938735588502	8.39026740290014	8.98680065562631	8.53589752183848	9.21330004571147	9.10531730061016	8.61374737423484
CD86	3.46608964602325	3.73364693316539	2.57237937678296	3.23537863232989	3.99256366532993	3.89915547649293	4.33787274820329	3.04118342311139	5.07469556065699	5.07028382390408	4.74630886769488	5.20049728218204	4.00974910852821	4.12322449642691	2.34051818624192	3.72287276547777	3.75638303091451	4.84090708084388	2.59864260139979	2.23976666308402	3.11349040115371	3.70873212627471	3.15381861275748	2.64585869505822	3.63191716535243	3.66536475395307	3.31297909312973	3.1821157735292	3.61181144385279	4.19107411378721	4.92956355363434	3.67072869653724	3.82780429615613	3.70454308295253	3.50516183670796	3.01164382874218	2.65968795040035	3.69687435240191	2.7293938185594	3.61801967433415	5.42168711077882	2.561575985109	2.33215250634864	2.9741443414594	2.6681420350409	2.85965547603558	4.14996613321314	4.02135246124011	2.91169814452592	3.67478714109755	3.0589005548289	4.75056367557097	2.68789261786103	3.84390717495611	4.14431608026898	2.55307248469315	3.02607565438923	3.25668399581024	3.40188065719004	4.04662875739285	3.48161785672818	4.88082250984082	4.01329527567124	3.60399871455352	4.45259635489942	4.20122387767831	4.41587718313779	2.49875533508945	3.02951041348867	4.7677175173998	3.90335488045797	3.23578749964825	3.41982132194916	4.94978113268958	4.26138513001099	5.20513107864302	4.5632397681193	3.42250618364052	4.04319425375299	2.93149896694816	2.21418712400799	4.71060783106933	4.7716964575516	3.85292538995714	2.6371014305019	5.28810215590604	3.75112333132417	4.18519780375765	3.08356709643759	3.22208577117942	3.36285217427752	2.55070536438955	5.27951556348862	2.88458646920223	3.82400938615817	3.46960438285355	3.58049194575932	2.82815404963874	3.36425796120902	4.69826867240924	4.28031984942374	3.80857409209989	4.12672953380497	4.07596794121989	2.88084444602534	3.65942715764008	3.48249646183897	3.05907880501125	4.45270330407671	2.70119407853489	2.66193401917563
HCK	5.57991287309831	6.06002906564496	6.23375093260898	5.84591304152223	4.47781966005451	5.30788492677181	6.00483280426947	4.65487089059172	6.60227238058263	6.22245700185337	5.31809748059476	5.5504216706573	5.47258715544892	5.10939838608602	4.0545570835839	4.34511257882096	4.57206033569523	5.80919105392111	5.15606344368234	3.37560953561241	4.24164308621148	5.4830099157617	4.63551587779982	7.75887466365832	5.12500661970428	4.15032214790599	4.91573450510909	5.66760935449479	5.88325437511945	4.91761530979143	6.35013166097196	4.06903461845528	5.53465077566918	6.31644458143803	5.73632814755762	4.80702764077577	4.43037960196234	3.87531309937715	4.4166386352771	4.34974462312986	4.12546441356079	3.94498660463322	3.14536103155618	3.38510997911925	3.75527826495485	3.4869611266838	6.31685132963074	6.57130824070325	5.83056089441653	5.22286619183794	5.06551803408745	5.81933453436904	4.64051964727313	5.47688432406807	5.88601989006316	4.42272184761645	3.98721641334401	5.50876032285633	4.3026987490028	4.58081420736739	4.98482946464887	6.1587072807503	5.40073497496188	5.31341876271425	6.58843587723342	6.58525683303545	5.97260801744817	4.42687528049609	4.79007233444661	5.78358790098421	4.88171172691391	4.25037965812786	5.53913542686497	6.79224025703826	5.58426662157954	6.46904155417012	6.31777347805151	6.65548725507532	6.1794048879642	3.79258942871574	4.69924150107735	5.89341228099024	5.66334961023289	5.22658959857311	3.65246016174884	5.50979625667319	4.99416528923361	5.58532665322316	4.17172951924163	5.01868893814853	4.71940299117844	3.79699770445785	6.24790630966579	3.64154752975354	5.00059149507084	4.90294540201085	4.31184297334015	4.87705373481881	4.40252332587073	6.3457999545445	5.57299918798513	5.31862550231184	5.43199212904293	6.57699862614623	4.19346869024555	4.3721060181598	4.95564452789512	4.66966037055758	4.60642184159755	3.72801292881898	3.22453448559624
OLR1	2.53326933083424	3.00521712023056	1.85178679901247	2.82116196972272	2.49385590086591	1.5983305298667	3.36872767564526	2.51477835305677	5.68461537107652	4.07204207228659	5.09286832898654	3.44982542740473	2.34672108890001	3.36206379678912	1.5803846752572	3.43299359453834	2.50943960349843	2.77298109536882	2.00542879735958	1.54845025855098	2.53335946583656	1.60599467898811	1.8726220341145	2.89793570557959	2.32083320771726	3.32661237790882	1.4018679271012	2.1423314369206	2.9384638691535	4.00760769407457	4.38004440032344	3.24019885317727	3.39362772916358	2.68138786558766	3.01278207259525	2.07011943146548	1.52794029890117	1.49782417830416	5.4803995207527	7.13922052341135	2.04526878289019	1.42497043001041	3.01558530129103	1.70274128909516	1.52341346802806	2.14173115069303	3.40017952036072	2.86971150300414	1.86729501694303	3.12999209040389	2.08893764233577	3.78198189100491	2.09043280221828	1.75540474132468	3.11255367731965	1.46765320999777	1.79870056671455	2.05328807950108	2.00244917297569	1.45220504697487	2.23023748506163	3.93186165453122	2.50022880676307	1.63849542287355	5.36231505148066	2.36654917153557	4.48143551265538	2.48022736113051	2.20231350435216	2.59764122231262	3.18401832652094	2.21851795892627	3.64031360992648	3.06319436847536	2.22973615588008	5.14993496708152	3.52128364923384	2.80509715696808	2.54665615470055	1.8185346719936	1.36945008487723	3.0502114096389	2.46998321906099	2.33765027506648	1.39022705972844	2.87497892863705	3.36581755806908	4.73969468913103	4.97358316330312	3.56212404218635	1.98489386575456	1.44793072908127	6.13842153727687	2.13391725618295	4.1465953327691	2.72940286171431	3.21299121651307	6.27107195711272	1.85873528518152	3.39381150580432	4.05400371490104	3.80991371145131	2.04560928100314	3.52100688666057	1.57650544903714	3.36804174233244	2.46989669665311	2.25404807344869	2.21270526365818	2.3483962260613	1.69225843728048
RNASE2	2.14619626422197	2.28774680750432	1.71180200701878	1.84173928172714	1.94242613395052	1.91939979782956	2.46043015723668	1.68597932404363	2.63219952840496	3.12176024045423	2.59980870438705	3.24878380419781	2.86288232347387	1.79099910199838	1.84319679814519	1.76313336386782	2.1662924011869	2.42983366238413	1.61065330894036	1.79043484714395	2.34013483866699	1.59281715247013	1.63285576728013	1.82639039254095	1.89172111548746	1.77090707299498	1.57197107331651	1.83220006832247	1.90026987525188	1.91913319900011	2.71539167866647	1.67770823929879	2.59466826162353	1.89364247680709	1.92711258493905	1.8345585069422	1.7899610596784	1.45797548112935	1.45587444640447	1.63989550277272	1.56626635770526	1.59769369704344	1.46318794733895	2.26277165569229	1.59119907787632	1.32338837488476	2.08875367648337	2.74444222724072	1.96892424388758	2.47627785813005	1.62261779932861	2.2348366268254	1.80894123205755	1.73635171460269	1.92194492451697	1.48639641889416	1.41978718236531	1.84022399251777	1.84581333402799	1.77972644748833	1.52184124595786	3.06638440056909	2.36025720645603	1.72964944167244	2.43238569179995	2.78382483667815	2.74058169040984	1.32338837488476	1.7793890646492	1.88779346581406	2.37863305760895	2.12173293652858	2.4568249402638	2.29564941764346	1.94524947780289	2.53166728032148	2.43444440897822	2.82852146050424	2.56727795509348	1.59809661897442	1.52164651653235	3.5777888737395	2.66603543588274	1.98731343146839	1.55472809360716	2.90923522831845	2.30938176524181	1.92087620715946	2.14742233292807	2.00459545972112	1.92488346920889	1.65504616715182	2.45716128835903	1.9653909537577	2.09643956476033	1.85224261375679	1.71022638072968	1.34725917072479	1.91200998848836	3.24415688832174	2.18319360502095	2.32921001380811	1.9989142498361	2.50882745472043	1.79342034101854	1.90748592426377	1.70465614582918	1.70878079179224	2.28750062391732	1.67165638599102	1.58132198889052
BTK	2.65542385160777	3.02418422946595	2.04879989699347	2.57125438427858	3.21275693849026	3.14383103049239	3.30490754524216	2.6954187507034	4.66206639534876	3.48940661929183	3.70873398700503	3.23440244091151	2.77868809528634	2.81577877761681	1.87353709538255	2.22819783342168	2.58007288244336	3.41287311695938	2.04275243007476	2.83122078749726	2.78503798478227	3.39963030903711	2.63631282750282	2.14882731303206	3.26842330950406	2.40418724748103	2.66299721371904	3.28042217079582	2.69049521066374	2.63525907761581	3.8682126855112	2.49005889215204	3.23124563126763	3.37490673919059	2.69294445842645	2.37084285301362	2.14583907209649	2.24647639488344	2.09364608945166	2.75635001917117	2.36331695528018	2.53521873383488	1.87086193917734	1.98664316654125	2.69997899276753	2.2742403940091	2.89739969270594	2.36686735860026	2.89667083402089	3.43662301236986	1.93814330808355	3.66167993332328	2.88607463107008	2.89907185144435	3.02485967192143	2.30327953107614	2.1197469661556	3.29077418354908	2.5192164145368	2.44318238327182	2.88880645356089	3.71028527039241	3.25804571124259	2.95647628771183	3.59673551158053	3.66387686636237	3.6933241424244	2.38816297291642	2.44471887106934	3.75982064137782	2.68865945155447	2.63835553699813	3.12852982574081	3.50858086206805	4.91652061043794	3.57524954372701	3.48473935173963	2.7043751635455	3.65520624976173	2.13866953375365	2.64047745510348	3.59067011307091	5.6985248800067	3.16429402476403	2.1509316016358	3.09084504675104	2.99017590338116	3.33736353732355	2.21562670244715	2.61252096152356	2.56620144171152	2.13469471905967	3.89534570279554	1.96726908904265	3.02430207655081	3.22993668338207	2.48219995657915	1.90562135306681	2.56761843895848	3.3147954285219	2.66162417194378	2.69034801337702	2.58313517160663	4.54410001665786	2.35572373208013	2.36404390500619	2.41666194850341	3.01239085532057	2.89107979540882	2.0463770530632	1.91872503537227
BLNK	5.0775001670008	4.91429903787358	3.27642651892499	4.3701933386081	5.46764656103364	4.59963986212663	4.20777872211762	6.27719128040971	3.68901752167218	3.82683974850752	5.82038063379069	4.54570914724406	4.39103974922341	4.08532700904141	2.4647040873399	3.35301022215816	3.6458507779484	4.46838694067972	3.34656792703554	7.1248950163254	3.11433605508617	6.84225732890222	4.92305971458196	3.62428572043706	4.2926970283779	2.9287382723693	5.49432250150053	5.86371820485616	4.16795420418119	5.23832447242271	6.26739465497096	5.98121360513484	5.49815837710726	4.54211413703583	3.13271502804891	3.33066987217713	5.80865965155675	7.25183278670634	6.02502366558505	6.68767939999486	4.47445812903922	5.02169573168495	5.58311565061538	3.90484488286724	3.49058692123732	4.84402096273696	4.43838122027413	4.76746292349967	3.80540847202211	4.7653612056882	6.09612016118093	5.35984761275473	4.70990681124538	4.2705192925242	5.15954736654	2.9799833235859	5.10967648943341	5.40926663166476	4.19942292707682	7.02904375053073	6.97174601602439	5.27102760359316	4.36009645361161	5.59689280914147	4.02409752664532	4.0651193014913	6.41841277813983	4.46116865624842	4.36585990141698	5.4253637872692	3.97982098907086	3.45062658040475	4.51527155338521	5.79655319008631	6.14815395752599	5.65893201082722	6.12585634590024	5.89639509826993	6.14672895651604	5.26268755900673	5.1279500346325	4.98312895491291	6.52623419832473	4.74296253332638	5.36517044398575	4.55418542396703	4.87367354679203	4.29486315254822	4.00833577821091	3.52379875199409	3.57004484453775	6.55059263750605	3.53000606260853	4.11925269703623	3.55316453390279	4.26140158375591	6.39069428834001	3.7516274962974	4.02336295916485	3.91197763009279	3.64164590020923	3.96107452014016	5.33982797058383	5.48507123114428	4.55213236164099	3.53405644928804	4.81145643021236	7.35654592149933	3.66074449043343	4.76876137678178	5.07260336293074
VAV3	5.52777632223092	4.16089585751767	2.85596726289216	2.91899138155947	5.32506112215448	5.676961379537	3.78472989866794	5.12524349393301	3.69673072330727	5.50182899145625	5.44214487492615	3.79725681497385	4.80679654568466	5.19746274722078	5.41050306409365	3.49056320168531	3.10308478324158	5.96189391036108	3.01066207286411	2.62212771061914	3.19951178081245	4.35771727676615	5.60569227338372	4.80083362554362	3.31439731853179	3.54270401301256	4.43764651350307	4.3957204084587	3.7505176433809	6.38956799545098	3.14080027320555	5.57180213719451	4.16086558135564	4.11170949340698	2.87616005429537	4.22576612424337	3.41946621867246	6.16863042092606	6.25990198832664	4.34331350976508	5.39364744665653	5.28033065663542	4.97905999724362	4.75736047687499	4.53378913439531	4.81262081825674	4.30289456681447	4.22660866276168	3.93769930342946	4.27351392900338	4.01636193247631	4.45275202060418	4.19444663425861	2.83510248787364	5.09592691959838	5.56845181318437	3.8947632263344	5.2152726437104	5.0911229907266	5.26800790401356	6.0045589535763	3.18707003388315	6.43955720534458	4.86121502015381	3.24393424536343	3.23803479057738	4.16914214844315	3.60793596052997	3.95856073442971	4.63611479342396	2.63502855000215	4.33001421640745	2.78272572990775	5.04056654026036	5.15882795835504	4.52960671311189	4.95188561217749	5.38717136033932	5.02875694218841	5.88389319636592	5.02652321582279	6.120495434077	5.33610550544968	6.0290074649464	4.31480069969244	5.9393769427959	4.48122721951023	5.29445872877837	4.44030841960858	3.2405835230086	5.16564275101564	5.29142236564997	3.62846512894737	6.06892759763401	4.1806324897275	3.9840319572867	5.61735324478771	5.70239470643426	5.5271626205497	3.41153681986446	4.11837496565405	5.16642390002445	5.76214446371382	2.93056919931065	3.35848911245272	4.44798346850291	5.52833533425515	5.25940336552687	6.6605144442216	3.81420721644872	5.00228488596725
VAV2	4.86873740306171	3.94819793537907	3.72539048097978	4.01080651850881	5.13271033312566	5.1916066384538	3.86949953064787	5.39236250689424	4.43998972077818	4.83975041565386	3.96009508437202	4.33871070265354	5.53391199705982	5.00247207986954	5.00696574897524	4.2346631435668	4.56473786968205	6.09823251575731	4.58702887143327	4.17442230948945	4.04549721760432	4.53198488120095	5.49489310470788	4.61678024845039	4.1012259922645	5.0257595689536	3.47651759048606	3.6393015279955	4.69202077684481	5.18645509177697	5.45968878983012	3.75483292038792	3.24837007368319	3.43996467723487	4.45187968052174	4.74844917151756	4.53132700651653	4.02360776226971	4.04346697039138	3.49874386844072	5.6929225953616	3.50379988269637	5.10987435525403	4.44459687896795	4.21609808753843	4.26068400430002	4.16998353061332	4.23832283393973	4.49512730969463	5.00821258118688	4.26052898790303	4.46920864299925	5.10325643373685	3.7182002433571	4.55155606101446	4.40164401283464	4.88166267535229	3.9620628556584	3.90490070810974	5.03354194515919	3.75400703499033	4.77661767417974	4.22187435291793	3.98037326732466	4.30395397488023	4.32297352613194	4.57044395847992	3.37448701978961	4.13514120686582	4.69840252317835	3.60426928099496	5.37075450880655	3.82333340257868	4.06878353377335	4.66447852896161	4.17833406995812	4.29636222870632	4.76113302905882	3.78743344876801	4.61892433579587	3.85728645113883	4.61107357038349	4.74513193616512	4.89566421209392	3.57079452574307	4.26670244609334	4.19676439038527	4.75714411150395	4.73846334516864	4.03241961802071	4.86727315329432	5.74619065182593	4.2177676386821	5.21869427846108	4.27804642373706	5.44838193077764	4.29125238552697	5.53431064612888	4.66197719657257	5.17927995397966	4.44668448983864	4.98326514488747	5.02421365301115	3.61180311358153	4.23514906040988	4.66270611275625	5.46673869766659	4.62494497260317	5.68501352347223	4.7148477485436	4.00939485981794
RAC2	6.53333793827166	6.58239506878827	3.84487436465477	4.98634220465428	6.50098921403819	7.12390462083198	6.58611664313761	5.34478330787303	6.93873974000737	7.7496451865025	6.58064886520397	6.24914114642197	5.79222513554479	7.12192971532219	3.83606059499664	5.66737650455914	6.3890763600601	6.70908724399088	5.73202422633814	3.32038902419659	4.63650921027152	6.38956693091965	5.94458537635506	4.61258869361332	6.85159633256717	6.68937186317411	5.62955941547387	6.46677205872468	5.97803038464885	7.43544918662964	7.64032570309165	6.41051540474	6.70612950055889	6.70240564938452	5.86257723483538	6.16183394006119	6.14260540838578	5.58026791757444	7.62717956742713	6.35898441202418	7.85679616899424	5.82452190966536	5.99271203783862	7.24267495512676	5.7976555318278	4.5700779317037	6.71060254390803	4.21959418836975	6.6743641256318	6.6178089236564	6.82205767947592	6.5645292684486	5.65080713204464	6.71077004462898	6.63132521472691	4.48469101029773	5.24924636463673	6.1712564007267	5.52300506587021	6.8459114900573	5.18031607657015	6.61495617272768	6.08226180162749	6.08600473128557	6.83762461382357	6.53183605587109	7.27419337691758	4.34002382887811	5.27303901457399	6.58270273587582	6.07938437432434	5.79259375306164	5.98399945006461	7.11278064566027	8.35949498367076	7.59682704816354	7.2010741918962	5.79848373600011	6.99455605897719	5.63107659411129	4.64595916051419	6.6584119192621	8.3503227175475	6.34195148913039	5.67511793617034	7.59521626079293	5.29686030499238	6.09468036508322	4.59132944505642	5.05511011344176	5.62555724370433	6.53586460351757	6.81777938729015	6.29232640159433	5.80269561646394	5.38355443970227	5.16871834237596	7.65890359948347	6.51833765416674	6.57772902318866	8.16180397131269	6.48238574712138	6.60407632650155	7.12396760154712	6.40432598702007	5.18875866217795	7.0395574866201	5.57573307424004	6.57688267216782	6.66746502650446	3.43996053551228
RAC3	1.84948434113273	2.92812372403258	2.10393248658013	2.70115653866518	4.68904404612898	2.12187342124141	1.55298095098134	3.23898130037414	2.93991007689414	2.42954942583625	2.14088124174726	3.79637055200691	4.99329614241413	2.54980713101255	4.35958900543357	2.75090210165498	3.61360480539142	2.50128150652598	3.47561317775598	3.82519702293641	5.05242172797309	4.17164134983805	4.85674757573731	4.43188438873128	4.41381164455013	2.43089113415458	2.98109346326693	1.65338005967035	2.66871837790378	2.71577451756893	2.35402133611098	2.29334844746324	2.5059517396108	3.79757004895359	2.76001631416955	3.48346359922451	3.8796617205216	4.88868813519622	2.22192496344582	3.02018400634258	2.74647261850831	1.22677724155575	1.91221154428915	2.56702294036875	5.49333157155925	3.28023459544754	4.54083648830341	3.09912246863869	3.23879378327371	1.74692774588121	1.23911991929614	2.61934760702384	3.46206458987418	1.68445542721178	1.7064294963853	4.93902770974359	3.25476059497669	4.28037745112117	2.89535951424932	2.19361685265754	4.46065658100717	2.08884127977663	4.62381212814052	1.95297063082681	3.93493710627742	3.29523948266367	1.73291239331584	1.92233364417252	1.92028093753552	3.76223441003519	3.55884960404515	2.66306440300294	3.3563293132116	2.6340600938229	2.65835579059491	1.95024515861331	2.31929104109154	3.83362920228003	3.03764429691824	2.13954236171371	3.63496273999922	2.44763370341569	1.9625650555727	2.33248519497025	2.99236620663144	2.19620808688737	4.4773157870967	2.72019844701512	4.60427077094667	2.73644276185899	4.60608724073252	5.23934708385693	1.95820238561591	1.96531736711203	2.74660800489671	4.78602462937609	3.22837614766051	2.94852877760976	2.48663132892216	3.85678381930353	2.43802261098461	3.12633973957959	3.46906704539238	3.16033720550634	2.47183806893272	1.30603073985713	2.34268732965764	3.88181797823509	2.72573560399071	3.1106975924186	3.03236949169738
FOS	5.52306825784655	7.89719924686797	7.78323983748575	5.95059544476054	8.9184474833357	9.31284781680357	6.66085674164079	10.2699847026192	7.19755530670668	6.92561148093092	7.37147708969658	6.62029808001381	9.25016581571378	6.06742665452885	8.29020605585464	7.19571490784025	9.34276885407721	8.09613402984066	7.49288792865037	8.38652889460132	7.7710084868774	7.77894755835477	8.8771235230153	6.93709253102758	8.08916026151761	8.61862670183281	4.35745060862015	10.4566035584823	7.01113964138551	7.71250876892601	6.20496375162676	6.7639862788103	10.0963245202156	9.02680191160901	7.76907743047658	7.66380071245978	10.0022565555726	9.84922885312315	8.94464233743714	6.49321917833459	8.54949268300385	8.28749177912324	6.17015150880092	6.38359820073451	7.95531559215546	4.8130071201899	6.06779591952825	8.40271957358935	7.20125657625415	8.4707670906562	8.04153200198295	8.20678377614403	8.12865456649938	7.63518972178073	8.61450838545939	8.84205716239469	10.5671758297556	6.49258654853611	9.69715181173466	8.56529470839297	10.2395418202116	8.6714197980117	7.7602234072523	8.73660327136016	7.9838173619009	5.18025047896002	7.60183183376486	6.82967469031386	8.0528776475475	6.67577010714802	10.3346378758687	8.5078706170931	7.13668200413717	8.8098882392649	9.85220311722735	7.29717716613107	6.82525863462116	10.7740277877008	9.63102514051634	11.233615700146	7.46448768740736	6.80281967142739	8.43551128773297	10.5638003788659	9.52265936999222	10.3558894014049	10.6356856692903	7.48261287574458	9.69063085119562	9.54111863082886	6.24817002159744	8.57646837287554	8.57675687879728	7.08636292395269	7.18718235894916	5.14973496423212	7.43711629264644	7.40372850020412	7.9796399051233	6.55407811747117	9.54289489045137	10.5115258017281	6.41974604563512	8.12015317193648	7.31787408619618	7.80653497692896	9.06618117206226	7.87058958887374	7.43364280709907	8.60688679794396	5.86096530547369
NFKBIE	5.41331007409541	4.09399141165332	3.2014794614535	3.89753731558961	4.61359207001867	3.89139939236126	5.53553901047044	4.77103629849578	4.44843386196882	4.51832604371593	4.93329951123811	4.79790704178357	4.43845280473455	4.45709648717468	4.5238017432005	3.6193351283962	3.7057075748742	4.43889796797583	4.07655166444142	4.84465221525641	4.44068547145387	4.41360194904404	4.01049554691827	4.50877346463751	4.22755376850809	3.60831257953521	4.54211388698941	3.94627988625465	3.66044277874766	4.88542326061349	5.40446595534393	4.06987645134472	4.03392684365169	4.13712817111751	4.1790588849397	3.61862487391606	5.34204798137243	4.39755414464802	3.96342624707543	4.89843269492348	3.52623928066268	3.16791744439947	4.0101348082951	4.67903501274082	3.72637848490342	3.80249471142789	4.22688642868199	3.88683405473917	3.38383901432302	4.02523458505044	3.61151123507714	4.40770634413106	4.58366790593113	3.529893185834	4.62421443064411	4.27359565177224	4.52422199167584	4.23100512475102	3.64113545957574	3.78695674815314	4.59675461332924	5.75193816108555	4.71195946637926	3.6559575747358	4.29327422899463	4.37784337592354	4.95627948568499	6.27265627927594	4.03940089681797	4.82479023458549	4.07942973198974	4.1848086104406	4.62840915576481	5.3795963149001	5.00896855231641	5.20176350084949	6.26882789359658	5.94807748351091	4.44500538927513	3.5223916116241	3.74719119779201	4.35269744939951	5.01996928983292	3.86818630182568	4.9853858878258	4.96705581136602	4.813742909883	4.53691017327466	4.67416249446111	3.80209504247618	4.72147383064931	4.6839510903742	4.78685470851429	3.85676717459797	4.78641864855275	4.08533071350709	4.45631101344636	4.4320283410924	4.03633313658423	5.66585388059578	5.05131272333994	4.66117469670398	4.37348612983475	4.65886763230287	5.67406445715938	5.27669026827518	4.96490886166473	5.00698502767017	3.91937734222572	3.84349512842538	4.89741617079079
CD19	1.16599518545265	1.56203246484896	1.22343914071783	1.39342087293677	1.87738306738994	2.63594415712361	1.78363369290225	1.52624639241992	1.53503992098028	1.51317972725955	2.30256528598564	1.28018228057073	1.59470772408927	1.75318655220973	1.12088143674497	1.18940267426821	1.56387212467422	1.40127632137747	1.16998102498723	2.39913212107342	1.47231685832277	2.65988414835668	1.51191904432867	1.13951961035409	1.18430448504705	1.46430685802243	1.70099559703131	2.16843761492244	1.1758357247556	1.33033472460356	2.7680592710555	1.76164349234187	2.24860903144898	2.23759568359459	1.22271950105429	1.40813444226166	1.51918005728942	1.26861601048929	1.15130054849191	1.65637648204922	1.45084333597145	1.4234068656679	1.12088143674497	1.17822596677373	1.30940790959122	1.77865292337972	1.33119242802011	1.24505759094182	1.94016921433805	2.79617423542917	1.20469098560326	2.16289688564623	1.76474501473146	2.01592981587586	1.90088356782226	1.43377926893517	1.14283955061929	2.74245402606067	2.46902280664036	1.31805220414953	1.3049170421262	2.7476781117873	2.30575381025852	1.2843142403573	1.2760631335384	2.36938621506794	2.85260559609253	1.12088143674497	1.19421154000355	1.97343991171208	1.65106296208778	1.64377769149065	2.10087057743907	1.69108611158045	5.10671804659591	1.33621171426416	1.95207154624907	1.43869916791807	2.60816729348447	1.2745618940391	1.29654631862362	1.60449391458298	5.31183434896238	1.6311294283653	1.34911828674358	1.26461166360948	1.31840037049641	1.50196470920137	1.41253999128332	1.44402647026146	1.40498154454584	1.16918751582081	1.1895376630359	1.20578840272898	2.01450159879754	1.22139460074515	1.285315778628	1.38237495060855	1.82917048381308	1.32736689628975	1.28613555640005	1.41007125170444	1.70382876855648	3.80063912232052	1.24556697423936	1.30332061899602	1.18756725089184	2.12623771382626	1.36877544781823	1.18425381307556	1.25874127109475
PIK3R5	1.71803659393002	2.37785977614473	1.61864916379871	2.1644369167715	1.76517145914097	2.05416086707017	2.3527923111071	2.15659832854377	2.66267919337584	2.9808911977293	3.06619884197942	2.85822194735199	2.27808306853931	1.94534695793641	1.49676156323057	1.57534058613273	1.84787117524146	2.45611701906975	1.58121405970539	1.38917043817338	1.62105321672343	2.45901298554119	2.14094669673011	1.53415675428772	2.01895989235813	1.87429642504898	1.7782838914905	2.40732073856189	1.68073136975879	1.72489481907364	2.63426487125819	1.74225493369689	2.18247013885662	2.41983796161644	2.03938072247228	1.631401080092	1.63532664363903	1.60119429177381	1.72417751573484	2.10406959215672	1.95686492801943	1.7035416175857	1.26162163096033	1.30180042464264	1.74832260407434	1.59548311341504	2.30298227314723	1.45333457445681	2.21669184924714	2.23379009328318	1.40818039048478	3.22283803763577	2.19650444419564	2.03233473893617	2.48357358053339	1.64884111618514	1.49259315664316	2.71024026742687	1.98850802289042	1.70340134515341	1.86074940290024	2.82054436992431	2.39138065562062	2.09293142659763	2.4407375693065	3.07611111343638	2.45556794859784	1.56575107546768	1.42560569611062	2.43026957793123	1.88862743455065	2.19071053886709	1.91264769625976	2.44914856545085	2.85769146699751	2.73067985564258	2.5498981113834	1.54957698453458	2.6989915857887	1.52866117322422	1.58230298982164	2.55723848094446	2.74464585574104	2.53226192713232	1.65851074162549	2.27174095448776	1.86846884281221	2.35887068539722	1.71221955216868	2.09331672779444	1.75438612270111	1.50770167954157	2.94651602463813	1.37218748837242	1.72031815799284	2.36217238327063	1.68008283801959	1.84088404841963	1.76900926752106	2.35312837519109	2.48814474001738	2.11339723838689	1.71990602954969	2.8173979303414	1.49150572091658	1.88469913088205	1.60513450253808	2.00772143317666	2.01834420454778	1.36258459879713	1.39590590420739
PIK3CD	3.49276402809831	4.04862529796302	2.48817447294718	3.31826743678571	3.72852972646587	4.91587807234715	3.90625079229766	3.94003760826624	3.8652988168879	4.27830514320727	4.01693519108525	3.70781646355398	3.87498101613308	4.9016790401366	4.90529984980108	2.40351957584414	3.70195442861748	3.8663616342365	3.43903535581455	2.17418962473339	2.60372555041887	4.18186559699641	4.06432303167094	3.2110862065365	3.36191059125038	3.76674190030621	3.23766261109705	3.90816506924456	3.44810977677863	3.38260285638736	4.17219359800135	3.22644726364699	3.47387512053554	3.73539593671148	3.50403050023776	3.96861683449037	3.68553850275464	3.36791629241233	3.7254117769104	4.16418193187666	4.51608122150844	3.28197049748272	4.7475390401153	3.41810517782613	3.5331678539123	2.95767636358156	3.42905236562175	2.84418575057663	4.14165162267015	4.1055570974823	3.3755852708401	4.48181997085336	4.0183641429003	3.34864852377534	4.00075212418369	4.67061957167479	4.22589442580709	3.66701767395119	3.98324071256118	3.73733667843474	3.96578804256463	4.61093692810071	4.19731447003168	3.94075968294523	3.84476480277546	4.23168186843816	4.71940175279125	3.787821830114	3.42869721499946	4.03817167451301	2.8867348707697	4.62727417433894	3.69067728985129	4.70704486719241	5.43821661553026	3.83574597678391	3.6945113661104	3.11266922748969	4.4672952722124	3.95840303094232	4.28626445489007	4.27713899190784	5.54660049090011	4.85795765458731	3.59682206634788	4.06525662174783	3.50044345065997	3.96661956727659	4.81496017031982	3.01747320811768	3.24676648025626	3.43448163672727	4.44934245164306	3.56779011676527	4.16957564039137	3.88716888256622	3.4748126443229	4.75706578281372	3.74710344896626	4.96595297304401	5.00664376782883	4.30992741351021	4.49984194308959	3.85896621505612	3.10807287978787	3.18217947259822	4.61124334232587	4.06373976522306	4.60448445141668	3.5859382008686	2.3118254645837
AKT3	3.33110438641026	3.1509037933519	4.33529464187801	3.88078428331419	2.40420344167832	2.36839295271278	3.22067128383666	2.94401242355241	4.36677233322133	3.64903056672898	3.06006780413824	4.21259690213399	2.60799273861216	2.65429164554512	2.86913037270129	4.80151158876661	4.50640587089065	3.50205606118229	3.29064808793355	2.04961454250517	3.74804915684644	2.70253420981028	2.44315578869119	3.4215044781561	3.1950686631266	2.69990931595019	1.93647270199123	2.80918540753804	3.22203698467316	3.10445720725759	2.54071234540115	2.35401437418644	3.22004109266467	3.50709832149192	4.2599068573338	2.50656577822023	2.68078485608808	2.36808103518228	3.41344831917564	2.94973741034678	2.3279881307084	2.96897641318602	2.36440086777112	2.27456647163186	2.73945822109458	2.82103003093294	2.79206654699728	2.92777463573379	3.75041544584804	4.17171828932976	2.06321321811456	4.0188815748844	3.11087268685968	2.87068050873764	3.45874086430141	2.59415842365236	3.40822840262377	2.75392400249039	2.39985079756975	2.39441782222793	2.89325762771989	2.82721973980819	3.30971880832637	3.10798269973882	4.02392650618935	2.57721777248863	3.17521864753088	1.88132605287117	2.07771373498378	4.07915743322709	4.06138547505292	3.13062364116138	3.89375755585638	5.78854871517127	3.22886243118135	3.23031196022896	2.79442454491966	2.64813263998779	3.13947778416025	2.60482214127558	2.55384408341796	3.32415389983468	3.26431828321289	2.76825019793302	1.95242184050529	2.46053100143766	2.69168864690763	4.33231397094416	4.68019272525541	2.95268180070973	2.86034222529845	2.87470465029792	4.14345579571709	2.826338465212	2.53697514313094	3.20737723645731	3.43521860296031	3.94007656589762	2.81893188054077	4.22328012188997	3.5029290304055	2.91382541837474	2.21197064203362	3.93198837997257	2.01045846529624	2.36037529020376	2.71603815886729	4.34780844673014	3.00667353536252	3.35617721955541	2.15417946057548
CD72	1.56511797717667	1.56026440058865	1.42770000138549	1.61499670586335	1.32708668716904	1.48751889789865	2.11694953621329	1.39941308544866	2.2109421413085	2.31070341097486	3.09158160939386	3.87321740615154	2.48240431224948	1.39935375092229	1.00202777909839	1.35760358320083	1.66334262688742	2.43216278406103	1.21855588754953	2.126142670985	2.42088223419841	1.72823615593486	1.37315186376715	1.51838508697878	1.97581485193953	1.69096275712634	1.42197688780823	1.50228951064991	1.41033490656565	2.23795270291493	2.66627660334143	1.32274121068762	1.72180517971796	1.81169693492862	1.73627987584019	1.63507842878544	1.29634438810575	1.22390821348601	1.06486123803907	1.50821029171344	1.26329806612722	1.11790810617613	1.08185676003714	1.48385355571418	1.28496573707048	1.35371879868126	1.92661566375854	2.03953349870564	1.65828622384418	2.19949154750104	1.2118550576917	2.36755620757444	1.54924168270478	1.23355107996706	2.01409727849486	1.25194358727304	1.05809104811159	1.71499546998146	1.52102156772363	1.41032835461529	1.13167464220134	2.66581361038452	1.6493022219524	1.34080144692766	1.88077365536509	3.36398930888212	2.15252100197662	1.39731827551736	1.33923622610384	2.22890462689487	2.6989956844809	1.59703053406038	2.45688611499248	2.51563688779453	3.46904401363957	2.59511768320901	2.58316940009261	2.10181621268031	1.71239196253066	1.22480821914999	1.2732601076587	2.70198803120633	4.6607928737546	2.02543238652402	1.63430143815597	2.93610215720313	2.22611012010774	2.35163093747945	1.3502254471078	1.62077358622787	1.44753653494694	1.17416714813646	1.86900330514092	1.31928553792078	2.042036096958	1.39721142758204	1.75723963977288	1.18046775046226	1.44733350694841	3.27894980136376	1.43360049480319	1.3718644042906	2.44579943614411	2.91236658554093	1.6511298611585	1.89046919885201	1.53358661930499	1.19612454128008	2.33674966597172	1.50665702786176	1.08718488764194
LILRB3	2.67585336543989	3.44025844262474	2.72189537076759	3.00840423533732	2.92018615591223	2.65629392964261	2.90018969203499	2.9930713396758	3.63756045675718	4.39585999919067	3.55998467799266	3.54998780567835	3.42250903392967	3.09272611166918	3.01009734541637	2.67974813448853	3.01685699806337	3.32147733518255	2.64507403830769	2.69994639388376	2.88589157610979	2.95489339485435	2.79641688112249	2.69610328268153	2.99547517901658	2.92183380089946	2.90558033435898	2.7845625481548	2.78889698030905	2.94302091712265	3.63276550405637	2.72795052451315	3.33460923026546	3.24987921257196	3.34600858748391	2.7330865718623	2.81103649198626	2.75587881807321	2.65903557407802	2.86371890781706	2.72842361449102	2.59443698387709	2.46791699341306	2.77995345054679	2.87703540740214	2.65114562692365	3.13625648116553	2.93137551337072	2.99976290511217	2.98261169141571	2.53068181325908	3.61396626163399	3.00653671487329	2.93645471071268	3.71472561088181	2.69390274531834	2.7040168083132	4.01837492464933	2.94844968421652	2.75187843436963	2.93700484934052	3.52550728437894	3.21521037643016	3.06650394699394	3.59711513543783	3.34301825182117	3.4197329702596	2.62128905424308	2.6528411662047	3.47201311660655	2.77567428566444	2.94112180475284	3.23430281971137	3.50179957254839	2.93205174813238	3.72540819921455	3.34072516690985	3.00030821626108	4.03755161286472	2.59474379445297	2.66032099474092	3.76428808791888	2.94534071769876	3.46292643897858	2.91915653116095	3.39693173583768	2.96350842904663	3.47962086516508	3.05101315591385	3.06733098404593	2.72863925871785	2.62165047863032	3.70905373173364	2.65310014169643	2.93876005889974	3.49229578270061	3.13351686446443	2.59802949565177	2.71226651151523	3.34319293500016	3.39950211627576	3.96206930600175	3.14287851825085	3.56327516411009	2.85788987968574	3.04471167063483	3.24425473213561	2.91894304901576	3.02903171714316	2.61291211081807	2.55917885822168
PLCG2	2.65162724270427	2.82630348848542	2.81235847376242	4.08885810752888	3.53916913936726	3.19425521592197	2.65881202084835	2.66378412653732	2.5936118151283	2.62049730730248	3.10169599837669	2.11996195498569	2.88293395517009	2.86982939947285	3.46626721088951	2.23884660565309	2.26681671433651	2.5262131159042	2.9135554610013	2.74797930989267	2.33867981288028	3.22359497652418	2.24084706229505	2.55312621932201	1.99943480391651	2.85083636415832	2.2117854242981	3.2021240040726	3.80084082112184	2.28291096887599	2.7837066517343	2.26316020825198	3.08450292659302	2.91379849346149	2.04982217284309	2.33091035797188	3.08682211587568	2.74183848206007	1.84372194082751	2.97694109831611	2.61857948067157	2.8673141533302	2.56155973363438	1.93425276778178	3.21660079794814	3.33923149693809	2.4503622575715	3.50856917559224	2.90684796540866	3.07300717577808	2.41309431931413	3.24360166992716	2.67791405659239	2.90838355131365	2.53966609617916	2.66280207218045	2.80454671033899	2.69773332523229	2.35249140074189	2.22948929725489	3.17865125335743	3.12832553611496	3.00003057299834	2.95329802746955	2.88871519074306	2.7292044823612	3.54081250251322	1.80550604925573	1.92200941553934	2.7260069692767	2.33062168655657	2.75389976958984	2.6029231056704	2.80712976332039	3.76979923258891	2.95852706444633	2.44731031969913	2.70684585061089	3.34058905228612	2.49295134908219	3.29875606671652	2.79137103235773	3.94751177720541	2.77155792160879	1.85734503532128	2.89784615024532	2.68016799820722	2.61805767193172	2.11339307888398	2.23482768967143	2.98332719027273	3.40176840379734	2.58955649667617	2.28652738716279	2.77101611301045	2.71781694882951	2.56968749942564	2.45896765367479	2.41579400688004	2.85486339959264	2.33018204357613	3.13489408880269	2.20115996892324	3.5536316172359	1.81590408801487	2.53697901906467	2.26977922013294	3.43834025018482	2.12829557455407	2.61612290822928	2.92550079940231
PRKCB	1.65536506151185	2.62209528437129	1.50391931290353	1.72725530427696	1.76803562712842	2.19604941216937	2.22192345511924	1.79303176692322	2.44265493077892	2.61235782264478	2.39715751778145	2.96867947333682	1.85430316432217	2.0243609234238	1.47277869913883	1.51030619330458	1.91985044179307	2.2480202888186	1.53664528376065	1.39526616497759	1.57068681525118	2.46383976255738	1.74777406369875	1.47354042701564	1.92172199143273	1.77589571866773	1.74919022074773	2.42788197293535	1.76364143511009	1.80463171288738	2.66646491536234	1.74696070138106	2.13373613087263	2.9679726556035	1.57952020457662	1.53586884386738	1.4614497804848	1.48673330900498	1.46819809896073	2.06037023167213	1.52771173721306	1.86130698584855	1.35463956014077	1.33732006152038	1.4033483617295	1.54225404948678	1.69495094087358	1.56243159823943	2.07929209723827	2.43791355039636	1.42023248227864	2.8537908764767	2.16909177579993	2.11818183292392	2.86126654782235	1.60143556448516	1.55775522126167	2.5857543380843	1.725266639725	1.75699991399897	2.00728360286286	2.76737145951415	2.62028748953885	2.07438319179063	2.12010196353021	3.16187228074444	2.22179857823844	1.48976439629275	1.91060774835168	2.27640311707267	1.90330649835977	1.78617821729678	1.83589116929677	2.9857817843067	4.04624897916915	2.58144302052961	2.43900046706783	1.70333921465926	2.777567157447	1.40764029267988	1.4859058300562	2.61399589413872	4.43586586362665	2.26002255669383	1.37197511179089	1.88085468323017	1.74599071281256	2.26378295754055	1.5560299495696	1.87604778429694	1.68999114326374	1.3346211529894	2.08410500568269	1.39872115790662	2.13489886864853	1.97410789858086	1.60481859451151	2.03122624193163	1.93759526538906	2.32311945221609	1.95065007085641	1.9273704125052	1.78986375987072	2.63299659290156	1.37064623279641	1.58341629443252	1.63549211650409	1.94011154409367	1.82632282478275	1.47044035648397	1.34103278090932
IFITM1	7.81259515162049	9.23881302623858	6.52846933451059	7.48410790379856	9.3697385655776	8.5518990082368	8.281713580221	8.13322672507045	9.07064589757704	8.55923149090235	9.91189165174826	8.83335490200846	10.4439190604068	7.37072339676365	6.90065145675741	6.73338666458621	8.94368990249752	10.0344767325538	8.33961117683424	10.1738866689945	8.50103315569399	9.60044065058453	10.3154439267537	9.33729461365611	8.17528837276801	9.01109934355555	9.58269979822859	8.55980620157253	7.40626787285702	9.53290870701791	9.47463699312094	9.33323344921933	8.16596411157137	8.95354514750528	7.7057430359521	8.30920753338655	8.57745846223707	8.90695257684505	7.3810707520974	8.48807442854872	10.7459006055727	7.68804165433581	7.57190849015765	11.01923705188	8.30146073918832	7.75197638440797	9.26716770179661	9.6248881559867	8.24944750306112	8.7315113872546	6.51713789063163	9.11520454535003	7.43394432020534	7.34387672420881	9.91253538715257	8.81765231861334	7.55958383154108	7.39911203480568	9.6101396528715	9.76611319498165	8.0184369235641	8.70398721869221	7.82361030753089	8.57768133766008	9.47882527778415	9.89097970883581	8.78386455502096	5.93748499180801	9.7842082264519	10.8363309157375	9.84477670153771	8.05060443493761	8.90108482424862	9.47369359356344	9.70574651567928	10.3775693893092	9.3716495934904	8.41013602336526	8.73602957489102	9.07346011345529	9.16789510322135	9.57615086800154	9.0809456040639	9.00394447223625	7.28522245405996	11.1688310544313	8.94092415590712	9.8196108829592	9.11325992044267	7.80387412902895	9.81401873635495	10.1876119302435	8.69014329861823	8.53892289920126	9.93186055421895	8.7800524544606	7.37114851000823	9.96602318522636	8.60031537879792	8.78139625807609	9.09562988964431	8.77859367538039	8.17938862539341	8.65738988715831	9.99536711040929	8.86628100412417	8.01276648762998	8.14095508820792	10.1907107834557	9.58143877567974	7.08445615081909
IGHG1	2.60339844055223	6.27999942820376	2.35714047127048	4.4995008466982	7.84589559518189	8.64681758509829	7.58324418697858	7.00661797963053	7.25088104297998	5.76861710991659	8.50007663501974	5.02399701889491	6.84730659202569	6.56024607364969	0.790695782160327	5.53486653234333	5.78978504088131	4.76603087013496	5.52231047517298	4.05484670040943	6.36699973137283	8.31486133536714	6.85597569410374	1.46728201446678	4.45180912805757	4.41724838918727	5.69723933895134	7.93214778807446	5.15203073375366	7.0116251455343	8.8919462363291	5.52386380592718	8.43946356385147	8.32364386000529	4.21394841065605	5.14913283355655	6.18897917078153	6.62581174071409	3.3021837826715	8.22595194486582	6.42310241759991	6.04683814314447	2.35847378593424	0.975531112713592	4.51675672645348	6.40856130525479	5.58785199847692	3.43867313394912	6.32645953285786	8.57668349006248	2.43952933237202	7.16779670357096	6.51644974553223	7.46652370419952	7.42184972021618	4.6485905873559	2.72520631441566	7.0468951109317	6.56366725468742	3.59905996061549	6.77103575303423	9.39002496771911	6.63283589487926	8.21862483131368	3.66638476279013	7.37344036125983	8.6522797631346	2.8636837242135	4.22707257301995	6.51711220965774	6.00097104211084	6.56260721240323	8.54315141668376	7.5403551836967	7.53957792812323	5.18076557360399	7.76473985531544	5.18809995962443	7.80702282004046	5.01586580764833	6.32742201451688	4.68892514543655	6.66540081651419	5.72621304837441	4.91921652606895	5.66375617422312	4.6271078733056	7.92403431339463	6.95422492689291	5.9510951031001	5.83943131878529	1.08887161733556	4.36150778748264	1.99725732749333	5.20391850728711	4.60677840960341	5.16456478605228	3.37835573892325	6.3730279295082	4.41845645223167	5.98487076911447	5.50424699363516	5.32863740812533	9.58326426760943	4.49573391706508	5.31981078877372	4.38243885575347	8.33047553087853	6.86471405927741	2.43663904301017	2.79662303001366
IGHM	4.40244117176888	8.46413435184167	4.6067033880163	5.55706654604146	10.2251024000488	6.33519025307081	9.74113722274495	8.46125244629301	6.68005708627898	8.02046311990619	9.41552594637939	7.68362729035546	7.30331622542004	5.93916796156634	2.18649932047253	5.21576755813238	9.68474816346	5.49714043657954	4.86873089759862	4.43892648562702	4.31453411990559	9.02597474760849	5.81185856347678	2.66054845855441	3.06224770551691	6.41872376484586	7.89451511230215	7.05108958550557	5.67538410937948	5.94892853540574	9.85236524823547	4.83249501314503	8.74203360371223	8.77761659233716	6.05345357641584	5.48162118212346	5.72641667622634	4.8927982292096	3.02140220826906	7.06320929223253	7.10490664183665	6.67591357388505	3.4260043849548	2.22076801701329	4.73824342421576	5.28672977657924	6.75890216165758	4.23381629303174	7.00725320334397	7.88490778770387	3.33230214845821	9.50821526634879	6.2806635039662	6.89442225745382	7.78315594431762	5.9769316031414	2.70298991456934	7.91058982117692	7.14605738527884	4.42535100381494	4.28153120521589	11.0277689762762	7.46146600484368	8.66560363429326	7.70645145245456	8.89459098194622	9.27283808078353	3.3764792582535	3.17766284617426	6.17029637450593	6.36131765928844	5.85919468714897	11.3258879397507	8.24102765636242	8.56710447528162	6.55068160707585	8.28032534020568	5.58274760233457	6.42084502573441	4.88373879582223	5.30501282913618	7.41500428085588	9.43009609920833	6.63755621848258	6.15684218906658	4.50024305785238	5.56118489198492	5.36869343696301	5.88581758490512	6.05459745325594	4.25944824834761	2.54858345345175	4.54557805388919	3.12551473424294	7.58740714974657	7.86335208918177	5.26080619845208	5.63646001181598	7.65618450380618	4.36921143889128	3.39782677825525	3.8216946518845	6.40403679037438	10.2199786855798	5.36108496835362	5.56231490828306	3.07770486249759	8.37705442272763	6.15624245277473	2.65508435472766	2.60901351648075
IGHV1-69	1.11127947161776	4.81718915587431	0.877484634251226	1.07012612600458	6.11744234714855	6.49848988834825	4.82812260795369	4.95404176961177	3.54539161675731	4.68450815528308	7.95950512346624	1.35189946464739	5.18940403394327	2.46416943487039	1.14126619203078	3.47959700557199	4.77315496589102	2.3908763097249	1.76840832882221	1.59157016497767	4.36439724854532	5.77966409713112	4.20836403864025	0.979044127132542	3.35469160866653	2.06891199568091	2.86868772941343	5.73601066453524	2.82562441946967	4.82929328541311	5.36429219407806	3.37302477501679	6.75664613125217	7.07754047305492	2.18993513985971	3.45265107447432	5.44561133534493	4.20753564483039	1.55461572781332	3.62020014271721	3.62530523273264	4.05656985236272	1.55028848714249	0.877484634251226	3.09031033877357	5.38508403375797	2.10637418126496	1.47037554321926	3.90001599427241	6.13710321682377	1.25763227691277	6.11756462976842	5.20778389110324	4.96527974880935	3.42550084935121	1.31915444960331	1.03333305798847	5.42459358951723	4.59630575212295	1.3733182095596	5.26665460659481	5.17950599861125	4.91376921030807	6.06877278775238	2.15463472136767	4.33679499201997	6.46920188106395	1.05409141091132	1.63995779432283	2.9025099418391	5.12169774048232	3.85971332015852	5.16439923002382	3.54514246222999	5.01578179223098	2.40033135162437	3.96958777187594	4.34097959148923	5.77789510354493	3.82597324419778	3.57477079640441	4.5392177840402	4.07129102917898	4.32213596441296	2.68058284783313	0.980189251981308	2.11706684146416	3.8908003050643	7.92890329100426	5.03026004621651	3.53585437462292	1.62806144806443	3.95526420400926	1.02078908961767	1.66204115241286	1.70929838136671	2.02037569612278	1.43903945286837	1.83933413321669	2.07531241418343	3.55836333034121	3.57641968240698	3.99028040585236	7.97260772284746	1.67622087815404	1.72068485044885	3.39529682310793	5.17883116136129	3.44811662415407	0.937154080613388	2.58138883482041
IGKC	4.62239038877718	8.87151764692521	3.94762159408295	6.38725987743833	9.48221151044141	10.7195532741424	9.03183774790803	8.50437516916771	8.65357313683022	7.75106387740408	10.5504372945086	6.91933422431651	8.88116407798897	8.71578606641239	3.34473484270326	7.28018598721187	7.90826624314684	6.00630669189252	7.48656365612568	6.43188665159796	8.20067370865905	10.3984726468383	8.78753031264377	2.69663801359474	5.89156008273226	6.26304677576953	8.87065443494652	10.1877976444455	6.9844668452288	8.89107243565861	11.5824872559364	7.63311969841153	10.5915564020963	10.7081211314146	5.87063645459089	8.41578346199065	8.62638777721986	8.8342055671465	5.610953758654	10.1497227076143	8.29379172248696	8.55055441142248	4.11451213674277	2.62334423753059	7.07772481836741	8.05994018030172	7.54908733939467	5.29496391172684	9.09386616496298	10.3077573814354	5.02186289915957	9.71779868592689	8.59876197201906	9.10945766255841	8.61353427675735	6.45644468823615	4.50712205849621	9.62198549039586	8.90837344030351	5.62160640197114	8.83223518854037	10.8524428668111	9.20421129362003	10.2238797383395	5.96694384644142	9.2850242598447	10.7119968747463	4.86647557359119	6.41577286749235	8.43553136106538	7.21298292926996	8.70305145234288	10.6766954823648	9.06445510078304	10.1760583457723	6.63474413687506	9.7438305783891	8.09090116558297	10.4873421409027	7.80742508208717	8.03817315667478	8.79305519185916	8.59663803147594	7.93246070866028	6.77970208897401	6.9401810845753	6.35677423397645	9.38308800309132	9.08976498309796	8.49398921291248	7.61799224152963	4.71383846407307	7.17252405676725	3.58705253598986	7.07843124712722	5.89864135592821	7.55296074190694	4.83899416227298	8.50330730985028	5.54903460501884	7.93423104963682	8.01743108006466	7.85249188023724	11.4737810767518	6.52944744809411	7.74492829286852	6.72065279857329	10.4375464259415	8.23334848520288	4.04479865643052	5.291471258039
IGLV1-44	4.15957281856916	7.15838048629894	3.08660113397256	6.72973126780903	8.2976976214767	9.80246021938596	7.24247834145014	6.87052621799887	7.39098565630361	6.51559598967581	10.9559737616158	6.76627943097062	6.85775767174529	7.17714290488344	2.72170380237878	4.96673059615966	6.71174545434391	4.92910973487236	6.20613038092474	3.89268281201886	5.89392174564717	9.00506345111237	7.39762401304682	1.68887645996223	4.91583541884699	3.8928020992528	6.35541457141943	10.4514626139957	6.66610060658186	6.74944926588634	8.60242925724732	6.50402191513365	8.50984276612109	9.2109968780481	5.30782018997555	7.22726737399189	7.50701687021285	6.72270257035639	5.69139738000278	8.49388133803649	7.31797671985802	7.36275482603031	2.7710815341676	1.84402464822136	6.12798670243154	5.56090419956315	7.9563754831123	3.4753667026613	9.41955265966742	9.28731201479686	3.19257365224682	8.63632082821995	7.14561308492619	9.0437695980825	8.60927951414907	5.19829590099677	2.07919942035328	7.05575967238439	6.18259903984801	3.25578922565038	7.60531398084672	9.62589454492622	8.34306297160024	8.93887703271198	3.89787314364555	7.50338769765969	9.33860041685906	3.12230371059924	3.41401083550756	6.46530744683626	4.12508284698808	7.46634814924557	8.22580864746807	5.48317374210827	8.73884938446571	5.62929896307617	9.09525951607386	5.20152596438282	8.92907304652424	5.01918000624861	6.85723532892279	7.70554951951204	7.36196339681369	5.68375098099203	4.14783217807724	5.26577227962755	4.92496229163198	9.00370282834572	5.61244859656993	6.7796405225007	6.44261653028331	2.68916187797146	5.25249926451902	2.30764276509939	6.35568907819209	6.58232239672969	5.57835726108891	4.17912754382765	7.17875887712528	3.53334861356107	6.43885254269557	7.36361442101694	5.5776373001901	10.3240295750186	4.71136238913794	7.60266267903332	5.36680519304888	8.75144939035678	6.18187321534283	1.74839971243574	2.94325993630457
IGLV6-57	2.30923479149502	6.56911181552982	2.20673905140464	5.05902604546235	7.06833924021389	7.97438248724327	5.84003730775879	4.80432939799889	7.92956948853522	5.36912704238365	7.47389191059973	5.19500703026529	6.481163552616	7.22958195234	2.45707442652282	5.4041633072455	4.97742504469942	4.44450425180709	5.47109680897014	3.20042197558008	5.7689237574098	7.99988792381669	5.98413211795383	1.88663883230964	4.26002190278094	2.8566745037138	5.95352273407861	8.04525920164025	4.95292621097179	4.04739094560881	7.09605565774101	5.02677479120539	8.79167701489983	7.4335920881572	3.92649457040897	5.26657244907475	5.94099496762616	6.50427070801252	3.97963080011804	7.17842648412296	5.10655804891987	5.19566691510894	2.19314503268431	1.88933309941631	4.89823206337433	4.57437193958119	3.36056853373767	2.84600227134701	7.85261508559431	8.1936895888441	2.99483835312753	8.0326277681597	7.16267135082492	7.49343819100795	6.61586986225889	3.43552149934774	3.03467607454802	7.12922311078811	5.54574561464783	3.57550157423851	6.13933395433487	7.28492054396062	5.70428899777588	6.99079956881689	3.05852769350493	4.96375204968753	7.0551637410004	2.51428579019944	3.79474770409216	3.96535925372855	6.11714312744329	7.24306077241317	6.02894989367595	7.21852153070793	7.64719231623245	3.81305123864639	6.45451591998733	3.99917323590541	7.45385788589605	4.43171275333471	5.47803864298197	5.45272600778774	6.0169092273868	5.16654738395531	3.85270745664116	3.0677828840701	3.38202952644107	8.64844395317013	7.18512719994269	7.18039826847225	6.72810549786943	2.7423200041077	3.51091973412738	2.31752301351368	5.15244572541653	3.35684298667988	5.70078435706589	2.76058033505229	6.55100056867771	3.5907954360126	5.79604201736491	5.91173947687669	4.73503660681172	8.98738436633949	3.16527334265571	4.33764912906503	4.12649020352838	7.64032176640902	4.96036954121726	1.9336637292026	3.33537289599423
CKLF	5.33237044303405	5.25564063023041	4.24406372373704	4.22750643785158	5.29753149314364	4.85252800785778	4.93906915124535	4.59039926703526	5.50168573112327	5.09793030350831	5.59534980755006	5.06572128073767	5.51471667070009	4.95693068696141	4.49228148381544	4.37102312417302	4.48498057708637	5.06948997253953	3.75159167478077	5.03492552377824	5.66402342741801	5.20753152867693	4.71603161850755	3.84238573626662	5.01980487757077	5.5338623249102	5.0906138768857	5.52571999667166	5.66216785581336	5.4841809480277	5.0575021525429	4.54958716887324	4.55302318987081	4.90410072431414	4.56541583615518	5.19244326865791	5.13872046657357	4.85252887987684	6.21599752390198	4.41413189260379	5.1725329699778	4.54177411123983	4.73701654456971	5.25516819684802	6.00216056274518	5.0401170844462	5.47822595397608	5.4479965126451	4.7839251702193	5.04632808449411	4.9587131631445	4.4830524536279	4.51280402125833	4.11327215788642	4.57008482056197	5.14732910153306	4.19067901803949	5.59587714101238	5.1373448659443	4.73830028185998	5.01690526648723	4.64039574784374	5.45877677327224	4.79007785934622	4.80323634361943	4.53795256980274	5.68054027609008	5.4689561600159	4.29725441313947	5.60270280614743	4.50516524183699	4.80479913862426	4.8529793498854	5.60452407955185	5.15892017649648	5.38310024627562	5.39243130874246	6.1578971789995	5.02266938996118	5.30918328531237	5.40078242724585	5.15356791512195	4.84605769764505	4.29258326146507	5.05107143052133	5.2519000524216	5.16705823057358	5.39595758943597	5.00960213671256	4.46840750120779	5.03976961875718	5.27764154486763	5.23106090916208	4.16228660541677	4.33657113750456	4.12869222258577	4.96488066805972	4.79314219700793	5.13062435682394	4.85360976264375	5.09682532083165	6.22721665666304	5.90409881461193	5.28332042610006	4.79818317234995	4.88098706999278	5.08582642250396	5.0229211393192	5.09414304780199	4.24735666811098	4.63039227766361
CXCL17	1.2445211151697	7.52434981175144	4.28472694735261	4.25971692060485	7.87390198427546	5.01917466566013	7.28592975695838	1.36250990034759	3.84676252027911	6.34273164003597	7.42094528044524	3.57057302249823	7.72863502689488	5.01763621313676	1.22336768301882	2.72050220218944	5.52188863652392	1.69947228361697	4.36952056603788	4.91041406558182	3.65843542011428	8.34470029667216	7.02783496436758	1.71020588254497	2.57434504966907	3.94030122841655	5.25216709771961	6.7282118484239	5.17457810680275	1.8007944517976	5.22905601936794	7.30977774343841	7.85932121154108	6.65228770643348	2.97178169474749	6.53215107990538	6.28218667352787	8.62499989129501	2.89011796842349	4.53300958377233	5.72855423955413	4.92688961157818	4.51923065244511	5.11690058266764	5.48244107246447	5.00093805186684	6.76561881460354	4.81475228136678	7.51570185990493	6.1888871809261	5.12336501363926	7.48980444717237	4.1705734821792	5.34608895329761	4.13094661959415	2.73538236769052	3.66814614784495	8.35967412326755	2.88196943675393	7.40695275283493	6.31255803084034	3.44038290507928	8.38781604192705	6.96127714830349	3.27286468688557	3.43631513024375	6.80060873498455	1.58404818509645	4.26484639034885	8.29645285775072	5.76669415501813	4.51715751937089	4.3084642183933	1.2945012131248	5.5894919343132	4.77209285087065	4.9470216204593	8.09904069964209	5.27817205049099	9.37581643270988	6.55900617954628	9.37394008942336	3.86270447774643	7.84510291439407	5.45581291085327	6.48712743939129	5.57720692328133	2.36699481365303	3.94406299459476	4.98630303455748	6.96203731327105	5.68104486016125	3.43327644974965	4.28340193903453	3.51867251102638	3.22831237557508	7.96364432102474	2.34878955583816	4.58458259321438	2.32139329807108	2.93904031264526	6.06379877188546	3.54835928915273	4.81980961910729	4.25762281566561	8.22408054335276	3.77612953378728	6.26603175966153	2.47832731377395	5.47897579144545	7.09711244088142
SEMA3C	5.85471280677312	5.3824065557027	4.17659487103733	3.91203783926035	3.05500516268973	7.32330674323513	6.40307351119924	6.9140150017333	5.78587512014008	7.87577798574335	5.40121458665531	4.47983042932555	5.59231907818574	6.92914729364483	5.90606694008187	6.78676969858376	5.21340578009712	6.76333548038622	6.14405817298444	6.36596982521278	5.01116906935994	5.3245648727826	6.55166978506964	5.99306027477547	6.6863104290479	4.16589245381393	4.27205699007828	4.90043644327418	5.8156325181513	5.58013697041378	3.04868501421294	4.13045138053435	5.79509900146615	4.34939588951158	5.61206186602366	4.97991580801784	2.46431776776981	4.92781299988592	6.29015905859907	7.34160131141202	8.30564387348228	6.00420323018642	6.52853881620534	3.89430338592568	4.82588322527298	4.54360366017429	4.50857355496738	7.24187149643963	4.60099117306005	4.60126567428189	5.06084670558089	5.02252679428325	5.90966316596324	3.49721766415536	5.30955247620004	8.32814381475973	6.08558598536686	4.62920054635388	4.63169198941396	4.77909649100336	5.49395412504907	5.66051992139808	5.48509385891936	6.09183364267447	5.12380149815354	3.04150195212305	5.61046165329098	4.43922711295633	5.89841793463156	4.60912470520807	4.00412982173907	7.16062786180781	4.45292956176913	5.64576807579322	5.66551773645137	6.32464405396711	5.26905244365225	4.28658358994753	6.156357001425	6.31533463922054	3.87459592551991	6.31815130557116	4.82311871780875	6.54924509773149	4.59595664377729	4.29866782399858	4.62212108496312	6.0614706716512	7.28697484264824	4.38952508927792	5.67484727032182	6.67794905584473	6.06906324659001	7.24414003608959	3.33726392261204	4.90536100271668	5.5049298808195	6.5875787624783	6.44942371874396	6.99332631391046	6.54516401830249	7.84135182831155	5.40294446160227	3.58545913391118	3.22827268495087	6.61371488361758	6.1350943622676	4.51147110915809	7.40163018971483	6.30634176920831	4.12936336893119
SEMA3D	2.54280616524198	1.6509040198545	2.06238003616725	1.4393375379263	1.9220326783332	1.58140881337555	1.88209376878234	1.09503908165485	2.23687766487704	1.35069697997718	1.8041671325661	2.48344955711322	1.12537678098798	1.26873653437098	2.67068833937812	2.2550710085013	2.27560739028163	1.87419481384233	2.22166256580762	1.67571366988966	1.91300502822772	2.04002446866322	1.5662325043759	2.44347782362218	2.5746614301386	1.16976407888172	1.12965064384499	1.51301533066134	2.53151078032775	1.23935064959256	2.65898584274529	1.34389654162456	1.55030582188128	1.65981683344041	2.14438665508043	1.52098689433611	1.09356705074082	1.83557729537556	1.15411402546606	1.41577176903952	1.19926203294193	1.25873392498012	1.10997948633646	1.30526623500175	1.69419612174289	1.09185781892094	1.90464123160639	3.07619494751622	1.72013924821385	1.45684234798861	1.14038929512275	2.52096648128965	1.63987852033199	1.52860253883571	1.54406230118921	2.13463631450752	1.84309828310755	1.9209159315351	1.61959881142946	1.18578210840945	2.34061782934604	1.68204612128119	1.7609700820417	1.67306174287422	1.79811111226713	2.22541577045789	2.02841734716106	1.33309168494713	1.0843930685088	2.02957839741888	1.80415347521481	1.18804438415574	1.53031159445904	2.06472306490487	1.6182379739313	1.5696201226233	2.89860721193073	1.24399483920179	2.61686385655399	1.34406027223664	2.11477654588024	1.48891492870799	1.72315486795042	1.19551322898135	1.14460038944302	1.13056138519943	1.54531156398332	1.34180615028833	1.10033810878639	2.39136404073003	1.84668380266519	1.70895347594907	1.46101163739775	1.13743229773533	2.42415525159984	1.93124271797368	1.95357073140455	1.56182337983698	1.57750663348555	1.72397388834193	1.54880806452153	1.17230141197916	1.27179400914699	1.72745380486916	1.10080865153897	1.59423926212667	1.57095985050164	2.28896600830651	1.10522103552007	1.12514398247472	2.48079902578766
SEMA4F	3.23082862301014	2.95254480081455	2.90089691983073	3.24455767972864	2.79351277136878	2.54246091218744	2.9054850990259	2.92370819375716	2.67511697503729	3.12778688975159	2.31789717054222	3.06516550084981	3.17314071486136	3.38584470004553	2.60921556797346	1.99145239695337	2.96404769950087	2.31216523773252	3.04972855498818	3.54959904374081	2.92294038089905	3.37114477349397	2.24153453731299	2.88782136417007	2.7399337188104	2.35085873789722	1.57712917847695	2.79039825507643	2.65173112607095	2.94482902236989	2.44713810523699	1.86859115636542	2.13579096261266	2.86378799891589	3.09459747808276	3.59655662947477	2.86680866215668	2.50207330397553	2.60518416384673	1.88917529482663	2.58819414318938	1.9428123327624	2.51136290571367	1.75089489756078	2.301653005609	2.48034115139218	2.76490404871171	3.40199808979001	3.07579410693026	2.68005806031265	1.96770385784485	2.61311176376861	2.93964859327708	2.42351776679921	2.79414925403411	2.78071757015892	2.86324638721915	1.5965467910255	2.04860270220215	2.131589563648	2.7810315908499	2.10292390576402	3.14468946666325	2.09024927746387	2.35082914871625	2.61614810088763	2.41676751808215	1.9907671802605	3.26261740871363	2.99551024628548	2.70801537772158	2.1458376455663	3.08770170407159	2.40224381306292	2.53485763016978	2.25593063824861	1.72101026683799	2.24111851352834	2.55738125078276	2.08057408755302	3.11592209360199	2.14911979994312	2.18800532808409	2.12401775134055	1.79582793683506	1.38547240905249	1.7565880651217	2.94456864470242	3.08744196406119	2.37961656881172	3.2635742923873	3.05813198378873	2.81289824292046	1.74649343457161	2.25351559478817	3.15200781777538	3.57355032471106	3.26825187379953	2.41289523415469	3.17945135060115	2.65535390246555	2.33035969806511	2.60092940852657	2.7191452092895	1.59669597466135	2.28237198196856	2.9476795420572	2.64378071006382	2.39096202351823	2.16475114067073	2.60312351677759
SEMA6B	3.02650295580669	2.61771064437595	2.82439912478239	2.7348507594507	2.38146099253399	2.83935298665622	2.97109262225596	2.74898141871521	2.78917936666522	3.14689188337427	2.88940156046699	1.64611792144569	2.30222435975382	2.26557442439435	2.54738917864777	2.36324976819129	2.21201638661211	2.57259023008392	2.2723058101057	1.77371125035049	2.67799222711488	2.01663204539907	1.86653664264675	2.29333894013595	1.72527738874131	2.49919833076351	2.27548523799423	2.58054791416018	2.16064227264919	2.80974123214525	2.46681606982193	2.30797525131686	2.48216207938136	2.6389219007561	2.66317784591645	1.93262927525045	2.46436754716394	2.09844510123598	3.03432210489378	2.36239589923831	2.56934520623786	2.09551569578881	1.6404345775879	2.83360950990242	2.03909940963322	2.27010014601792	2.09088357575316	2.57984167608981	2.5368287027915	3.36177540888532	1.89760963815084	3.07355422327203	2.91499291058691	2.64740744286329	2.67913248926511	2.57716589941239	2.23776894364969	2.5230019536754	2.12733145953534	2.40034671277105	2.01433198808939	2.33841567937003	2.98832824000466	2.53463175887177	3.0487901081823	2.5173663867809	3.3032409432481	1.81478118419993	1.63093818118345	1.92765522133677	2.43836599172147	3.20834326507966	2.76378608437455	2.05529522281929	2.77020059002923	3.03827294808886	2.57975596148771	2.05632419968912	3.00814277185164	1.65624699306718	2.23152330063847	3.10393649251633	2.61852476766277	2.24301078697205	1.98069508850966	2.4548916798564	2.39893913389654	2.82118575068497	3.6093613774641	2.24594011841347	2.63105766563143	2.24294232350738	3.72905203020916	2.58448143206591	2.18967549656324	2.80430382694565	2.44313208886945	3.67373500160806	2.93797793336404	3.30198866333487	4.13806470326755	3.01643575029978	2.36800599539129	3.11484078750836	3.59262731456064	2.07624417317824	2.79276609796511	2.3554986866373	2.94771543853913	2.1116536522233	2.00401064986829
SEMA6D	2.41752068092134	3.14545280481201	2.5806236179764	3.20262459890842	1.22639558603832	2.1444605443256	2.17261801345804	1.42406379822627	3.0001438587914	1.57777160008752	2.28837287453128	1.68944122176828	1.25985817138415	1.65942612185444	1.44002196343633	1.62860482431569	3.76852638667939	1.81326327628032	3.06879360099381	1.21136010756193	1.35411987630079	1.32523225581289	1.32618366016152	2.58868543485735	4.60696375752838	1.43997162927481	1.19153230256794	3.28475239071015	1.91664743635207	1.23631969292567	1.43564458632667	1.55048884281129	2.25268095160501	2.8761711764764	3.39298792181868	1.93640469073133	1.19292518641714	1.26447590494809	2.07529852169816	2.18049698101248	1.56045539020556	1.68607737911858	2.60905733071755	1.59968902697221	1.21070971694791	1.24126717262186	2.60834266287455	1.36885475931915	1.83875820737154	2.4803954732444	1.57280962751151	3.41359255380776	1.62521138517351	2.27290663988587	1.74397660646029	1.31903243757863	1.21966871940058	1.32468119869476	1.22477511304565	1.23634650195866	1.45681951186131	1.50439905376416	1.54744981182251	2.26169513259413	2.88970848737565	2.76054938196179	1.90901897806648	1.15453567949388	2.49071237788601	1.16697286879749	2.67408067436741	1.43531318789566	2.44937458878772	3.30395467168832	1.46383631948338	1.35685706495613	1.82051668077109	1.22951828956436	2.37784142082666	1.40067981394279	1.25837499705699	1.79416387925141	1.75738558629697	1.80050284591075	1.16643991756681	1.28091609844936	1.7415115508066	1.86399435341441	1.18180435413956	2.26239077167816	1.36662510744402	1.18531818375287	2.57373910491331	1.33062619858324	1.42929348923756	2.51097977284916	1.88435230308973	1.40937144716154	1.4127754167251	1.42553702306068	1.96741260134297	1.43748403129036	1.67363123744945	3.2660523709113	1.19705834578911	1.31534554466898	1.39923113317549	1.39258844929416	1.31431549128526	2.65128668890772	1.24334831743332
SEMA7A	2.21000341396987	3.18737406730358	2.5752285212434	2.73524926463504	2.40868523329428	3.00124240529306	2.76097411949717	3.09708534279259	2.93326503014217	3.19719999939815	2.5824249961207	2.88624742708681	3.22369894473106	2.89872968029866	2.55016319749706	2.69868944272558	2.23091649600494	2.6764332388737	1.93163412429357	1.94902752082313	2.64763984397859	3.03322045617185	2.5148405641765	2.57166729011076	2.3901437056493	2.40302559262479	3.321406855162	2.81541120277643	2.5107513402623	3.71080754037388	3.4257057060439	2.69602639123335	2.23874572578234	2.46550356083487	3.01561016369082	2.6674224307384	2.56466733482535	1.87694605089481	3.30189672726119	4.05960187298579	3.42425028595677	2.49124951348203	2.68498333852537	2.36900448714536	2.10484909364046	3.08110936023232	2.80705876847222	2.77759036033483	2.57850049066628	3.02205639052005	3.50667245200873	3.09325623454072	2.41417137310478	3.46327361392267	3.08507518163286	2.45452496728257	3.04408606280956	2.83371806804679	2.11220819311307	3.08235979499843	3.248837164848	3.57269511645071	3.3961553268857	2.25621382488235	2.76860866620428	2.51402513233009	3.51269221268582	2.18827642827062	1.9152997255018	2.55330764140155	3.24625891307298	3.35025447784258	2.18220585515299	2.76808064300984	3.93058894694008	3.32002393633515	2.91966298556345	2.56059427651429	3.15476845859547	2.32830588770868	1.81844135339518	2.95966690390014	3.9208546688945	3.50777607974979	3.04842201439075	3.1383151708844	2.61763451075908	2.59176268690285	3.74260059819151	2.65538871718023	1.97537442073735	3.08946250104075	4.05587348718115	2.18558774375688	2.4200304420602	2.6690259594362	2.56654178845105	3.91030627870939	2.76184511796316	4.14855368727415	4.38471774122158	3.89728263840713	3.04231026793145	2.71207214536101	2.21030095376024	4.44724871857039	3.90951818836194	2.11318867594679	2.36655634337821	1.87151814473494	3.11643579926883
TNC	8.48036546154438	7.62680918382308	6.20276892230701	6.13771809850109	4.38511544153886	8.10333204149689	4.3938203995297	5.7355021892243	7.55931563261792	7.94882611374789	6.84926261725938	8.12355682188604	8.5732113206159	7.83466613606417	5.78161475072557	7.02065011077471	7.97160983007323	7.38520067068932	8.86785065893283	2.94566738856045	4.15489432273642	7.73647914556757	8.9271321753404	10.5974852747245	8.45307545225507	7.38411435019408	4.49844289180598	5.6509240531786	7.5006333982107	8.19077905779195	6.31000534383096	6.12047270957946	6.85036636220383	5.75968314444067	9.21867931875481	7.69137494580338	5.34984593545193	4.72294646257314	5.78475005026212	6.59824419635774	8.44335805363622	5.64712803348095	5.21656007404318	5.88432308662015	5.58128256038805	4.35639047744504	5.64391676722121	8.50692980671079	8.03347287345716	6.83231696753405	5.32700488155274	5.99779965566438	7.30599396880715	5.46613919037539	7.71591693490828	7.54167112340215	9.13580138080576	4.86252302380469	6.88166278411292	7.52347962221468	6.71611972217689	6.72439010143009	6.29005639794657	7.5778824469309	5.463230931473	4.38612080747052	7.60942588225788	3.55097840104207	6.71683654350704	6.41812551913663	5.56363206948402	8.07591557560193	4.64893765387262	7.51424030354021	7.47033501472635	6.78169031057109	6.84583168159559	6.77537448266313	7.60849367151087	7.0722861516857	5.58518644837099	8.10862552894501	7.66535418431584	7.23397213280398	5.1208640414021	7.93830070064142	6.38656574178915	8.63205406215465	6.24622127410734	7.73501365648919	8.24314038211186	8.83942743503608	7.8690219695288	8.11463940979228	6.48299659430411	6.80869123959736	6.36574000904005	7.65885946062043	6.80216696200182	7.07917826966257	8.7381434229223	9.29262340093767	6.6663539662607	6.84192448346887	3.6088174952019	7.80578762360773	8.98396508581008	6.5131232612153	8.88091470318105	7.62133081005697	3.17007229721786
TYMP	8.05402163339981	7.05265343144529	4.11326568858494	5.85478668526743	7.79187941697919	7.79387891329374	7.74938576887729	5.19232836890691	7.41595752669037	6.76632240679213	8.10676847576815	6.36354289499595	7.80471739475113	7.22827697080941	5.01591818260491	6.01160134870896	6.74342046715789	7.89393120383007	6.26024472899029	5.54690142887694	4.66725203521606	6.88055698305742	7.62863567579446	5.66156215819911	6.06529898039136	5.72727498507382	9.24438146343152	5.52627668195241	6.10193198195963	7.66881520464143	7.75204515187857	7.77940137791109	6.57662726339705	7.02389703927003	6.77936526415548	6.505531064733	7.62059909444998	5.87209317746828	6.82847961231402	7.97401231015741	7.93619612570943	6.24131893514554	6.75278214532333	7.82160986456503	6.4182574851412	6.32721375134826	6.87408393886489	5.79508428992731	6.11360171643176	6.30388537420985	6.27360390728225	6.81055778751123	6.25675605555357	5.17082499421898	7.88966277506356	7.09084821514742	6.74745272894872	4.87108258465271	7.76211428573424	7.76522533369594	5.8890110757474	7.51175727478056	5.82524578551289	7.66260206270532	7.25081536367797	7.00142367432865	9.25317881001429	8.89704703179139	6.84061512729887	8.5807701400421	6.38332928729786	6.42388721008645	5.619465588212	7.20975468542279	6.83798425574938	8.10178336211655	7.19932539158107	6.63153488468151	7.1247689065981	7.09874957530043	8.04013704904975	6.66181409217886	6.94355961150166	7.97113732839309	8.83049450094001	8.37721689131834	8.06140027931028	7.39818739439971	5.89542861317523	5.23684072456557	6.89684596308443	7.22993928404307	6.35202032267389	7.17188597065622	6.49037334144303	5.03377806081377	7.56960694513609	7.32252803455379	8.16486511493683	6.59651790027371	6.97441056332407	7.61248997654653	8.78050724548977	7.55860200142964	8.89181437053585	8.01759482323154	6.71913718667613	5.5276712132414	7.95933888009261	7.37984368421639	5.86654389430167
CCRL2	1.59584243284763	2.38856055637468	1.36884290794249	1.7940748760652	1.70361453725472	1.4631432690958	2.04783686484359	1.68779024354283	3.89591244831846	3.74503059063045	2.86459029469882	2.83163555009812	2.18492065444836	1.83703859430637	1.2799729672853	1.48110330642209	1.53250108999323	2.45964644038623	1.20336887565006	1.35623355066004	1.80530270897741	1.94845836245451	1.61463540084944	1.31852312540456	1.78675450710376	1.57923689587075	1.63361716562008	1.59837916128568	1.60249179921209	1.96733668707768	2.26727695924888	1.17957265244268	2.28536610016595	2.23258986790163	1.98076750771997	1.33020373829004	1.49429699521326	1.49707423234821	1.29562029776854	1.8007061005439	2.02159328934591	1.49997615856224	1.14827432225979	1.61462178742874	1.36771317760187	1.3234005368511	2.48349892258129	1.69439209878071	1.585143319214	2.09306212892676	1.21086128440811	2.37313132014232	1.4611455078097	1.38870477525165	1.95108322232159	1.45261882586512	1.28631732480514	1.84342969244839	1.71904600791625	1.56392818363124	1.53451246259068	3.13469826407349	2.09963957244936	1.81125906053055	2.80493546667813	2.42111379765391	2.46159403711353	1.61828175187092	1.27663932712165	2.63187922638761	1.81527218250981	1.67916793212792	1.91344309411933	2.60498392489515	1.88456396607823	2.63096890214414	2.55236658964649	1.7717077314463	2.16425490086475	1.34740353891173	1.2311583514837	2.94722536815672	2.42988590558089	2.0200950287508	1.89234391412342	2.66681126918964	2.64843023279849	2.42933632396755	1.81665075384173	1.97018559133347	1.72872667887182	1.58961680282926	3.38808669571166	1.43092139577931	2.10316957043462	2.16152290641735	1.71635800638425	1.29989653435672	1.5026906591856	2.48592553753703	2.66823121780836	2.31723215655269	1.79483798688947	2.39514976529008	1.67083906905213	1.73859670301298	1.70792069485179	1.47395033611872	1.61587531145193	1.20086234631031	1.29618660321074
CXCR3	1.90538609402763	3.17860891889427	1.23561078999555	1.73467384415533	2.15684433191456	2.17338378302478	2.76393460088236	2.48293580527187	1.83190312695404	2.1532082092488	2.6098213384541	3.14042714036979	2.70213597579745	1.94285115065815	1.27052143380262	1.57293812542042	2.03978318876071	2.55811715609432	1.51163291326992	1.30379759272583	1.68223555476376	2.73854335968449	2.03321933139466	1.45642534930882	2.38009083482947	1.62913597614383	2.40190153596437	2.60659993112543	1.46499250035988	1.98818155604824	3.46442617828489	1.63960910162552	2.35367587000494	3.21577304520003	1.55876092405088	1.74960366083517	1.7389768051135	1.82854336174497	1.39504204034682	1.43935195537534	1.87291773773732	2.13891675036829	1.19387162034722	1.34305184496163	1.34431353606062	1.75422654425652	2.56057350570706	1.4023741463333	2.22633950872988	2.63289436257927	1.34642413730157	3.35219411792156	1.83361623730843	2.00564463395167	2.0986089830171	2.09354971957165	1.65356767124908	2.69289571126829	2.07217358914073	1.96118293053646	1.68021042298972	3.04974532385261	2.46796068324908	1.99976987740237	2.42927905955827	3.26988994418605	3.00515875323992	1.22250913299055	1.49690337331024	3.21704286274117	2.14595249227814	1.67439434520293	2.59417212442019	2.18600403527806	3.09212670704568	3.28669598249153	3.31595405832608	1.64181158287548	2.7839653502605	1.52229155873324	1.75521066238478	2.77246311123491	3.66235357999536	2.48218995371889	1.375358822176	2.43063788952616	2.0903873623855	3.09337409916255	1.63028472836763	1.79800996502961	1.97108829249091	1.42500876209943	1.80887497631069	1.38523429287116	1.92743145176772	1.93076642421888	1.93748363478067	1.32799649613352	2.31039838186289	1.96510046649924	1.95457131274482	1.74243300157724	2.07044180262551	3.13394293424681	1.39743244216527	1.63056320137579	1.53838157305303	2.10122406985243	1.90482533213308	1.48283331558342	1.69343290450095
ACKR1	1.74112310346054	4.94848418809195	2.68664223572279	3.12838193621008	3.47193085902418	5.27489554764583	3.46486854677006	4.0267594724999	3.55116387735329	3.55869672513274	3.51713127447936	1.59431607420542	5.11753455509029	2.93765139903937	2.0446377533395	2.15283768326787	3.13025881032749	4.12983843386137	3.06457814809465	3.47407055045121	2.32311847805457	4.22363749394269	3.09875714642935	2.79921383354072	2.77739043595742	3.5064963325071	4.76296368642107	4.37793393746621	2.5222289660304	1.78745906770018	3.32960498774177	5.24040893260748	5.18122618901388	5.63794557736011	3.26915950583197	2.9059745657415	4.01417391613227	5.6290666555223	1.04251733315666	2.50595074147794	1.3207409252946	5.43303675603444	3.17764674476495	3.64818512586807	2.65983053987942	3.52251425088213	2.42494241597355	5.87855484390315	5.03285833000118	7.39012358403306	2.47398929011336	6.03517001455476	4.54339103397971	5.0856929348599	2.88604665696491	2.5127015361992	1.94615511420272	4.69909851029755	3.71734186018677	5.09597367235516	4.1199780151902	1.72902232510143	4.93599139721074	5.64776490356276	5.33600009664386	3.98091355945026	4.45068824897233	2.63655120653084	1.24145487570486	3.40519145828548	4.01149010358476	4.45286180057876	1.55180249608894	2.70764582892918	6.48513975472867	3.15836471638538	3.36882221951919	2.12502457148326	6.09414855013813	3.64798614482358	4.36297240051628	6.88190225583716	5.80744918359596	4.19691982514566	1.91938614413244	1.41421757468008	3.26249653717905	2.40211840407243	4.15645849884373	3.56206930191268	4.10374115595937	1.56198428265277	4.75109874358016	5.09792940996541	3.89757954956591	1.86833786414653	2.73614146089466	1.13707415542155	2.19315941821769	4.34690949072615	2.92470676896062	6.02832715187306	4.71919761438662	6.59048792926438	2.79963587449311	3.69672390520978	2.22882052050429	3.79631525264508	3.29767969835133	5.10093728867541	1.48954508907154
EDNRA	5.89980126348477	5.45322797850302	3.97373304453712	5.36470664721793	4.21204043978898	4.25415278186024	4.61025814754935	5.06517017110726	4.78275159108741	6.06423048281759	6.23473281016155	3.67920534957374	4.81390430585578	5.17850938065011	5.13885451549532	4.73933576595972	6.18326583266558	6.98529491129327	4.20141508502523	3.43661596824701	4.31912082295436	4.04516148937549	4.76690044578699	4.79956264624513	5.92358621178455	5.01128705797968	3.731005582214	4.45724199178772	6.35122168215797	4.89684738734036	3.90202497620931	4.64694172881824	4.30873715036102	4.03355921832713	6.33281223849002	5.07195814211344	3.47918509468103	3.56238386374037	5.25987638331768	5.07134854725055	5.57721253977271	5.49656660966828	5.88116988216378	4.35040237723267	4.86545505593546	3.66498143762514	4.4251699439521	5.98431766274045	4.54654473679848	5.10265333573841	3.50589419418912	4.59340302930086	6.38998540884848	4.57504287526896	5.71611115294847	5.33655293300265	5.17933901064889	3.93723456658076	3.8449646207997	5.553182817977	4.80994511210764	5.05080613434658	5.2389798336507	5.54393948634275	5.93395801637802	3.46314750517531	5.58552830266242	2.92923731086406	3.58619783426785	3.96315676571543	4.40602957985935	6.99779954488493	5.09066527743094	5.32583888149041	6.28147407264821	5.71988908417845	5.16792450655944	3.40893733780078	5.84310577692525	4.63303073398849	3.49809248598938	6.20862073863965	5.60291360764769	5.28779924757028	3.562048598317	5.35076865718206	5.15130394687343	5.08411917898197	3.95309734707127	5.80455292253765	4.5495442631174	5.11615026035703	6.73167315276044	4.15223306036086	4.53439024764771	4.85310871308614	3.45611127061234	4.36330667568488	5.33366946187961	6.28165919713506	7.27223376980767	4.99076469943313	5.49198176262764	3.96400366548485	4.24579775393853	5.69812881411955	5.04880676239076	4.80543349116762	5.8297458602438	3.97335608061702	3.78350954561872
FPR1	2.66836306270052	5.47234885173942	2.74502305369261	3.14495687044298	3.23889169679453	3.72225399451383	3.14577621117023	3.70807040585221	3.72925704452811	5.71957979332723	4.3425090804275	5.20101338003789	3.87798135688694	3.28930190242	4.52596826498648	3.21445653612227	3.21739867516826	4.45465223583633	2.52327895946246	2.18257954846957	3.11827437383878	3.41126312000277	2.88345979518131	2.65836140942751	3.55549589061836	2.7883412624366	2.71827836690722	3.18480769679611	3.31976270778538	2.95603421232943	3.92388344682572	3.0290263197261	4.36950765008332	3.84520744058391	4.07860693996822	2.81304272694399	3.71028459494227	2.62162563073793	2.80031839786272	2.98549182241405	2.89700117712548	2.97424629169137	1.9674524306906	2.45872098336466	3.19539673097933	2.59344212419383	2.84519768841008	3.25690862566805	3.06987747912978	4.28328664964367	2.39872392815957	5.15765262202622	4.0226715969897	4.57897903951416	3.61282717014606	2.23549097573925	2.64601078072398	5.16616046683663	3.33051977845479	2.62755642372744	4.49145563045977	3.49452736754626	4.17804607273209	3.98844658402376	3.67064098142526	3.49805001227118	3.33595222774703	3.57558822457826	2.80315676766849	3.98015311195276	3.40131260387335	3.93601690541875	2.7017058048513	3.99457168545521	3.26839466828433	4.60328474604835	4.02821079522828	3.30364298994546	5.63707470174915	2.26773217742914	2.63438777326416	5.46492799234025	3.57224347532563	4.58328672013405	3.70936065930909	3.71470426728808	3.61646291167928	3.45324356702824	3.54289557085715	4.24464115253616	2.90030162775475	2.35729755668879	4.02944691056695	2.73653337738978	3.20238483464833	4.86998566795871	3.48863821257626	2.88869505160799	2.72150781925607	4.37910963680357	5.59948353131372	5.60791395692641	4.03908665484755	3.46681242973948	3.07396280568346	3.09333896501293	2.75463907312828	3.60892259645773	3.46623819152096	2.46690013892072	2.43439511326444
CXCR2	3.06379485639294	6.18673924295086	2.6732451996713	2.88860770994367	3.25711366219519	3.70280590691088	4.97445673306374	2.88078718650764	2.77784221310218	4.59890445079739	2.85356441938498	2.76678862837261	2.9216861339847	3.38253780005038	4.01220204201663	2.81171018399737	2.91063455888467	2.68413563592357	2.2957430358085	2.46793195026989	2.34859048786642	3.50745413368136	3.5204931579644	2.28944458705136	2.93511919171523	2.63688164949122	3.09738733659912	3.31173039818861	2.7495217181137	2.7442638448078	2.33585248213676	4.41183768235697	3.13369900438351	4.04969026961135	2.70475730877885	2.31482146819567	3.4759315302656	3.71459363264856	2.84332210509654	2.85337981798218	3.15897999107956	4.7137393038332	3.76987664354413	2.58776696169042	3.98297330982455	2.74969577024296	2.95044134974599	2.29787657031047	2.65409196571796	3.76331424708229	4.22943456169731	3.79787615818316	3.05684740901864	4.94349482684155	2.91585937964991	3.64921416225412	2.72900818649037	5.60583158613436	3.61647575125028	5.58334809117872	4.87680144647338	2.54892457577359	4.42362342278187	4.18960843373822	2.48974910624982	2.8044105825108	2.72084753877707	2.87770551975924	2.29813643500001	3.64791622764131	2.80124868843448	3.14562299186633	2.59021769123671	2.6890694769042	3.04077189266051	2.92034645666495	2.83431372085009	4.50520786573697	6.51599063503137	2.98327210844338	5.41909642761399	4.61724986968789	5.0626342997549	4.02557194639666	2.90732922910291	2.85017371755733	2.42937435679601	2.79840725864793	2.75897056197593	2.76573482408634	3.0065619825561	2.52960059384649	2.49346209649176	2.65137991307815	3.17885061366616	4.7649927087788	3.05523389079354	3.07316450445045	3.32882775582269	3.16750769262343	4.91495822727623	5.78823465253457	2.61198361096889	2.50956982025625	2.81770327402161	2.35500069883936	2.47764914554208	3.57370923512504	2.31939818671312	2.38693592944281	2.67468218714794
PLAUR	5.31997142696749	5.78910073112986	4.54205022489915	4.43255452404349	6.65196204358799	5.3739890262883	5.12592389401045	5.88468154514356	6.65192386916575	7.07982249727396	6.3282572713577	5.72812972680978	6.51328250318572	5.0296772341064	6.02366973557312	6.20693025638983	4.70307731673948	6.15713659015574	6.11784244443645	6.11920256438703	4.90998967656697	4.34418464173542	4.78822890302369	5.42806810014967	4.89029220064588	4.99783015765525	5.00901436683815	4.28833113761621	4.91441948259883	6.03639604212731	5.75728766968559	4.91427674634119	5.72065812545557	4.88045349677735	6.31751848322729	4.81720681966077	5.74966590081058	4.39550108404084	4.73201505900111	5.98167962758043	6.28169251587911	3.53780751831151	5.60347835611669	5.00437104194359	4.20440283370654	4.49662944945002	5.70840289361063	6.33692818743845	4.38955295841758	5.30161652737701	5.49233208134196	5.60745226871713	4.19327728908249	4.85533347747258	5.92904483042962	5.63485410225093	5.15704904615204	4.58440874137629	4.83984304550399	5.60017416025119	5.38450039116508	7.06898190210381	4.98246342698195	4.5724255447189	6.48184747392064	3.78533522381314	6.3945982988028	5.71170214903485	4.9025265942077	5.07276552277494	5.23449180422024	5.12792084736145	5.89605310934788	5.14357754114363	5.57360298742323	7.14401548815682	6.13462658041513	5.04739704835372	5.85708756416031	4.87296233036887	4.60268539161681	5.70016212665902	5.08635788773879	5.83618178193453	5.09484891158656	6.60966572453239	5.35219934795397	5.70590918847937	6.30264712601884	5.62583743956226	5.22316750861732	6.21147048037784	7.39274735706958	4.94592586139145	6.13847194730634	4.93280504780231	6.45063006057004	6.17616452984184	5.55845507667028	6.04421370143565	6.98296043202911	7.22475785758738	5.95968609662795	5.66233551570416	5.68891138391098	8.97737451958162	6.38769360062636	4.3857623982685	4.68275243183793	4.78144481997145	4.05982642870325
PLXNA1	5.82957194649575	5.09873152085789	4.52584626292038	4.78217993470086	5.68073987175075	4.92771694123195	5.61015698439361	5.72909603473502	4.71532028928924	5.20603138162117	4.57252866058431	6.4651364271432	5.49052023173086	5.38971331858763	4.85190319007198	5.17780596782833	4.93913304009159	5.4559428834519	5.02616659909627	4.36625510717179	4.01388269034133	4.6614765494973	5.75564609268325	5.72828126879342	5.81138386589656	4.79662152969738	3.56878393060144	4.97224577640025	4.66259999078805	5.07485533800434	5.85612771147203	4.73988117550267	4.94851301999764	5.78567577455811	5.09029638611792	5.16029177869633	4.96846536680086	5.0856857264308	5.18345786993647	4.47349090413977	5.39453848670927	4.18189019254028	5.76759195220706	3.80068315069433	4.36297781223993	4.59457367698335	5.18673268034493	5.40783709606242	5.14145591221188	5.02415708808919	5.49886762211522	5.15360380228893	5.422143644262	5.20228753671065	5.2972416453494	5.86684406767594	5.66180159139709	5.87677714631164	5.86503107268982	4.84748398335719	4.60220728757704	6.20178239055741	4.98814301305363	5.20145582237545	4.55389266774927	5.11489054891869	5.53796223147129	4.76673875515447	4.80245898575416	5.05223160752346	4.55683385028552	5.5159949167247	5.29629167478416	5.54612975302419	4.66104160273063	4.39851221503578	5.87183907127516	4.36047093266672	5.09958698062762	5.05451089690879	5.51757221020657	4.75854468843393	5.03492846582323	5.37029043738614	4.27185739647856	5.11642969250683	3.96427168430172	5.46846207053173	5.54230339642523	4.61621381668078	4.30458203312286	4.08441053202447	5.52310262479985	5.76978374132462	4.32548478709171	5.51388814572064	4.8853899330194	5.67065837988624	5.03806168662686	6.23347404276149	6.047751277385	5.55655984898986	4.5122048541233	4.58051384274849	3.88817505196791	5.42097328718117	5.87782071123184	6.08456063098621	5.39854958700556	4.974832113236	5.37793361532287
PLXNA3	3.85935459905358	2.42539754981959	2.9708471218328	3.06242772120279	2.46616157952828	1.83846356231605	3.15667973766032	2.69874067448438	2.66543784391496	2.57910710122066	2.41551337487243	2.54718818961831	2.68647277503484	2.34351666483871	1.98486535629064	3.09225938821453	2.93567287790895	2.46950863190586	2.45945334489985	2.4566447697943	2.67914608302062	2.79722465256301	2.49244305766474	3.16618544783266	3.09744707096116	2.74754833302519	2.04101541262555	2.57882599396911	2.75429577275176	2.8050441636535	2.84928804236659	2.47115174947528	1.96229284463685	2.57017815546645	2.94176600382081	2.40295123205949	2.09062156025562	1.67916846699958	2.19457266690186	1.9615701875466	2.29030237963842	1.19603282290782	2.70747924086136	1.38380406660895	2.06638305890694	2.26537860583143	2.41137566530219	1.82053145653753	2.96490407084624	2.56477736077382	1.79369646482546	2.87955042072453	2.26365347524072	1.82987647982353	3.09923385670138	2.44610241240627	2.48999394338331	2.73277932469265	2.56901954294743	2.04600270481326	2.02202370006429	2.8422678672817	2.80476900794267	1.99714111143795	2.81124406774252	2.69315598651221	2.32244541860442	1.67244973960449	3.34511252024822	2.33608922111276	2.22511384228671	2.04515065620422	2.71495168326221	2.50595765641412	1.98799445601479	2.50836005844712	2.29468667034309	1.95909018171461	2.77182560398659	2.56802063667632	2.34953197522426	2.39894791844895	2.23318160201623	2.98435863058828	1.93722955207594	1.74574405912845	2.13399412676367	2.77850802532391	2.42632512284238	2.5598364534931	2.15603601379344	2.5149322221925	2.201876664437	2.03509580826985	2.07456799846112	2.94162201682811	2.28651909394511	3.13850132360691	2.76340628827218	2.9086341117277	2.58258347076547	2.58580049156856	2.0698660465207	2.87566789754665	1.45662645255599	2.05125940856616	2.95939367942665	2.19456594893944	1.94019393690455	2.62910743712801	2.51633736570367
PLXNB3	3.60109136549274	2.32844703591466	3.08955783129238	2.40146974043022	2.5984947006787	3.10087200342782	3.95917725570396	3.05187494564374	2.00889127996911	2.72030852263733	2.43620843640453	1.6738880965647	2.35222741629261	2.42262810336848	1.73434191954156	4.05957716311796	2.14699426226056	2.88393519505379	2.38322282148942	1.99941450810738	2.67202317539288	2.84880744653476	2.85310198864051	2.72889301998851	2.98925411470382	2.53602811718006	1.33486347030173	2.13509348437281	2.2956342734438	2.81631628974666	2.0338757379602	2.55709546005398	2.47648199176392	2.80887253511051	3.2826879532174	2.39934502297676	3.16411641491737	2.23838069952614	2.81778128484694	2.6745328518596	2.86680336434987	1.93680972176888	3.60202131987847	1.80086032879964	1.91022424686868	2.24841487524625	2.19986425941606	2.4991250088308	3.49574440403858	2.73060002705762	2.32011502684762	3.01889759893147	2.59852904174083	2.49444570906565	2.99686605943949	2.60231183840818	3.40132118673634	2.35169739122212	2.45242584198445	1.91761640206989	1.81892627709041	2.5934967220504	2.87609683289703	2.19125343835139	2.40953809235026	2.69151000629274	3.11302744746839	1.15754213653018	3.55497565770768	2.49753099571906	2.37410432410598	2.16643228104646	3.05433195719199	2.12887470095761	1.80137580518076	2.23981804226753	2.10301858036957	2.34435741912655	2.70751983924813	2.41494984227604	3.55781171083714	2.27901006622053	2.70028411878383	2.32551607095279	1.98374485847338	1.9692385338207	2.42606476521475	3.09331105234037	2.04608712706243	2.59426788064737	2.52370577295145	2.7381730423234	2.1844762804553	2.0670491720208	2.20966376099634	1.7560628762658	2.61831727897323	2.82399077167529	3.05096543950341	1.81454810210409	2.5554066704114	2.75845184281433	1.63911977382823	2.12970413359809	1.46799234873986	1.93966219363657	2.95141892856482	2.3985607798366	2.13065684960676	2.99424942185046	2.8174793825829
PLXNC1	4.39801341882059	4.26689923638115	2.71461691266445	3.79447394262548	2.8935362751133	2.80742358960039	4.45210130025183	3.17100149649603	4.97190716378129	4.64007956474507	4.18336517071389	4.11835894280588	3.25477013182794	3.37263985996342	2.8034509991691	3.39717344820647	4.06307184864906	5.16272443611344	2.97025794158358	2.23828219017698	3.09325459947949	3.47215510966908	2.84968892089492	3.07426864711919	4.25362126463637	3.43974152902496	2.49181744661417	3.60882608820169	3.52456930279379	3.66955699549898	3.85322239118873	2.60843117592754	3.56176064741499	3.82257925799957	4.06972801229246	2.99304456515293	2.38544840499982	2.723513769571	2.90979046605542	3.42847996063536	3.12485805254956	3.85361632007244	2.55571034566974	2.48303031992421	2.48532318444088	2.46738571055268	3.39533845920644	3.22714200924344	3.7014536298322	3.4945188506549	2.50585793071021	4.75785049392262	3.39726095559114	3.25403273104704	3.69759293108558	3.09719073312906	3.04866798309609	3.74757573376352	2.96924163690924	2.80807623372961	3.28884630491197	4.27665598156666	3.96339107695887	3.86440355338089	4.44214565425676	3.83614901160058	3.97920498869131	2.33122696575047	2.92609229922481	3.7585674912821	3.11330915318432	3.71062796101488	3.94057696333124	4.56313453206377	3.6487039182849	4.5070531797492	3.79178242151464	2.7988467530565	4.29943258824667	2.47136581260199	2.41525810190569	4.72082549651402	4.3690843112279	3.62153958805901	2.31701701395309	3.36958527213115	3.34490392863821	4.15614370515525	2.51568224021734	3.54685347637669	3.25908340025379	2.40524585081636	4.36563655036321	2.69055475732156	3.47537380470258	3.99011552778977	2.79553459988707	2.6758982621667	3.40091975408752	4.32402015819115	3.99724041747144	3.80035873936671	2.91908386377947	3.9471125989071	2.56630482926502	2.81726230445711	3.30546188455787	3.4806591311925	3.50217553897889	2.57736359103555	2.39920177977887
PLXND1	4.39858920434966	4.19764684123786	4.14410218785139	4.39737176701359	3.40694467359511	3.72064154480309	4.48926533088251	4.47983012005866	4.68818453804759	4.7641694150549	4.53218250240704	4.72622715472672	4.20958307157661	3.78510323109652	3.63050907600236	4.22119160142353	3.9272027529656	5.09632055984037	3.63185064814756	4.31994713419713	4.15152411274612	3.32509849525277	4.53860819956489	4.34750975070929	4.40490121840326	4.02947104954653	2.87211601970682	4.61524460858525	4.08511073904158	3.78714903257035	4.44048066545128	3.22116273067771	3.82241402049132	4.52344773830359	4.37757198803254	3.6302980015164	2.84645422494239	2.85835834359853	3.846257211848	3.6814894692817	3.27414831188437	3.89988092374839	3.39827650327327	2.69008520475795	3.68523120183203	3.83515125658204	3.80812380078004	4.15344490539608	4.07594399915363	4.65878551823955	4.24841229192686	4.83543371406882	4.79520476260406	4.19764696587715	4.48917404805141	4.50409561524566	4.86183641451784	3.71085888372148	3.93245125333322	3.67274838194756	4.03126761297892	4.89744167021526	3.95720794397426	4.32324168238505	5.05467841552611	3.99339434370852	4.33509814299066	3.4132395068326	3.18657148837092	3.65587527750569	3.49973633567898	4.73218190699153	4.86443175558108	4.77225321521186	4.04216638294832	4.82898637551913	4.28559211400343	3.89935076403024	4.61110705121819	3.23347786232421	4.0562564250854	4.9540055112011	4.65733247726964	3.68819886843512	2.65571927008627	3.76782436932388	4.17197679341476	4.63472133664339	4.21676432291731	3.95950537002846	3.99641234411353	3.53827005648678	4.95783385386232	4.16032293717518	3.95939159374417	4.01416815591116	3.8177507978897	3.83906040554613	4.2713261001285	5.28173557172863	4.69274074549464	4.18100258447038	4.16673386615231	4.42259306991631	3.51846151895835	3.61850072386305	4.45859410058844	4.74282460316694	4.09050563672725	4.58811713362124	3.41214735088119
ADM	6.33667071715334	7.30361461181917	7.78969829208139	6.50272507090211	8.4084143843394	8.07023541565251	6.27141815942696	8.99602774323145	7.18523313101623	9.14350755629227	9.96635073492955	6.93242170477937	8.20941587463082	7.97763784413213	9.14068782755008	9.44784927964971	8.28072630227743	7.00109214213	8.42519265124853	8.31533798114571	7.98075228783597	9.24865323195484	8.7378408142261	7.67244517253571	6.49830585406788	9.60509685363169	8.36059305435951	6.14043434022628	6.94978698069565	8.78191497176033	5.48630641141699	7.82340497028214	8.46004749372693	7.94494478017032	9.39758559579623	8.69286378651384	9.72032469960268	7.70660449334902	8.97469388060238	9.10888400128998	9.0977422757416	5.37774275550665	9.72384200846284	8.82636226651827	7.44179759270163	7.29203302341288	7.69440395090475	9.33545030132118	8.58237661210165	7.24717786054877	7.74118031910999	8.39858049072758	6.60112536891722	6.90970283447678	9.95149361517376	9.26595416849021	8.53749984162264	7.5108995665733	7.63110268707314	8.00951239923871	8.62027565899761	8.82156445401583	7.63424636409999	8.15589956249462	8.65229058673251	6.99765144879751	7.04768612881939	8.17670181005819	8.66472665210454	7.98465829013432	9.31415794401495	7.85804528645542	9.33628443172723	6.79609880605819	7.34986173830345	8.14502953437619	7.13852390026959	10.6859693763896	7.23205789996645	8.56364252732164	7.11960051139564	6.62966568632296	8.79833072953125	8.86771129071614	11.1274422544083	9.30590237429765	9.61952533539651	7.00539566319697	7.70602928928708	7.96466677907319	6.86548067664779	9.60406383191367	7.66459556917921	7.19713097581661	9.06423867075035	8.44736353728458	8.47910951954416	8.71630185621689	8.48921823715696	8.36162586239133	7.28311096226877	7.92529888820859	7.88182559748319	8.7181481938711	8.88180994645726	8.79330552446696	8.57929956716069	8.05898634803341	7.83083770996601	10.0041306577664	8.4681185978351
APLN	3.25392073122187	3.07957695720252	4.0775791055938	3.89488071250747	3.29937357740112	3.05829321691208	1.63633097860817	3.60125791958319	3.14657091610391	3.89795737572681	3.20250406152365	2.90889155874007	2.26577621253052	3.83693750262019	3.85295115339033	2.76864908713366	2.64236355098182	2.76802553997063	2.16859654216387	2.87309403779695	3.37684443094224	1.65734701933249	2.21913943834762	2.63796663885556	3.33946142465297	2.65523099885438	2.50154959883043	2.45265114720432	2.87548199370108	2.69503793800019	1.98585827315653	2.32569214503564	2.85673385830287	2.28945259954504	3.89571068584998	2.68453014006259	3.86324023261818	1.67430544077236	3.61211191660053	3.1543781217029	4.09177622875025	2.69821987130091	3.41862578793757	2.91336324044151	2.55960888058854	2.52375574944959	2.65903271043747	3.18395997206166	2.15389178969831	2.34668366792604	2.86556801461547	1.80238493293299	2.59754625326602	2.57746587254725	3.44699012364572	4.04469547369852	3.73009393799374	1.74401600302309	2.35328052863206	2.62884192557378	3.22606802153786	4.57315455940899	1.85163512729522	2.58784063061613	3.15060301458212	1.71382142743359	3.23167383899653	2.42034497367634	2.6630522447682	1.71470007403519	2.48660917741079	3.91266955431456	2.73542282309716	2.44079232703123	3.15571317351958	3.06546832825974	2.75709414932868	2.21047957382532	3.5089358740253	3.64489288148933	1.9814954103256	2.68079492809421	2.44375718381445	2.90210588156332	3.86455329948461	3.75249719515993	3.35868546395524	2.55745616722473	3.8785476435872	3.32474243771868	2.92618292438436	4.38530958839388	3.68923073008855	3.54841232648469	2.41471465402005	2.53104711079419	2.20950227472194	4.53118958036999	4.63413224656307	3.83208446875365	3.44239117228759	3.95147971762128	2.77033922020507	2.21873244189095	3.55013925511925	3.60575320864954	4.24594292717163	3.15146415618951	3.26923867989017	2.45291255265442	3.51744395297903
ARTN	1.92996812391402	3.80961346592864	4.28904218255778	4.26581214165047	4.20931611483571	3.45010293735566	1.07932888186672	4.18934704936656	4.30977230719068	1.18359371252781	2.91124179227546	1.76685209995455	4.60077013230023	4.51987742059219	5.67340713138346	3.33767631297474	4.25975325614097	1.50340867754137	4.14693128255462	5.07938717295142	4.71172159301622	4.89823147234129	3.50416367204529	3.9542184386339	4.2959292274292	3.65974208367273	3.22404460821265	3.82695020833516	3.12753680577368	3.65046283645862	3.20084859168046	2.87865796278403	3.22823576758503	3.85605672532494	4.69645671093846	3.22305240947689	5.02951903776946	3.14515373068699	3.22785937985188	2.82959494770628	4.17004860319758	1.67001347069922	3.27449075656796	4.03114256164611	3.71030177515418	4.70235600265686	3.95993570451358	3.83756504952385	5.14667562125445	4.78287277794471	2.764499159524	4.16193181424515	3.27916864194164	3.76434433794794	4.06878306545749	3.54152687192088	3.0193714653588	3.86436414597788	2.12704712760612	2.23816581230323	2.49494106859631	1.72549855664325	3.87626545378004	1.71042235310512	3.69089826057358	4.95975464386338	3.38358088033905	1.97162398987062	5.97393428514306	2.78333211141652	4.97012814949734	3.17294615973436	4.48337329367832	1.73586270181067	2.84879404693285	2.6284630182588	2.91461568195383	4.77826926496935	2.65577675479951	3.27510155555917	3.2820495501905	1.56506913948017	2.53308149127883	2.13367816135554	2.34685088089017	3.22914603798688	3.03676556451432	2.10319035082543	3.89601390594977	4.05372794408128	2.9350892426649	4.08943060676796	3.63989709025586	3.05986577982597	3.08614734708775	5.15528965043844	2.81973101651955	3.75446711953789	3.95434902136744	1.83444809805216	3.15612751961065	3.40675387661762	3.68482698543325	5.49071652085855	3.37650007503055	3.35662860823897	4.09251841690787	2.64647726563576	1.56707467875055	4.24579806202682	4.09994480266409
BMP1	4.35546624822171	3.81645139296526	3.07072521136718	3.35904484688715	4.18058832410987	3.83559136041746	3.13975968662205	3.78564952357704	4.31694799075838	3.6698547042926	4.54347115129155	2.86071369081765	3.90093028215922	4.66652400381825	4.24891000140996	3.74794458058846	4.51744327492712	5.01021601843255	3.74544330289778	3.50643246269148	3.09475760618789	3.61358186400765	4.12141593406579	3.77122267768039	4.87301935162445	3.8103608234764	3.4858662102495	3.27351148854345	4.39734379655056	4.83303634523874	4.19637148524671	3.49852878049608	3.40671779019614	3.39811769800131	4.94833593145234	3.97921979990365	3.99331754711128	3.30052446065082	3.78855711600084	3.83757794279133	4.62618552417055	3.366855483616	4.48430191221871	3.66136658089587	2.91818000476511	2.97621527532595	3.70818715954533	4.02882738298099	3.97592795064777	3.67847398715107	2.98348580963772	3.73758178148724	3.39368819673914	3.8290877604147	4.62619387569702	3.6758975181896	4.01657842752352	4.0098499199282	2.95919949320288	3.66490625361043	3.42006271442041	4.15223767240278	3.13359490383005	4.98562010405311	3.97441712120986	2.9333151036931	4.40924232548875	2.70872415605962	3.17590448669824	4.25081098418141	3.58342425623861	4.93863476054857	4.21616501220569	3.46028141223043	3.87010814025663	4.59786118130919	3.87507271909692	3.83447756519775	3.92028803904627	3.94127306645757	2.7894239926052	3.87355584303422	4.10552476939518	3.76313311805238	3.58362550428041	3.93168806616322	4.35312473484689	4.58254762053937	4.48582755488821	4.07534554571786	4.04786294585848	4.5088067765464	4.71132440386717	3.84110998360508	3.31924050507062	4.19823207048254	3.27875692685827	4.84888983885577	4.16956987926322	4.36561932798396	4.81368201390371	5.08926510294905	4.62352207281049	3.2119028514919	3.78411489861304	3.7554092831844	4.72551571904906	4.1592074226498	4.2658395064583	3.1424220890745	3.69113317261801
BMP2	3.66784678204934	6.18883267192456	5.15159894280653	4.02441193405725	3.55252523986184	4.81235226079796	3.56706319348733	4.23335262875078	4.51378313781622	6.12123238568605	6.49728296421659	4.5972598240775	3.73937829334874	6.98217441817601	3.21750944140802	5.22947714271054	4.37086761005988	6.37702942705038	4.1229355291629	2.52461892715418	4.91449787818207	4.22324186400233	5.05802404661319	3.08261630414749	6.07920447595165	4.96264806494368	4.15354030887947	3.84519041216837	5.45705822207206	6.09394104915614	5.02887592874279	5.18859588169269	3.60556741146342	3.92188496547303	4.3450801191038	2.5520049906131	4.02845664011642	3.31623129734766	6.14147778564873	7.60695881003529	5.12261112296745	4.57089324310921	5.87406580967148	5.40722576407967	3.13223149217786	3.71625159281907	4.29279592876471	5.34697725037506	3.93834160289717	4.74565313655632	5.57163629889235	5.14873319004099	3.9614990411305	3.8130175042055	6.19583840722346	2.93831697530122	6.74391575643161	4.0912017729162	3.78582566781545	4.66387285543281	4.18902954134938	5.92321089074122	3.28448141994377	5.53837070744863	5.00259297890243	2.7646216378435	4.89466901876537	3.81576489467124	5.35888152409736	3.03311125106438	4.56947193747434	6.91972237141185	3.95519577360406	6.49629447470096	5.41972509300074	5.10640106907392	6.77638091981315	5.63308450437706	4.92369426954331	5.58572776218509	2.59471819832882	5.06193994454115	4.99924914608972	6.0518526371785	5.01926005540973	6.1891438917492	4.97265825077088	4.45828582347764	4.66791926356785	5.14718976415076	2.5776976646907	3.94146119093542	5.20939093794422	5.01819446711024	2.70183042249565	4.53973313568927	2.9233414847615	7.76042884511879	6.11648981897962	5.31670215648173	7.38221422856633	7.42611556421531	4.63192473242355	4.16116521018093	4.28938002607431	6.00221140624158	5.67160893041365	3.32128672521831	4.68321883905348	2.88554990993759	2.94857304492911
BMP3	0.974900521517025	1.7451878215404	1.29603720274765	1.04379460124824	1.00197437469254	1.03702769423697	1.62426556266046	0.971317330555103	1.05550384583271	1.40275056379103	0.982157832905263	1.03320103256743	1.10424012908336	1.04804478865734	0.971317330555103	1.23154093275753	1.51649335626764	0.971317330555103	1.13102719319888	1.06505253237326	1.01650806438166	2.05403515208886	1.37950622433302	2.75343352807846	1.01081445122169	2.17045428773936	0.994477741058623	1.18027081093335	1.00374012751648	0.973926709572179	0.982218229087099	1.33413839280385	2.44113290143855	1.89972357566695	0.977669196823146	1.20984355552389	1.13420024491727	1.39970345124045	0.971317330555103	1.11819346462753	1.31479468871292	1.25247563533257	1.02912458809278	0.978930040594239	1.23952610774733	0.99119782909352	1.05703916296185	1.24038015376505	1.60198305316907	1.20142309149975	0.989387095908275	1.71583722277738	1.0148093758603	0.989782905887064	1.15070646475491	0.982468587303683	0.971317330555103	1.1475666468947	0.971317330555103	0.974182987404579	1.94079145454731	0.979916948696146	1.30841442308673	1.5490626209319	1.20499306319379	2.24290464440316	1.21334453049587	0.98008485725184	4.58203291945648	0.996740513937175	1.59316863934185	0.986182832892293	1.13790455200756	0.971317330555103	1.44069574046248	0.974006041630239	1.06400460961048	1.09523419669217	1.28194420999517	2.38658580939662	0.989541282023242	3.17122103532106	0.993128458898688	1.86712609340109	0.998069262947572	1.08402600425476	0.974785619022579	0.99465798092425	0.971317330555103	1.10229507137777	1.24505636126487	1.16723530473141	0.97880764095963	0.976581158611342	1.03474776673334	1.05637992085204	0.975116916613974	0.992078837795057	1.12111683518495	1.01273652768233	0.994035342724469	1.26898588114605	0.99834186875172	1.30084084836724	0.974964833144886	1.55280434960296	1.03367640393316	1.3706354882519	0.971317330555103	0.979746674446422	1.0085649420207
BMP8A	2.1449603234041	1.38042972391426	1.43223427674261	1.73730080337074	1.19922291547585	1.08765715770786	1.89791711111261	2.06207584791669	1.59283429723737	1.51650438471208	1.19164255541883	1.11677886411819	1.15243269840194	1.66454264221073	1.52153003915764	1.90610932069023	1.51643378467228	1.47259724828156	1.3707338039235	1.13549725657349	1.41988434016083	1.35113623550618	1.19988187655702	2.2713244429906	1.85391715065562	1.72410717449586	1.00989066594837	1.77806456114904	2.10696700046171	1.22670117547148	1.31497743434414	1.05619629649748	1.34847313057709	1.50650433231972	2.24578610481755	1.11117097886191	1.84246266309855	1.16476274802632	1.82398074109644	1.31610125280288	1.19849184192951	1.26955107753302	1.14642530343381	1.00320610298016	1.14961024915239	1.19255026053056	1.24774799193981	1.3779034801613	1.58518914189208	1.65946295040211	1.28391862848076	1.52790367596307	1.48967924740932	1.27506453680629	1.88057844947483	1.83471945413027	1.59558852618235	1.3974707265507	1.26453124887348	1.19276539749378	1.23660804038126	2.23537610236968	1.34835069712528	1.40679561979207	2.20248306655245	1.66790542833517	1.73508244716314	0.973164812211462	1.07340067863678	1.00208024581473	1.2075509157552	2.06778530252616	1.66456839715145	1.69727470945441	1.19192700912674	1.65926129539383	1.48873574751132	1.09749370995101	1.3878040913903	1.17527974119247	1.22442161053668	1.34444007463765	1.32495698004867	1.30479405988219	1.03623890788997	1.11290564571601	1.35256754530729	1.81184309189436	1.16817617004729	1.71612402646332	1.39800380350499	1.18423507477412	2.98715398638933	1.2876401847927	1.39398266711109	1.63362403411383	1.25693565881798	1.38895115646901	1.47438349396939	2.40376946139048	2.75409325919937	1.88878117126709	1.12680357123971	1.70667768888313	1.04385050642183	1.29432794781576	1.8457890022133	1.33196171827582	1.50485432839563	1.20345680478729	1.09624977880749
BTC	2.71215228780347	2.32850738149919	2.41663277177753	2.46531616485918	1.18664445318219	1.26149302327291	2.90080215336799	1.13574070466449	2.49116681838303	1.80113061738126	1.6585690065055	2.09590772875343	1.41229186733939	1.30487499948367	1.20580186185106	1.93383335465937	1.40850528589282	1.37043422910299	1.31841858899104	1.30591607856956	1.21060203450722	2.25656339635549	1.65767916645603	1.40872094208423	1.98914866053877	1.67697303314592	1.33151342976639	2.34823791632627	2.641350972743	1.81631975491683	1.24113846529848	1.94328616442049	1.89590708905258	1.91074356711435	1.52058079945137	1.41792769413507	1.37261788372552	1.61271697765944	2.32593214205969	1.5239646168112	1.69389760787137	1.24017012129259	1.29558998043977	1.60578123796797	1.227749292703	1.1850381873549	1.40160469224369	4.04298435205523	2.45597200057407	2.79851226697961	1.88290653206816	2.21471500472145	1.19015470125596	1.83633519394464	1.37571309836572	1.16350605861506	1.25318095516161	1.47823087586452	1.59339076651606	1.79978275520424	1.3790867638986	1.35441086466833	1.50402854178886	1.726001098162	1.3163755411311	2.38404367022971	2.53621103825398	1.15759548851119	2.162440969314	1.21605104988244	2.60310636455669	1.20152436242275	1.85379199122551	2.19499016450026	1.54589769920921	1.99003236876317	1.3934066855843	1.30108074518931	2.24203650920176	2.32093477950375	1.25026238244512	2.63989153341973	1.22246434712153	2.06990873691537	1.1758100267866	1.98482247465054	1.15301889844679	1.75388724172494	1.21889015276884	2.21710474380393	1.34004666159961	1.2212167914153	1.89001307733421	1.15540669268788	1.18706637496975	1.89370343178509	1.15466050390961	1.27507946924912	1.38211562023394	1.4679129485476	1.28761637742727	1.44097801997397	1.22406723416609	1.70210795650311	1.43713030155857	3.99362133199	1.48665984560484	1.40332202137358	1.18431658467468	1.31386569860079	1.18234452030739
CD320	2.89311702838511	5.3364133152303	5.20875385645989	4.5268347581938	4.64387859848012	4.61069321599342	4.81251894279026	4.50713033659421	4.47363628570085	3.67436778574779	3.97701387349121	5.97946904820749	4.45441309097577	5.32986003566811	4.74235998062941	3.4682537066951	4.63244761609507	4.03186894746167	4.92940997809772	4.17146639390469	6.44234831693338	4.51560938816524	4.70715769842442	4.68002338074513	4.78618298046853	5.53271959531099	4.8087035302941	5.03688892951537	3.92012057879567	4.52584783629222	5.36239508377909	4.25933868649961	4.01128307909416	4.43616648009663	4.27422047728763	4.98128891358522	5.36362294582702	3.3782361026287	4.17198617638592	2.81792882684533	4.87967128032215	4.21872138703727	3.76103751513496	4.08002186551298	4.00231203623465	4.81676239808794	5.50618347560024	5.40871861281256	5.0794466299145	5.04734200413952	3.16506974379571	4.75212002928729	4.97544052931611	5.23080254045763	5.1307297974284	5.41887322123021	4.8906955224712	5.27690050799959	3.73589456657653	4.63410896819665	3.88298006792725	5.23831794689479	4.53030655996771	4.65942038712416	4.85399847160621	5.82758315725102	4.68922922832461	5.08266257518038	4.83108137140588	4.83505831178644	5.30477236969194	4.60144119530395	4.87888975694547	4.19336150320117	5.00049765255901	4.59115570982899	4.65282704437917	5.02122298332597	3.95497329447298	4.40001857214533	3.81455091895098	4.62975087003054	4.24619127493349	3.8729229400178	4.28943710951951	3.95798012101314	4.66626476989096	4.48159853115777	4.26190732450488	4.82770763850809	5.45133772444888	5.55601969618764	5.20014462874584	4.52960539698263	4.7902234931912	4.86465103057288	4.25984868192311	4.67823811703016	6.22389337412583	4.38080145026015	4.81396078599904	6.39444579245107	4.83960926849484	5.24576758195975	6.12347119443731	4.35355449272405	5.47442905848591	4.71017745497742	4.85507553834418	4.21622994268763	4.30907363934983
CD70	2.99863911507818	2.39426158273667	2.59158461186081	2.5769448156961	2.3988025475837	3.06178317308568	2.56078494469792	2.68300925903482	3.08112656064874	3.09555834590277	3.57929060284586	4.3961767257479	2.76630921183193	2.73379353431376	2.05005128749199	2.33403915338744	2.22633358274138	3.17248617580457	2.13397017626499	2.00770546820347	2.47468195928032	2.4380221074931	3.10954084721074	2.88903748760478	2.54657107231852	2.55923133426356	2.51735048865995	2.82187427783837	2.86835987055022	5.10181466926152	2.94310316492574	2.07246542630616	2.16032012029537	2.56296119367983	3.68546266922574	2.24915048881171	2.23143942675729	2.39934870546048	3.48705613837976	2.94569816537459	2.13883814703971	2.9154075315713	2.03706471074024	3.22550097961276	2.93097325877826	2.98022004953505	2.42997137434946	2.58170081999324	2.14311175622161	2.91050355730204	2.27352299957085	2.48034352016062	2.15524879542433	2.30417692541792	3.32003941567806	2.24395272509236	2.50928394700688	5.11073916249812	3.02268455559063	2.20830443566928	2.2272881363274	4.11393635129966	2.4233697278199	2.34790158047892	2.97812162170166	2.51780561726069	3.65369474880083	1.9692200400499	2.4643693671299	5.08034186153856	2.70778637393776	2.30805129281712	3.60247244389886	4.7668560523215	2.83200576257207	4.22257442627299	3.16453182396402	3.33240378781808	2.81052639858025	2.3523855190988	2.13617392927706	2.88976914050548	3.44667701193986	2.68813846754962	4.68934415133803	3.46218059909921	3.55938611498741	4.02509105026373	6.36111089431789	2.22916360769644	2.21766479548976	3.75722764357051	3.85096800147495	2.36898895245603	2.42758959292472	2.63218254054297	2.42676117070729	3.83034698562712	3.43912307908058	4.21431952402484	3.19500804152128	2.58850733051307	3.30257161372651	2.94718283849804	2.39949767812282	2.66084958162031	3.33830106730118	2.32332424203011	2.45368586413681	2.44763279142885	2.18468859586549
CLCF1	2.0238055174898	2.48697224528658	2.42746478078345	2.16211513657456	4.27108119829138	3.31098692880884	3.13725033854272	5.36832402676296	3.69731162675418	2.27747559754809	2.70551943616234	1.94966463628546	4.83772191725192	2.43437213464696	3.5255238930109	3.53829431549871	3.42728696676885	3.19424656468053	2.57044896012311	2.65422267554849	3.60328911094534	3.77820738592332	2.92637376197506	4.13314768624964	2.79386571868083	3.24744894927334	1.75806609781205	2.94392547636276	3.42461340919395	2.36596644529441	2.22529759301417	2.85749499500963	3.92107456285262	2.59741680859367	2.93871993477481	4.05955182554095	3.9302130883971	3.18757670652531	2.25102843964719	2.79500960853556	3.60996121382652	2.19095029607191	3.35512450445565	3.62625304701697	4.20407572791539	4.45925886565264	2.58180255542722	3.94690956993213	3.15301143789047	4.11822825373305	3.47937875031847	3.75447384975412	3.2651728947045	2.40773526988587	2.68325152829105	3.72663506663833	4.70540631293651	2.13906213864608	2.87152948137886	2.91772836307667	3.06347286377025	3.75129606116067	4.41556979798045	2.00097179890167	3.05161105353046	2.47143460907722	3.06583257947444	2.01687148294462	2.77730525916596	2.67876619258799	3.81957794529116	3.65927958383747	2.99962993916583	2.18181652807155	3.99564668298425	3.08042632523191	2.66405825683507	4.62420465341424	3.14076042095534	4.19545542906231	3.85924587327075	2.85120143124461	2.47992057360488	4.8364541111509	2.82349350761983	4.15695592017036	3.70309103332165	2.76617782210304	5.56897153008997	3.18596902080397	4.03938860641004	3.8548778456744	3.37758809152896	4.47696327102011	4.2946463381147	3.46630303058955	4.233688537286	2.839121777247	2.65978283317471	3.28140474333813	3.4673616940228	4.92939292301869	3.07308553650877	3.11596896494742	1.87563552217296	5.0450163047161	2.70728985405868	2.87281376275447	2.13500045683275	4.40027780900308	2.88041408400721
CLEC11A	5.06918065634388	2.59973333655328	3.25371293299113	3.13653853814453	3.53021002004369	3.12604929751317	3.67662840390579	3.06047663911628	3.91534951832227	3.0413291457898	4.72515195914542	3.65166547189278	3.0081289875587	2.92140076250898	2.52525927139733	4.72652318167322	3.03823677658569	6.1588661997918	2.81848007607613	2.20279159929773	4.50894572129985	3.19235690430903	2.4519681298226	3.07886927045551	4.85316145793341	3.28965285328826	3.3701408577783	2.49147108765521	4.40274942025641	5.77915149742867	2.84732591421011	2.54297336677396	2.80434704475977	2.83932850410412	5.35010643036136	2.99579283115413	2.56786945595587	2.94051895231408	1.8785261093323	3.37636676117854	1.98538487876619	2.87295749135743	3.7219460276533	3.10562932586757	2.61730535403808	2.35336897901549	3.44869792608574	4.26291300746708	2.72260597077077	3.9772379176757	1.92354436170824	3.41851245575725	3.10949079064101	2.8280237634244	3.53035452914496	3.31868954552425	3.66727810598679	3.06726527651158	3.27172935906427	2.2972644647847	1.92756666525123	4.33005007782557	3.30237871227228	3.53603885125353	4.79195161952173	2.64052114626042	4.62406937992934	3.42695346786478	3.53677052799811	3.8079326107698	2.67057477661133	3.94220553857979	4.68428148010886	3.19384298414136	2.99410297748038	4.91589538883008	3.67140084954464	4.55629183605647	3.78039794844611	3.42256289690989	2.91567548979352	3.20224792677126	3.39137016332415	2.45412434425703	3.58785058677056	2.78528811798102	4.52509573472436	5.17551137982375	2.47126783554994	2.94705518685436	2.53322338041542	3.23253279890742	5.9622318593794	2.90248476889328	2.80862575978922	4.16395930206785	2.39829436061797	2.76409107685965	3.91819532846455	3.7815026171731	4.3993929066375	3.45822305483647	5.86170423506322	3.45863580081628	3.62113986094342	3.76457683975399	3.651044676741	2.53065053463634	4.35919521910271	2.87669275327021	3.18454905117239
CMTM1	1.72860614824411	1.39205547374435	0.973832538199246	1.39002230736444	1.05181746965475	0.881859727922973	1.30231860691067	1.26184445430957	1.18766209201222	1.66368098796262	1.26457108812531	1.23961891140233	0.934439356603293	1.35021274710804	1.25577626136759	1.3504984448809	1.53793750658221	1.45844788699174	1.08164673127956	1.10745386856662	1.11231488128754	1.27316575842765	1.34978783244807	1.15360287078802	1.52514537512927	1.90126039904403	0.795468305252571	1.36983301365545	1.715581504113	1.53745164548425	1.33544585800166	0.998594445755445	1.1446839812759	1.36237132304517	1.20359148888613	1.13343526488576	1.03074377725807	1.13766966352106	1.56595176331105	1.2039401117049	1.38400233395273	1.33840705370988	0.995526511028521	0.854653203257367	1.16673542503703	1.1743279978684	1.00093159127195	1.60250651929743	1.42451320502302	1.48240312269949	1.19122523297355	1.31586577712362	1.55684166852677	0.99794816879458	1.52677095209043	1.28982004370559	1.11243926928782	1.81752215625421	1.39498106012071	1.16111637113869	1.32065969411544	1.14551610543799	1.87560046253649	1.44524482824326	1.1251637588391	1.17586323925917	1.30241595679945	0.911712850065966	1.06061195315513	1.06626482174507	1.02678517371592	1.43588882591493	1.46347197515987	1.80999755745311	1.37540137647784	1.5906820705581	1.13792991864728	0.918911020038674	1.46486113403331	1.25134686801057	1.28334521404817	1.39109247567792	1.21032960303435	1.28443460677591	0.795468305252571	1.06872502603561	1.10639319954434	1.17529078170491	1.18756436116086	1.15383358309914	1.42821253988383	1.09511310015565	1.56072945032718	1.25943252790913	1.20691062327548	1.15105342020994	0.896692286052917	1.44399345362784	1.13179108003888	1.43950737636695	1.52310763722111	1.87052834550904	0.882670716286971	1.3447259646218	0.892808589788467	1.06432814608252	1.93442788811658	1.58671422161836	1.60410028712543	0.952127434863406	1.30366319132902
CMTM3	5.03089368579323	3.93343647827433	3.09336917572326	3.77693478430015	4.5438586006578	4.37012048973013	4.10733523138244	4.07335740706549	5.28905161920125	4.73253465952627	5.30760874675437	4.1531239292377	4.0737987862145	3.67656150377403	3.92693106908748	4.27122394495456	4.1660255892526	5.35673734266564	3.85429387919176	3.95960125181883	4.04128274198887	4.0741463586091	3.97930325657276	4.53432035389932	4.94328845082296	4.45769932198342	3.37237549688464	3.71957234149234	4.85994738743466	4.62284404312247	4.0573918859303	2.96909405144639	3.56575597836627	4.04363288321688	5.27206844099203	4.1608401668448	3.85189760910714	3.31870469666089	4.53797223302868	4.42275288043706	4.34208816366659	3.44521341354921	3.89124741384769	3.12440765206448	2.51926137435334	2.72544950676701	4.63713570284179	4.8767040668263	4.33028348329345	3.68596524445669	3.77908188669042	4.30711719126855	4.27788705712941	3.6839315557533	4.12742751732477	4.45309306490594	4.30387275505597	4.24313692387737	3.1632018286971	3.6515484517402	3.66347819753963	4.76130838540403	3.59511691563196	4.36735621228353	4.99908046317269	3.85084068734647	5.17416165921486	3.87642116478705	2.89733570499193	4.66212234494157	3.33637950038189	4.40482801205622	5.62250728590319	4.56186876605138	4.36982471184199	5.36632647643196	4.51288868834755	3.80364505135964	3.75813487539846	3.04386626093106	2.70904933783836	4.58250249538412	4.37028082446671	3.66998237233876	3.69710655092985	3.82117514773121	4.65473999335454	5.12917294858537	4.25807032185254	4.29058413849753	3.79990493956781	3.65733903292552	5.59924508049078	3.61789891453341	4.04410296951151	3.8921314778147	3.92644911490678	4.91982239003496	4.22863931231157	6.12495385229411	4.72932246870123	4.16637667023336	4.4701965112592	4.36567589133487	4.22550016964192	3.47155140974287	4.80462707108025	3.56486217998095	4.29418499529981	3.34492435423781	3.22192033541751
CMTM7	3.01074493135358	4.33050675638796	3.20174340384799	4.00715170234014	3.4822562627145	3.30492279602303	3.60232862070926	5.50330467041451	4.00720027227342	3.79189911768088	4.18866517323955	5.65020756488184	5.1791680422177	4.28409185304504	3.73969320241354	2.73010090997557	4.36876685429344	3.83190628314948	3.53884664020309	4.21802857140686	3.35887296071596	3.84505567355203	3.18321611603041	3.2510977919042	4.19710168582239	4.71276452972163	3.15340563128714	4.63375507885517	3.50352726625803	4.23153975477112	5.53061002306834	2.81018984434437	4.08595465244635	4.19123638704994	4.6329086014975	4.74684499600721	4.02227340853986	3.35971481007322	3.36396502877222	3.27193220556883	3.4983227205048	3.07900904774914	3.19885446268129	3.34998624108426	2.66811833631063	2.66579648118328	4.66866161280706	5.32474996127644	4.25178380486142	5.22195977933164	3.06112756586301	4.45297185812283	3.65223476867236	3.3110891654345	4.43213549931506	5.14004284693699	3.24728758392023	3.33230384736662	2.78865750263301	2.89288111473987	3.38152421043562	4.79701270990984	4.25022291984993	3.05176097641464	3.59783741644113	5.13877597862375	5.04830717907003	2.37991034533001	2.72432213715341	4.28887061155231	4.36626602499634	4.33494649149764	4.51970489546303	4.06496807793281	4.85451257121888	4.36098955697264	4.46824084182597	3.47135605482988	3.78908957913778	4.86040613554819	2.87004411813956	5.01703161013715	4.67369321155731	4.40528604681246	3.16913030186959	4.71395169766134	3.73259898174609	3.94461473435158	4.51610178367314	4.01432654765285	3.06736173255184	3.43362536232875	4.04384133744432	4.5254862543562	3.41747547938165	3.6586337697988	4.80979726383238	2.37818129237821	3.30759437886147	5.02410122140594	4.33952492098545	3.42052490223686	4.86805530303038	5.02718199533576	2.98481852679633	3.66391792674216	4.43385167482261	3.64401993516465	3.19090167779341	4.33303786471725	2.30808944287173
CSF2	1.46908801934375	2.31672107123384	1.59943595509759	1.68985261703912	4.02690060618226	4.16622359388033	1.31929806883805	3.97656833987971	2.02676086718346	3.70252018198814	1.55520797065028	1.47151105728716	4.41179713127131	5.2505100584248	3.21438888551888	2.14137008018048	1.6256324976679	1.5124712365626	1.58610575036124	1.39387132122023	3.26243293732896	1.49122923632575	3.82507357991019	1.36799541687894	1.73074752037479	1.4587853851345	2.43896820503845	1.76667970120508	1.68920444620931	1.36381560229533	2.0148150968963	1.97266608788469	1.47392552281428	2.1177955998815	2.41516508960146	1.54564147333333	3.47536195979899	1.52613064546061	3.72076103112021	2.51409412476797	3.54140839142584	1.72412578401597	2.0384317224043	1.87452872018337	2.49760042332551	1.43383551891405	1.62063417086948	1.3973198261273	1.61102739768316	1.93201960603869	1.82675572645106	1.71350197296608	1.60958794035975	1.82558266471839	1.93449232870466	1.70717680051732	4.72025827451874	1.30614542602808	1.41840588680154	2.69052535017319	2.5842677193274	4.78474342246775	1.43303784099742	1.60692774543068	1.89563610628536	1.80470346037978	2.95280287003216	3.04939895474548	1.49868826722736	1.78155094723893	1.40041909637564	2.07696860552431	1.83922679789335	1.55119797714311	1.80162909589055	3.64776211593433	1.86020036202786	2.42586505029393	3.0702689438796	4.70962006464567	1.49812916335687	1.80319282732224	1.65880142861702	2.22367961574506	1.9356627146753	2.35030929489461	1.79584218191148	1.86907108122337	3.87817101475008	2.49434450849145	1.3885938330652	5.33936428567511	4.20655336143419	2.63579639411141	1.40241178023707	1.87364629894673	2.36792899823995	3.24408698065023	3.07278825054413	1.95063009725432	4.00109690884145	6.06859540508047	2.64937279138565	2.07873567658636	1.67839888529903	5.66511056299761	5.11971704737184	2.31170403683935	1.79147287689353	1.73044194279328	1.40648776350784
EBI3	2.00554713491231	2.47342654426118	1.39743890317154	2.08305604226334	2.9732883756534	2.14015056008891	3.06468849089464	2.48707872647911	2.15751496755523	3.55348143999858	2.82988341397281	3.38468908760846	2.63519063693766	2.02562382405296	1.78275210757598	1.60245114981839	1.88536878406167	3.11743442104597	1.54187918823796	1.42110527100195	2.1763928112608	2.52752006251938	1.95863653163181	1.53497413830692	2.20911448829015	1.61534203330498	2.28948269590657	2.47438103890363	1.553602348783	2.12191901652209	3.26111441703532	1.78173873721854	2.16230084341411	2.72188237340001	1.7098268799043	1.57545273866237	2.13668348174385	2.13934140743542	1.93772242149177	1.76989165109114	1.62578168136853	1.6116221934518	1.28388345225617	1.65252175257879	1.77546442822241	1.98868362517424	2.014737624169	1.55224018228752	2.06593573399675	2.35383275923219	1.60060964834548	2.78549765102382	2.00889002898221	2.02815194433059	2.1206540361276	1.7610826660389	1.88879715934378	2.29088545260531	1.68549532253938	1.78916742664873	2.57643089614066	2.929089243283	2.71429414618931	2.04963755063462	2.84431128966816	3.64549938636045	2.83496105796952	1.3640017917925	1.42486756644805	2.92416932464869	2.09672162570999	1.76626872889658	2.10203206419071	2.91538236105153	3.23778375834172	2.70106217171022	2.72384887944691	2.43453333583691	2.54489741831829	1.42084743535926	1.75344427796602	2.54395433820656	3.72330353071422	2.3376956119675	1.54944697962571	2.88700426062807	2.1982210165121	2.44204200771618	3.36585587013151	1.85171676099302	2.23792680320017	2.23097299470171	2.15536858101027	1.37841277568621	1.93495756588925	2.03219191425071	2.01419679974435	3.68265474074463	2.12619419356369	2.80446174016134	2.18743922944195	1.46226664456387	2.24349548248099	2.50031368593336	1.5597673055723	1.78003082892706	1.68964353262941	1.82156290304263	2.07434002201914	1.45895600796426	2.99986342469749
EPO	1.52625151456003	1.11599650836881	1.30967596987338	1.12381420492971	2.94327339917358	1.21721555384724	1.16185939574822	2.62385199036086	1.249948334321	1.54317212709203	1.86089499921013	1.22883048707915	1.86644338180741	1.4125762458803	2.37870316478423	1.49262737425263	1.56566075745847	1.69865407448248	1.90232208887581	2.31884358149059	1.31580440579587	2.01479920748875	1.43575222191768	1.29352037107852	1.98165626617764	1.11316770504408	2.22622267987647	1.30939282550729	1.12659129115536	1.11424646136836	1.29937128035602	1.44038405261868	1.23548151152838	1.32193762115336	1.19615007047995	1.59204848976925	1.41134379096922	1.96299893227832	1.41984279317183	1.46699151812936	1.22408694529295	1.29897254174693	1.39381836173351	1.3681140819806	2.24725651266645	1.40681351654946	1.36875120703049	1.20282836133714	1.31406993270903	1.30061402001459	1.10289956493528	1.15160450977958	1.71966470132784	1.1660862918357	1.71795693240651	2.07439533265309	2.21825269475761	1.24725049118226	1.85299946918834	1.1638081856406	2.89263265022238	1.88835344948767	1.70225750513614	1.25404252291005	1.40770920980574	1.11177031946767	1.21191269904823	1.12194947715641	1.1449938709356	1.72276339582541	1.28805845972325	1.55631389413524	1.32986219022101	2.06703808739814	1.14150754795393	1.51827188172752	1.121118818591	2.56450004046655	1.22498850372359	1.11548069371011	1.4562842515788	1.20332407163584	1.28010407276129	1.24869387223818	1.29737384475159	1.66160862981516	1.89714771932889	1.41446605628596	1.48862865387974	1.22140856897496	2.34829165679352	3.72689209191216	1.22685501898629	2.13893556854337	1.30064710515023	2.02204482635088	1.45498044370387	1.59543582650254	1.12955619000414	1.2504782678623	1.18957994493149	1.43743522259399	1.471256902884	1.31738122019273	1.10289956493528	1.47663180534206	1.31456381066298	2.71635387403311	1.10289956493528	1.84953751380646	2.34599723344491
ESM1	4.11903314952549	1.97181419586277	3.87248968181517	4.26449502721201	2.34678101987208	2.18110095250482	3.7470779909732	4.0759004020891	2.31880047913118	2.79012730744453	2.82400567831656	2.28824672842412	1.76572508498997	2.35576013855456	4.26611183085397	3.42937580864604	3.16545842313519	1.80026071496129	2.77807437257529	3.22481668304864	4.31243135566907	2.2667150780182	2.42544241392632	2.41567765755874	3.09506219639829	3.05600280163734	2.00891974015257	2.27411875052656	2.70830322253458	3.067399193598	1.87943805815018	1.64435749762356	2.33849807561418	2.21700445806384	3.83836553126305	2.99172824495978	3.20254703838081	1.36730346291607	2.94453996045379	2.7151725789978	2.18340619925118	2.11394601739978	3.48623454186757	2.52779905088428	3.78772426102224	2.64681960970347	2.17852771176524	3.20294616349128	2.04805097475677	3.24947887703464	2.92944020837373	1.96332024061857	3.49763924018456	2.6070815330577	2.67752801248755	4.22815432564211	3.13381900222964	1.66527407399042	2.18394161313307	1.73798538843563	2.86295335007055	3.27411406039795	2.50868688699883	2.07579816809166	3.06547409644512	1.53386196911422	2.42577204066659	2.89505907541552	1.98620918570051	1.45868299449519	3.24459711832564	2.95156740592005	2.81942549207413	4.00978427815693	2.75751990141432	2.40101577244276	3.51961729276006	2.74478981778919	2.7163464025558	2.63987547486404	1.94357029076956	2.33747713542827	3.0754650064114	2.02405606435502	3.73377498298087	3.4343853036833	3.41265104324043	2.03173264833778	2.95095428911181	3.79383042381351	3.03260887704548	3.88665268751521	3.90916269509976	2.55419941668557	2.53771275807224	2.83256875973045	2.423986837898	2.65029033827986	4.22006953758106	3.20412727586248	3.31922172621236	2.61554902550059	1.96423216120999	2.39178489875777	3.65018794071751	3.63292601575289	4.08116901639785	2.49411790733686	2.53665501043021	1.92107143953104	3.33167335907439
FAM3B	1.3413032294937	5.48659544077112	5.83618165156354	6.02335036539452	3.97698284714197	2.46944952861795	3.3102606849487	5.0697529159472	1.34044693565328	1.77622053492512	1.52355635035429	3.64617637319035	2.90968077901672	1.48459130604564	3.96434462699416	1.77874757354667	2.20517432710143	1.22915557072765	2.26451703240597	8.15944117671154	6.60994536757276	5.32691512565765	4.09378300770644	1.66776512885681	5.57331841975916	1.39547317858237	2.51188031349622	2.18212505093518	1.37946091184782	1.39314133397032	8.08756462421463	4.97702642815427	4.32884975738758	5.06638718895697	2.48091104929949	2.05572675926396	7.66540121184093	7.3796389616542	1.63869959790932	1.70420770476216	2.03937427668556	1.82398014880407	1.90139788735206	1.27336599902325	3.7880001409465	2.29982219328134	5.99376365112773	2.38880365527825	3.98845199215481	2.94444464287601	3.24556329426412	4.73490933414694	1.34183067474577	4.8703263630102	1.47586400780271	1.25003030566841	3.34169842502611	6.59913737634832	1.36100148901946	5.39781340572461	5.65120412902815	1.81787530287175	2.21132499341208	2.80905199865025	1.6943143879164	2.0881917576551	1.45319367813244	1.46622783062563	1.42052769273632	3.99947047697282	5.46158854473967	1.34479017084892	3.72783691011742	6.3306467290339	4.15617748070477	1.56134444630914	6.4611450474126	3.58087555605499	3.94248298069481	6.31034060565927	5.15772913234609	6.05550116263806	1.40283153235163	4.34920741635565	1.40711748618601	1.3353671678613	1.24693732636489	1.38656374508149	1.24271888367092	3.07217690112512	2.33047753186806	2.16477832525534	1.90115746507808	1.32126768777496	3.68711051027232	4.55108339997446	2.2761576441097	1.26153884221534	1.55498534173889	1.42878195095929	1.56550064685591	3.06192471441606	1.4508820990784	4.67108886103153	1.3436628302206	3.27073326824797	1.49046489115403	5.38998144100632	1.22920431312537	1.364659974549	4.31143602580869
FAM3D	0.755412617432305	6.89131058045762	3.53733475931218	2.58667457670923	2.67139346830561	3.4991857229238	3.95716351541062	2.90320372744166	1.3066713936488	4.28727791323428	2.88632288768749	2.56882770562582	5.62875225874173	3.75508168411794	0.823069721574651	1.50089463794491	4.82871617754913	1.13893871886421	2.08259753052752	4.11076602840698	2.74909900439269	7.12914027604192	6.39304919742363	0.866301888302145	1.21630708354966	1.52920025623412	5.00576197568122	3.49746495119037	2.8082259516175	0.863313272692496	3.69388362959643	6.95921518214556	6.38580131772534	6.35714838775809	1.70128272971429	5.23396732220915	5.68390924466706	6.27136744614724	2.72527008732057	2.98979791512363	3.54977150501814	5.88659680806962	2.73268453158426	2.02464709412192	5.95331118928327	5.25970849971694	4.31941794189358	4.76486415779895	6.95805741919029	5.27709010976439	4.97445488448032	6.81807991939669	2.86233620186624	5.46688545247199	1.66725842684113	2.76157474210526	2.11122770351413	6.77538993834058	1.17731066832772	6.25774255407773	6.67577834677319	0.891154727240356	5.34279864218114	6.13778883160544	1.14987186265995	2.17579960985372	2.79518654049344	1.97237129804749	1.80462202512322	3.73653495453134	2.01925285070732	2.07843853656317	1.33897891407996	0.889061014134231	5.41823952424156	1.22783802506776	2.41563166787614	6.60393215053003	4.7002688146608	7.97372779878687	4.58160161243892	8.30782039980764	1.62340472072044	6.15862094487191	5.2368589769291	2.19350833293479	3.73073390263503	0.838214242897744	0.948284997866754	3.86187493135327	4.7324650115461	3.22003216287417	1.063266075947	1.33795936181521	2.24685056386503	1.36422005714121	4.73976248072699	1.30758238059036	3.47752370909392	0.927357833121671	1.25214070004888	5.2627985283361	2.43572689528198	5.35815710680591	3.34747841618395	5.94044682784561	2.53715398445388	4.57708576786948	0.738640567426114	1.5167276288456	6.58705249878891
FGF19	1.0856355654831	1.08284618729452	3.82532368609353	1.27549017483168	1.08498215667221	1.18596402652405	1.29566483626972	2.05393778799422	1.2771685041785	1.58999951778853	1.18337235303907	2.5460161437229	1.06799584919069	1.07413351989961	1.06799584919069	1.63974951945983	1.15955204868587	1.0873694431953	1.09669736465116	1.09462875814029	6.19127720027498	1.0819659854602	1.06799584919069	1.40398880678594	3.92298982221022	1.11387528028519	1.06799584919069	1.20657319361265	1.18414270102837	1.12478649038233	1.08148211182415	1.0891602528446	2.10659422111219	5.39290328701318	1.09141855599528	1.17907078445548	1.09108674848238	1.06799584919069	2.99958576459454	1.12320130837541	1.07604513480473	1.06799584919069	1.06799584919069	1.15010380763738	1.07582396174423	1.06799584919069	1.13621601797768	1.10450292974115	1.49694725123934	3.34573452104184	1.13679040787945	1.07737459226625	1.07408555432094	1.18201876121127	1.27173097416891	1.13971589381389	1.0821998574792	1.08967282331182	1.15336238870215	1.08911747321503	1.06799584919069	2.87341794442603	1.17782326372108	1.48654053451878	3.88938459745808	1.18322543347975	1.07878246162868	1.12123569441074	1.25469811751135	1.47024572257969	7.45276945769991	1.52087412187701	1.21024889709412	3.164106389156	1.09007208528554	1.81401146457261	1.2594114160207	1.07955135411145	1.15042596014262	1.06799584919069	1.06799584919069	1.22779060372337	1.09495678655404	1.07534482195033	1.09451653204718	4.47253200248421	1.07656651339828	1.74536594567729	1.06799584919069	1.33771850668272	1.06799584919069	1.09157317365286	2.99341470484132	1.10653966049281	2.42876422698019	1.08473273500966	1.07738327309263	1.28050736132589	1.19804619167135	1.22801184004863	1.25141585438079	1.08098200628107	1.06799584919069	1.77594100806378	1.13817650848609	2.03246965596306	1.08116796439055	1.06799584919069	1.14374164428478	1.33737879402835	1.0813253306047
GAL	1.24552040667671	3.15529006862777	2.20186668105192	3.76515899112282	1.42874539246413	2.75118194875244	2.61009957380887	1.69038569527496	5.048686286899	1.2643483048092	1.62706593082974	0.962677865600295	1.20089399842166	1.15657635930226	1.04588561310698	2.12410692038083	2.11339580294927	1.21911669180391	3.05076707664486	2.34027389553467	1.58503804207408	1.17215813549743	1.75650522996793	0.92292041497943	1.32057730792843	2.41102918323786	2.25522607995782	4.47143209395491	2.12190474675483	3.28716556108067	1.05810914819346	1.11086719613421	0.914263488480822	2.34650674358556	1.25552004089353	1.11722308065464	2.15411863001047	1.15728043075916	1.05939754829432	3.06429976540284	2.39694221872004	0.921896445403319	1.08886579361859	5.25736408678266	1.46305298446261	0.883201991982963	2.0734845595302	0.894763019419296	2.67622505044863	3.84395149810901	3.51789823838652	2.12132637965617	1.40043926406534	1.54521346451164	2.41768434844803	1.2594130681948	1.63728016057234	0.965688518644361	3.18089348542731	1.07972956980922	0.90498371731549	1.45935568248339	0.995447231146338	1.66217373404963	2.64179576055514	2.37427019177116	2.22941960244236	1.38184463224781	3.16081200338492	1.8763024003246	3.95681449226985	2.65332123345494	1.65628296165032	1.32919681467926	2.35682493903974	4.05381038969663	1.62478401165025	1.52931542997233	1.90046795764018	1.53045928124579	0.958520310570671	1.62928675622778	1.02232045773824	1.83822610283193	2.53234256127891	1.5209800184148	1.83716221231816	3.72319577549186	2.20485988941735	1.7935664306149	3.26546089179632	2.99296097204545	2.64362806505304	3.12575985151477	1.84131087658941	5.31843969202932	0.86856393475982	3.88769264710255	1.75117299369116	4.17002786184376	2.07299924330503	5.41361746231028	1.28517522783606	5.92301582515076	4.23310503947061	3.24179779329353	1.12253833663367	1.62450733865993	0.947581106296519	2.40989934852777	1.30427685963114
GAST	0.805177115951851	2.07460709347288	1.87262823093044	3.43614866484717	2.47281845503285	1.00315231023016	0.715210675310891	2.17622651312068	2.01809531438039	2.66483125649475	3.30265477137721	0.779788012945019	3.47211814847663	1.1653421197346	1.03960987920931	2.4284907375138	4.01685558772981	1.93190755664382	2.71915405553243	3.55860566362317	4.46873941129862	1.63419436556454	1.01974047123411	1.53551362183325	2.23238347388428	2.27972229028022	4.61327792401433	2.2592708417976	3.29471578734286	2.06154711659494	0.97038843277185	1.6591562971501	3.03180068532655	4.52830033135699	2.91224098157495	3.15989865425535	1.23374196680831	1.49568125371327	1.88907371848348	2.3732074742046	1.65202629361847	1.14994513053778	0.820806412808941	3.64513928889355	4.29188155241215	2.57222438092993	2.66925081096005	1.59855456498183	2.48809268033766	5.46850779674473	2.15987910655652	1.58028028825641	1.20522026068302	4.08999152751621	1.42359829266372	1.47283298475856	2.98005465045921	1.30370203633677	1.9906381409091	1.55427206856395	2.40411686472254	1.01132939391882	1.01837306185627	0.999681331441229	1.19021775395134	1.1341925582283	1.97361517048374	3.90952786703735	1.07853355521281	2.77788450833153	3.21783693393608	1.50360431700717	2.15861063908809	1.02511141801575	2.42107606462149	1.90038453582018	0.869033843359698	1.85882412775544	2.28379899607525	3.85106534038509	3.2345108202943	1.46682300188798	1.10706813987263	2.31199568204983	2.68705222776715	1.39126398229203	4.43247845469828	1.47541383013163	2.33195809877054	2.21898861263184	1.59956141554519	3.68130354222424	2.39281959664782	1.41516955598274	0.843999598569595	2.72052841361678	1.25883980109129	3.22166079957278	1.37259899004763	1.24233251298433	1.41228917552	1.55575470180093	2.53948420595203	2.49476598700265	4.21724286857133	1.36043198344638	1.5643172256571	0.988804725662081	1.39571049964904	2.89823926044707	3.79489963236984
GDF11	1.73522492281714	2.27981232645866	2.25454304121034	2.09659644851456	1.83316771881502	1.28170074867369	1.70949513363879	1.85346646495843	2.2908266208606	1.75729100649879	1.77161587890622	2.27526881706594	1.75361292401351	1.53112126273673	2.15577226104656	1.75222819307702	1.96951990212697	1.83491977298986	1.90937181524264	2.84339168061873	2.56919608136701	2.04164099904597	1.64862488553681	2.30999682104612	2.78680164832265	1.81162105231103	1.16828135269307	2.34948855666813	1.841723052947	1.37115569236596	1.8003018601884	1.35363720772327	1.80591321012333	1.68964521650237	2.14002110886483	2.20359866186093	2.31166558504956	2.29010692221525	1.34917300473874	1.73531250953826	1.54493214853831	1.38560224181448	1.59793399730656	1.40792053698971	1.5683337974094	1.6466661855574	2.82229160974451	1.9188354218442	2.09007467980585	2.16792089918573	2.42887786254079	2.02538842435939	2.34056311246167	2.50302411515286	1.73201271096205	2.08682017374109	2.17449178219815	1.70558719117008	1.32830011896222	1.67030332702453	1.9884263885626	1.85573730698093	1.64996654108718	1.88207296705082	2.41355717194918	2.64142537179938	1.81442470637107	1.24432067279343	2.3470605308586	1.65004616869603	2.35762899574365	1.86679383188682	2.2853605031364	2.23658042928159	1.73055620153929	1.64387078404552	1.85441299035727	1.7155615067606	2.20034864407042	1.65210783552261	1.50669322328603	2.16028658495548	1.694108623204	1.60074374534363	1.44520554850615	1.82578802173338	1.58166561329246	1.79607945293849	1.8942265467275	1.82590226543303	2.25817800998614	2.04450180434278	2.09860583731139	1.62841819977469	1.6325184776447	2.30243249734737	1.7030921566126	1.98563455190498	1.61830152359984	2.23173005015585	1.90995801407031	1.74554057765927	1.42005736175331	2.0208889118717	1.66332762571238	1.56820362020485	1.45690447996673	2.07568498733138	1.7555999941445	1.46860483722198	2.29081900739462
GREM1	6.84351996613355	6.77860803323173	4.77128882343094	4.53886426318918	5.02312330687132	5.86466934101444	5.66635061804568	6.68489141536267	7.82233227563769	4.73277917775678	4.69019140210069	4.49506385875188	6.30729893034103	4.19845379830819	7.13896724057996	7.54652510248461	6.03007652659226	6.30736932762281	6.44064195337859	4.24725990834248	4.41999059245099	5.12113661803328	4.10907092022375	6.20981989395785	6.67646082760112	6.74463689304763	3.52615169242542	6.34426451742576	6.35063072229559	6.28626552727849	5.0175246755154	4.90929818462692	5.84006541745733	5.57766185165216	7.78811925624439	4.61144879785525	5.32234740075945	4.58689802064803	5.7587300301389	6.26156114398641	4.52194275179133	5.87134185788278	4.73133525441693	3.60128675137258	4.1132906453511	4.69594615208054	5.63255254232909	4.93244564094667	6.8146131654342	6.03886597106442	5.11962530252086	6.48220215223918	5.12029516819868	4.88907420298272	5.41157933869821	5.5983990553454	6.47986880058815	5.12530312819922	4.45778679185808	4.5638046940774	5.94101842602775	8.78986305101912	5.68248860780015	5.45008928217649	5.64649008830634	4.68127672148707	6.93379791488269	3.26132871715602	4.6325868894852	4.24010469447889	4.16772465821687	7.16989431043384	8.28894245778733	5.1972532652814	7.22910291022355	7.08044322465251	6.36879798402608	3.43323743013187	6.85157627584171	4.73122481126423	3.92700088395068	5.51724088447616	4.94719565337818	5.90739938160959	4.03193518007345	6.19260505388684	4.0830503282813	6.75086719086946	4.02417721210846	6.88242661613852	4.96958803933776	4.03545721861492	9.19237295495077	4.6464184503266	4.55350664124917	7.51692413592072	4.11583114819887	4.85250083882629	5.27453291308271	6.06340003255287	9.25276677805781	6.7661543690952	5.31750177441383	5.78905176818641	3.98988978428854	6.79796131479839	4.9426767549797	5.36913224631112	6.77148956915135	4.35864993830434	4.478563804745
IL11	2.0837184794606	3.42383060178613	1.50681840042517	2.33415909928615	4.66947317693174	4.07164554024197	1.36825927970494	5.29581703751172	2.0198099727047	3.74161659848559	1.88122106284952	1.48062639168726	3.85568614560992	2.18408381644183	4.0396740785075	2.83624895103897	2.65650196156591	4.07387495429551	1.87258587144542	2.39552547993971	3.31685376882589	1.9620407124171	2.80250635594821	3.01771466649408	2.94085856445976	2.03340012936247	1.82802956982183	1.9381619690818	2.44404251742113	3.51993179737021	2.22172555125049	1.9041574598854	1.84645218906824	1.97240869912448	4.05911802648014	2.53093649603675	2.7154528157581	1.62059835402903	2.75981970281769	3.35913266546772	3.05841736361137	1.8110894624631	3.57722865552156	1.73751375612929	2.43758726121615	1.81962669261409	2.11409248690219	3.02509114333625	2.11521012990092	3.23503855355625	2.09476430140998	2.08497226694292	2.03541800205408	2.78467967955396	2.84543489465741	2.62919918842153	4.17281290802486	1.30864241964662	1.83471777289381	2.4176184546847	2.96346333202358	3.81584004743975	1.88284224396539	1.85671174020997	2.03833329524114	1.4569427517205	3.62616454283942	1.44309918716346	1.65522389021793	2.10911020735327	1.96271751346659	3.61409253559618	1.80161737697452	2.3848110563434	2.37667976053972	2.19314317034945	1.80597863598102	3.13146052303727	3.29436368079842	3.75639905924726	1.53249983950368	2.06349447331212	2.15739246493298	2.37654384881623	2.38469344134832	2.90752684500184	3.0015086324497	3.00745824253571	3.38327774277617	2.80111713302528	1.59551697401568	3.87452225325406	3.89474365887143	2.00712173635886	1.42925271666335	2.89425531699038	1.56649940385234	4.78427320739938	2.88407093350235	2.73657658918618	5.16133199267114	5.19672088041816	3.72274145176865	1.65841228546417	2.95161260285716	5.26138111503635	4.07304786929773	2.50526043024845	3.30062450690103	2.51661095424237	1.76325608429355
IL1F10	1.65511790439256	1.84547535503697	1.79241607802535	1.92905561814783	3.12241299542868	1.94923614401381	1.67881324844627	1.76533239566138	1.78267022645509	2.18402153822839	3.5250424239917	1.88681003767485	3.40062270416949	1.87038145507874	2.35865726793159	1.66925207952081	1.84210604210216	1.75374080013542	1.8088158357621	2.94947350508405	1.71356432634781	2.14155294325808	3.30040651371425	1.67394615812336	1.65511790439256	1.67932523679096	3.67605653349217	1.73006833818649	2.36877782079682	1.75942511925333	1.73771818780268	2.86178477545809	1.79831123441363	1.90088126444709	1.71953604873401	1.99363871970424	2.19680491239131	1.73210060553434	3.8871657253499	2.84144973285015	2.04074388955985	3.62110422881047	2.00632411609339	5.03133247541327	4.93435983075434	3.65328618974036	2.07446897083303	1.73058442483687	1.71861520818875	1.84263782418744	1.99200213682784	1.92473064670547	3.15184509190553	2.27976038565597	1.7887004991316	2.74541389622585	2.37034937620755	2.04322427847483	1.87845529132637	1.84976113243819	2.0400343913331	1.92073258727098	2.40316904171735	2.57839783068275	1.87202404932499	1.74712011620374	1.74295119350888	1.65511790439256	1.75342551938449	1.76496495103351	1.86319595511095	2.86789566709369	1.74045708811863	1.67262062298557	1.9631583766995	1.83841056043201	1.87736517828439	3.02610847378532	1.75374046541467	3.22728905847915	4.08159754746156	1.85879433947827	1.77807333236492	1.65511790439256	3.84396734775057	1.72994924643015	3.19541754000915	1.7723771169446	1.67112353927851	1.7573936098683	2.18123878075644	3.62971078478893	1.82638079657328	1.69544919620011	1.75945465512879	1.85283921458595	3.00877225852765	1.76980868509906	1.87766387695796	2.51672288243248	1.67864304708445	1.73471534468245	2.02979936712368	2.04895115724199	2.81965852710156	1.87576684174851	1.68249218015223	1.72681107213053	1.65511790439256	1.93422598229415	2.6292189210488
IL36A	0.978717469874509	4.97835430323892	0.950976451860384	1.8738511239758	2.46480786698795	2.06157751898169	0.959651220048423	1.02314747905424	1.85045133831988	4.06280726554796	2.05632425868763	1.39739523126678	2.77379446601645	2.21944628583124	1.28250286791239	0.96622219232162	1.33905024358313	0.924375824619945	0.983499215763431	1.00587849759741	3.12908880261711	5.59337937636654	4.03541547819324	1.0589695160722	0.956709090494005	1.06284208091953	4.17694380765661	1.25266865806698	1.8520689178883	0.924375824619945	1.89181971177132	5.0278843879776	4.43799007807603	3.77317565810124	1.47693641833085	1.82137776530332	4.49303977889281	3.46508094538872	4.00293433716035	1.66533868226626	2.4054514645297	2.66826853330705	0.924375824619945	2.00204204486109	3.63842836224715	6.06991194342286	2.89341902848254	4.03488574841381	1.92199930993223	4.76899514710022	5.45095510715441	3.9519997422037	2.14816171936891	7.07545031856107	1.25085166920401	1.13698549771821	3.11191410912073	6.35059433667703	1.56553886139601	5.93661635286124	4.29957346861327	1.27324882265491	6.16539941784319	4.51450577774473	0.949044491682236	1.01571085325392	1.19780628043124	0.924375824619945	0.949464612171024	1.22696547928389	0.971163306092788	2.25881861340173	1.09635508199272	0.924375824619945	4.69747052045207	1.67610430617853	1.40733529523731	3.53386493821635	5.15724002149332	3.36923334737486	4.87280832422622	1.58443746786557	2.95263876493097	2.56665456525992	2.23148906926958	3.51731898287211	1.09990357536845	1.04060642725865	0.971690710791965	1.25749794252683	3.4693415573984	2.7854932685144	1.6247708928052	1.56924582574967	4.61330536742956	1.2688596685991	6.5191031678107	3.25880266740925	2.30196966812518	0.924375824619945	1.44356243874507	3.6614364536586	0.924375824619945	1.46509913503473	1.46935224447223	2.68295534222581	1.00456049176052	3.68004413001614	0.924375824619945	2.4879913374777	5.6212967881226
IL36G	4.71803517413001	6.90462878799817	1.98191875913263	3.90498175244828	9.08369340871818	7.09063255529682	2.55082342921024	4.96211806486763	6.12204611976433	7.04369088012076	7.81168987726596	4.74800988552838	7.80716944340892	7.00347564782532	7.65339549724578	4.01643119744053	3.67226891263883	4.57133416190662	7.67304549351398	5.04731003577926	5.69411796125799	7.70289592944442	7.99617431027146	3.02773475157998	2.65179195986402	3.44194289817977	8.0834754870062	4.55950055294239	6.27956510608926	5.66361744055949	4.9407378672075	8.08725276123748	6.71852744536073	6.89852499633555	4.0363788484713	8.47680801302811	8.10135168980982	5.69579471597751	8.9789089796219	8.6403047834479	5.50862538168938	5.27070108926641	6.2068845952886	9.60042598693415	9.27053769487777	8.76519523781608	7.22363954365631	6.0284788363376	4.20482684237526	5.49574837098829	9.65881844906629	6.21416212269719	7.33895082852281	8.30923746627243	6.03726589489009	7.15945796724688	9.98806966689857	9.16384494792282	6.91816521765834	6.68272449834546	5.50444424185009	9.09432391720903	8.33428391059125	7.06211113905857	4.58129797499068	3.49469683730538	9.22327166185912	6.3137669357471	4.4206469177693	3.71294403347649	4.79107510212043	8.77169395449338	4.09071815219862	1.99667513968878	5.60781251336521	7.87081218798703	5.19575871615586	8.18490740348263	6.81083498021469	8.02451403988426	7.66821613073102	3.98817801548064	6.7001608827461	6.37647816793341	9.1195384527176	6.21215968205597	7.49847797020909	5.45348585436554	4.21928560556446	4.00989401180869	4.95395241183755	9.05350982718645	5.52285653347865	7.2072205370863	7.31150028370815	5.42688476850229	9.29538761551177	6.74909201288598	7.82011012409757	5.35439883499727	5.65748627809454	7.30901887498877	6.8290954661216	5.08392234583375	6.89308680237679	10.3550635088621	3.36011632010478	6.15741450700957	2.19719960322425	7.35755433330728	9.0425450033841
IL1RN	5.12391077890072	7.71553801462277	6.34211705950884	5.9636921896499	8.36719315019504	6.27128299636074	5.68095157670894	6.19159304808245	6.73574088832319	7.85638047049947	6.66755236866687	5.6616764641082	8.7504382762556	6.15167781323656	6.64966547911761	4.92434469476106	6.35729338426289	3.97360220639363	5.54475412307594	7.20358014793621	5.44335556462285	7.95312852863832	7.61612885923424	3.25541686253439	4.42949575656857	4.72203103050721	7.64794746557223	5.09258418772998	6.58568752481596	4.94129920255345	5.86723999142482	8.31915133100253	7.27718732283893	6.26460568677794	5.90151960234277	6.75515849264096	8.17821290408881	6.15680020479019	7.39684816701177	7.5278891714115	5.916689673516	7.44885144988864	5.94370750240038	8.55785828475686	8.76599857077912	8.55370332345357	7.75840850732227	6.4658789010572	4.84481384672377	7.01635172215326	8.64950519665192	6.81890057540502	6.44747819956551	7.50332336885251	5.72100656049614	7.02201284087244	7.05470003252377	7.38984602948064	5.51376395693344	9.35929348714007	7.80121887381569	6.84292117863558	8.05071509756812	7.4407693646769	6.36105260274936	3.94128467636636	7.15733321134438	6.98659459571904	5.57394024564258	6.13160238183826	5.11925580448428	6.76387493512226	5.6196776326885	4.54515270778929	7.54230058090401	6.34036528666031	7.73621125985483	8.20507224613231	7.34350938437256	6.6297446706821	7.99680796214013	5.64509505059824	5.84627641028846	7.18730404209625	8.38788480057297	6.6043374767159	6.62746082134983	4.94258561761643	5.55695881534001	6.28980893854046	6.26185943477102	7.74457267444674	7.06223478143081	7.01302617318288	7.67835122271949	6.06493632857998	10.3309409006458	6.08005161276947	5.75545397589474	6.06634579867785	7.16114961980425	6.93142289184877	6.53438648904991	5.26786864675925	7.83869097016752	8.52352430652623	4.33093564319376	6.32628756526737	3.69534771968178	6.64054499202395	9.11031761891253
IL24	2.36163368575607	5.28769676549184	3.49162899519488	3.35729760597937	5.22586053945503	7.84036402945503	2.61843079139618	7.68961635050666	2.60335398833041	6.46687825934038	4.14379865165894	3.03410725002456	6.91319136728579	4.90191491734258	7.15575381764528	2.30720097288871	2.85565891495094	2.48629992004102	3.21185927157762	2.59919210997639	4.40634700431259	3.52458030663666	4.53907041635659	2.05004337175046	2.8732928023065	2.03879754834101	3.94936167803898	3.53314186358666	2.04894656852801	2.95121050383659	2.57415289858239	3.83571489645753	2.91204415002595	3.63131718796888	5.23828988889689	3.74936053566962	5.53235213212821	4.0548833918422	7.20768453285391	5.24663223919627	6.81218220380893	4.18334105250336	3.68550912620995	3.59301360129014	4.61213186657633	4.13082577597077	2.49247615979115	2.29594095615305	3.6216894910948	5.76375526919478	1.8121994595507	3.4983420150552	4.88160814596299	5.02629443956761	6.70522012235049	4.66325020168759	5.77739365559848	3.36905845428403	5.62984937674367	5.88557500619001	5.82632278145523	3.29796734902332	5.13158792226657	4.01562819942662	2.6503154998391	3.80152664137782	6.27969926977319	2.93162498892704	1.8298404028105	3.56590086266417	2.23976987332484	5.59429459506038	2.07638352917243	2.08999187289166	5.67312435018427	5.77871044286012	3.12618201923779	2.08855468410772	6.163429312248	5.18709755847038	3.12765466221563	3.68622377623473	5.36124277379937	4.56011575407274	4.86652411103908	4.32909062852993	2.86795348596179	2.84368209334404	5.32070264126675	4.6350110475056	2.73108842726898	4.92449942609455	3.27566556142783	4.95148452692766	2.4282096772141	4.70673782269467	3.44965302386853	9.97686938705861	6.02323476470731	7.27182989738228	7.56232467455551	8.17831578431158	4.18282468986914	3.3119633318326	4.93264589653468	6.87308735542405	9.79356281579052	5.75849722273012	5.63452191936047	3.18958443886545	3.14060917285152
IL32	6.69448110628004	6.47222909035777	4.44576245259187	5.35052073954312	7.79284973390325	6.10772295915979	7.11973511601784	7.61352048222163	5.84541527139275	6.35853298401277	6.4838272219218	7.62728809828351	7.38512316908796	5.94799851586697	6.45782857275591	5.73736788241971	5.67615885776052	7.48375411930607	5.11554791046693	5.2042181533391	5.91224670143902	7.74016979071035	7.35174482332277	5.14451996975424	6.84341095376215	5.26954264648029	7.95278430654798	5.72281063109131	5.88921007301081	8.54139652633601	7.82549654378407	6.23291877629226	5.11267304544954	5.76322145150338	6.05161596536365	5.1291715905756	6.84854458749955	7.0140384427307	6.28223374190254	6.56044193396624	5.342471857719	5.25998795409982	4.15357734580202	6.25954583781322	6.12021270728802	5.68138577068034	6.81282469472188	6.33587065439694	5.20022741719766	6.22102201764952	3.72818936683442	7.39598575477408	6.03096082093955	4.71684949338899	6.45596214918261	5.36182668178415	6.38788105807941	6.43454491703417	5.72842438451021	4.88501891245508	6.92400237268079	7.77231367242967	5.94722458229096	4.88867115852546	6.77699713989312	5.84126865297249	6.89384958413641	6.59168679944035	4.30688979082812	7.89131297910816	5.49091084929482	5.44935384570382	7.27565925548461	6.53909518511909	7.02085769111416	8.88035631522302	8.28265484645439	8.2417315746722	6.22277005140453	4.56221042166541	6.12168568086751	6.28302290918584	7.18507624533099	5.1522023679486	5.41498905469435	6.61024323076822	7.70730491330435	7.44179718533273	8.03178092074176	5.83944146209276	7.44341526819286	7.75866949755076	6.87367983659646	7.23724157095697	5.53987803171762	6.37883325753353	6.5357216164665	8.62106668797564	6.6443357354599	6.652813918988	8.00808148898388	6.32511300463494	7.06392775811127	6.53399617333503	8.15147269666171	7.28714637365561	7.90010669196242	7.55119540774792	6.02399352912869	8.08093588482007	5.9427021930533
IL33	3.09674525447562	4.03880051221009	2.50095641721644	2.69579899847864	1.71181884056054	3.24122488334654	2.99491333163157	2.1824715765259	2.53119288639655	3.37028552941515	2.66514715028095	1.90452220864764	2.7202663372099	2.77609540653261	2.80448137078334	2.91547259010834	3.20979343120702	2.84898830132168	1.7524947755392	2.10574106898271	3.2035081230773	4.20852204480481	3.21522242518286	1.9566197991232	2.27383704364336	3.54569848117318	1.91608090829346	3.39793069133443	2.30991901336238	1.98863775282133	2.67717528961765	3.91268911158679	6.24979565408892	3.28176146535181	2.31424525061864	2.05546831350396	3.91808876716563	3.35976851374103	1.98884466417032	2.5841503337226	2.14696097081003	4.92838523485004	4.64174628467945	3.86516075313384	2.10795001406641	3.07284648493245	3.45945638765651	3.85410918051548	4.080100648361	5.6493808960465	3.1838691681868	4.66666299415277	3.55331024942612	2.48616194623182	2.75127847199664	2.21500141485923	1.59366445198164	2.99615119453355	2.11183648550607	6.09973436939534	3.39520744423234	2.4627601286102	3.93611665081424	6.77360916668598	3.22432085057258	2.78365311122416	4.05174113426425	1.45020418475744	2.59664194183475	1.96468057465226	3.08362818710162	4.80713034355036	2.09038463546068	2.18464237203487	7.08665071914407	2.26610290241049	2.83244387099863	1.75398888887014	5.0922320858062	6.48858824163509	2.07198442455034	6.6242376116601	5.91495056001503	5.46317173608594	1.92389581671353	2.72737854445949	1.82297287824858	1.75392490074538	5.13414264556617	2.39821207760617	2.55968704234021	2.54273821526594	3.79885231134413	3.5674329144225	3.12110861172151	2.8917298714566	1.78801831242908	2.23185139333237	3.71416162804235	3.16209615796183	4.8686609447971	4.56802126358298	2.34524836534395	4.08687011985629	1.9174191187	5.96675063171745	2.44495416573074	3.89561937686096	4.9259080551407	3.90145832860626	1.49399978826961
INHBA	6.11747984293196	5.06473840908263	4.24156709325944	4.62352711538263	3.97864222247065	6.8907649305006	4.39872184420472	5.5139621927257	6.51505069826302	7.87575300609636	6.21058124179587	5.20212135869098	6.14099982152374	6.22326034560377	5.83891016448849	6.46897699950076	5.3649126913309	7.51632346399322	4.52606099081526	3.14152271074734	4.59862767220485	4.51188898850294	7.09914914553578	4.79584913651549	5.2196252172898	5.68059552987019	3.39666378688162	3.73301168734735	7.00646365811844	7.35630457828842	4.31145391860393	5.40080974900202	4.31185540682119	4.28472323943639	6.11849273103901	5.5234446446465	3.51770719983514	2.69434806274774	6.93906120409316	7.64512880090719	7.88044433266465	4.09155210790673	6.23760651721539	5.52627062104309	3.92931555806129	2.97096657928122	4.01807239204414	5.63264378420668	4.57441813819723	5.4833842972737	4.08499523758863	4.04131427052609	4.58779101262519	3.24818168007709	6.73432718194765	6.20945652542161	7.52435930822238	3.75646408580327	5.35018581293417	5.98873522355698	4.89792038063994	8.58493035865504	5.32629724131532	4.76065558372292	5.86603330202885	3.3258686456883	6.38487779662641	3.33666843939808	3.77599146910778	3.54227931993136	3.87282469670538	7.27228805684499	6.16299081132227	5.31103722065164	5.38265273494745	7.25335996818293	4.4680049105554	4.55463201279755	5.89229522640694	7.25693264550615	2.67636868045234	6.25360395105513	5.47463851693268	7.92370203685477	5.79040332342859	6.43460016977357	5.66975890630249	6.88073517440191	8.05017850720315	5.87021733352586	3.27491059805812	7.34784580524694	7.24876057089321	7.40755441099888	4.8715865098977	5.49548315628895	4.60893306674135	8.24077059755471	6.40920494170602	5.86170341431989	9.51700071768099	8.50492727275499	5.09644644080515	4.02226304292234	3.33734417345914	8.36867717409321	8.16789405146035	4.32791515733699	6.46282590943013	6.947516244992	3.2329278607346
INHBB	4.26434333187265	2.6943956005333	4.43395891697456	4.96922487790326	2.03603186183391	2.44423577349735	4.13847740032048	1.90593021468463	4.51897288081438	3.80767607482693	4.14287910021188	2.61158176596759	2.62684507286514	3.02512592707288	2.40606183841353	3.13103122901015	5.78144873934865	2.82044188907085	3.66372777632985	2.34501347506155	4.50225033667058	3.24734106008228	1.98942818591613	2.37287346690983	4.77090740824443	2.76371402523499	1.98630432752873	3.88651724325583	3.38661819967586	4.20004350768322	1.77241591780217	2.48212020964559	3.64353405690405	4.64064280560354	5.14705273526596	2.63413709306467	2.60113909094958	2.24918670006678	4.22068950353208	3.87957431909923	1.98909786763471	2.34329553836719	2.9927278442294	1.808393803194	2.91663018970771	2.24991079052957	4.93294011658867	3.1389255176776	4.8012865208927	5.17149712427245	2.92069614793172	4.82183189271684	2.71670857661693	6.66890298184465	2.86200085828219	1.65161632336267	1.99669858785516	2.17678608756064	2.52234605066119	2.49900114665758	2.23320106776541	3.97122352724243	3.38247951921355	3.73031307814768	4.82515276046873	2.80516504023735	5.58266237901072	2.14962701935369	2.44198316105163	1.80467609806979	3.50324625192841	2.53192521377044	3.74805837543359	4.2457911077652	3.08039167687438	3.105260248058	2.83472881462918	2.08775083591262	2.82524952834211	3.89303731970352	2.08773768906785	4.31678252586174	3.16485772330651	3.55309982972129	1.38828885343824	2.40081542268298	2.51784847050062	2.8226115962347	2.45839792927511	5.313265541605	2.24778338149956	2.12384396116347	4.21286444724539	4.10456729237499	2.60123185976249	2.03294264804277	1.45533854987994	5.0365912689115	5.52273887363378	4.66146163574171	3.06990693015434	3.0524262376506	3.23789839404571	3.87254023040245	2.04467384725897	4.20173256541966	4.78357081196166	2.64664797335032	3.6103102961681	4.04785013379852	1.82211814217446
JAG1	7.69317986331391	6.64344911147771	7.33867126631064	5.0546203088802	6.70536085639391	6.03437030555323	5.95437075726172	6.73241075629589	6.75316326953014	6.62925729343501	5.95722578979781	6.32281910229378	6.4932241774849	8.16570493072719	6.74372850121905	7.04868264154194	6.70839706187876	6.76041307760558	6.4570545840816	5.09989996896126	4.97245796173761	6.80637849167928	6.95557695381303	8.21412864488084	7.58526628138455	7.44709722491524	4.3154912878961	5.57134924223167	7.20449281903737	6.68572072534196	6.28249587827097	5.69859662486286	6.66653765856339	6.90340863207791	6.95825973013067	6.09926406868757	6.39411797954045	5.9931520352962	5.67459367693234	6.52565458618171	6.28799346805082	6.08391415729778	6.62978618383282	5.99778225968568	5.80996417688672	6.478194729591	6.37712546695151	5.80885832770729	6.637591594953	6.79016174314566	7.19119387256623	7.21539616331649	7.07907772765034	6.04565233567334	6.71730247191771	7.13272946268322	7.29095427766549	6.84662555531489	6.50804855441572	6.04177553452992	6.0243220241659	7.52011862239164	6.57117922635644	6.97646816186608	7.00867089719268	6.90719757733802	7.47401302007463	5.06615398545352	6.57486884484154	6.18760407321547	5.94232572111097	7.27077287823041	6.38836805712929	6.45650292734684	6.17985211889347	6.0036459249117	7.10939241105669	5.71677076974043	6.62246216467767	6.72752575971279	6.12037832350157	6.57228733058894	6.75539472438498	6.76940496508372	5.33443374308861	6.85700325041982	6.13331162642861	5.80965457677097	6.89107683473913	6.29553737977551	5.92732204795426	6.72871376694788	7.06025992175439	6.8955788926395	7.39993912160315	4.97137019745555	6.58271978551178	7.55426946102533	7.17009434624518	6.81809427601947	6.95048040814836	7.06051107994494	6.34115092503317	5.32085378218269	4.85259397912853	7.12392425444041	7.50354426218545	6.12219581889342	6.42783781329484	6.46041062671478	6.25150455857375
JAG2	5.49337179255251	5.42055232112652	3.63615101268031	4.82003413819395	6.81303259261238	5.38443305323878	5.13504771214521	6.71207289855414	3.82985008636131	6.49720634328706	4.8417526690016	3.6636052369121	6.05246054569566	5.69899663067019	5.35864187378323	4.3504213198213	6.76550451767262	6.929963125274	6.0753632671311	5.318000783288	5.40596374450945	5.71018167844821	5.58170949666744	5.78816434317992	5.77598347318909	5.0519260492489	5.26120020912346	5.92701569681548	5.05644948148467	6.39139931791609	6.22820891250049	6.41072415065001	5.44321399278377	5.127345344105	4.87205254418069	6.34548319210552	5.8187252827396	6.12357054167425	4.93082250962041	5.47869653127055	6.72729158725569	4.40807018389549	7.00116590336852	4.52895274343087	5.45206154873305	4.6298103635339	5.89647774598996	7.11538836980495	5.77402976611225	5.08260146284039	4.20560100974929	5.83292972159041	5.19439083832401	4.81235238763343	6.39629280982956	7.2745384259726	6.03095275261628	5.22931262646436	4.08892781159733	5.51645006028107	4.16843919166135	5.94002663291007	6.70419238400562	5.73265573638134	5.17679262628498	5.12802849863263	5.75555791949871	4.23514332005319	5.7478078196639	6.41580765926196	5.91337687295576	5.93278473067853	5.03801639094808	5.09094505542756	6.01176787690738	5.11567112631176	5.37008718803243	5.47282874327313	5.93674753842102	6.81814155971105	5.75537225707994	5.66002876661492	4.53696781481672	5.63521602679667	5.68513740762778	5.73061989931379	5.35953833443302	6.28967862384325	5.93570512814635	5.06002384228938	5.87623709746671	6.89890945139604	5.05540830308187	6.3526910782649	4.53923961590871	5.0118467272989	5.12999626004012	6.32743103292121	7.35647305596576	6.69774804713191	5.18459294482098	6.45837418505863	5.74594041562736	6.91554771692443	5.45608414923515	5.30433306088658	6.19047147537512	6.60876747632339	6.59322537572692	6.73183999097665	5.7086233600672
LIF	3.52492703884809	3.33150289981699	3.92031820547255	2.61480793260153	4.06296413826738	3.50098429088416	3.64101233862638	5.33249337385223	2.73702276443359	3.41146507157863	2.55310382021222	3.25706136413197	4.02671495568535	2.30509775777263	3.92860825177665	3.74870833173863	2.81566917831962	3.48542062603423	3.05956002285534	2.12720307598843	4.21998442426507	3.26958448652382	2.82255403204263	3.9305676694596	4.51793866371656	3.12708013664374	2.02694676159574	2.98839980163933	2.76423830296569	2.71277283354322	2.52035761824703	2.21390763564022	2.69533889528367	3.15541538078504	4.01390257311222	2.67967220311997	4.62743948940743	2.25121840889915	2.78216447056003	3.51112798039523	2.45845921598907	2.88867772275413	2.26455254377777	2.13973312495344	2.95341263837117	2.81466504281366	3.01793946258184	4.45094755534915	2.93331594621864	3.90779280738376	2.85875510933039	3.40350105908885	2.77798043066769	2.64360522595508	2.99564964325467	2.33920067663967	3.69772160323706	2.65390561468165	2.51023445132549	2.18859679261818	3.03867041856728	5.12834893418684	3.21138119202837	2.47719269810494	3.71646894511699	2.96109817490635	5.93074695375309	2.04882094000783	2.09094016039379	3.15221011290723	3.71097209820957	5.11233559829742	2.94644838736816	2.96444814639714	3.98911865818255	3.230298632119	3.16107630401515	3.81947612944358	3.22746270884274	3.33842843263633	3.18891305089464	3.53583256800543	2.68336707726116	3.75603332898794	2.04314240028276	2.97280634304858	3.62090848710787	3.21497321194532	5.0258934063491	2.90195003138198	3.48769124835321	3.4556754443437	4.39197230672912	3.10963140846318	4.32851811383881	2.74907682169647	3.18439013597798	3.98533638107455	3.05136009477196	6.1279158196994	5.18819478530076	6.18651699268541	2.45983202064616	3.19216789936684	1.98756383455426	3.47180560552088	4.17391621662856	3.76059310097748	2.35754898598104	4.26611394644384	2.4725919635772
LTB	3.27742013341922	3.85802537036681	1.73712273183562	3.04704346970649	3.500162659195	4.51986524972425	4.56408760238683	3.17583983132982	3.18121015843299	3.38746089291535	3.57522992022766	3.68899849542512	3.45410809362152	4.35567707596796	2.18993789377798	2.48845126185278	2.4882500515421	3.53375917399686	2.16141441164133	2.30913946171486	3.0182104551858	3.92916647023206	3.14754641632006	2.14761837329186	2.98043705856072	2.34065272374572	5.23447231352421	3.8515442360252	2.74110362952713	3.02092675300745	4.20268791413517	2.86167886161373	2.88408267414268	3.43497438884671	3.20130920548467	2.52935811041746	2.39352596500297	2.62301695258539	2.78633526415541	3.15885808001076	2.30798856754432	3.02012899505926	2.35769912230508	2.26748189629924	2.46228568511733	2.87772559652184	3.60065262507116	2.06370797704892	2.80951605089855	4.39577529078111	1.68459027088942	4.16658456903755	2.72636565985329	3.05558314102155	2.71303433291597	3.27789149130287	2.57445762933419	3.65030402297481	2.73494152651726	3.65059998622651	3.21550287088865	5.31779575214079	3.84342924670647	2.87225783891228	3.56998722058355	3.07497653786255	4.93913887582191	4.00147572131653	3.57501587159799	4.89480359900051	2.62045866399232	2.47866989528044	3.31512796092889	3.901324729814	6.22245050254321	3.94128613816238	4.46316254350496	4.2067102461215	4.27387385929593	2.49169930634211	2.33742542409396	3.78719787956503	6.3987379372496	3.18041790874701	3.60895768888167	3.33487675821751	3.43340241937475	4.09013070051289	2.81820117662148	2.31244647551703	2.8931498445875	2.49498895396449	4.05094228515745	2.18145552591963	3.32640427350904	2.43923620231234	2.68522948427326	2.61608732180396	4.08633032903081	3.67413500995226	3.18883455762693	2.9793339159656	4.80450468435889	3.95940026016029	2.95410409257032	3.52042281505568	2.94807903835072	3.11537630166854	3.15863994605743	2.13963488871018	1.87128171759556
LTBP2	7.36438435789896	6.77643802063333	4.35264648365843	6.35015279896952	5.5095593804388	4.71689314948233	6.39037479367988	6.40357598513092	6.1841761796352	6.84922881866338	6.21671550488233	6.62719725116597	6.47110334820558	6.14636076599604	5.19806996309485	6.02506338119185	6.41916325060647	6.84972246353875	4.9121322889998	5.3627040881823	5.35178208320878	5.53475787550835	6.7237910832413	6.10068993088785	6.24482341351325	5.88516663315287	3.90726106961599	5.97113362539877	7.34801746064374	6.18272064479724	6.68414860928935	4.13246388481358	5.90073161643851	6.1652510383891	5.94803980868992	5.84098389757605	5.59455492081656	4.7665013578934	4.98761676967681	6.35758410253749	5.79938213118224	7.16815594326801	6.27387247985516	3.46353509284218	4.47011550804642	4.60287451879582	4.52768824138379	6.34741534010154	6.26937233261472	6.06757971771174	3.75289430298111	6.76845468534634	6.78490861397999	4.86269715430846	6.57092690736544	6.18652990448818	6.09927566703933	5.97688099616534	5.13990367317872	5.44134927051093	6.54511512006863	7.2177686047442	6.41369836399304	6.9626406738018	7.08020707869382	4.87392197262013	7.00880242317177	3.7543475389599	5.43984379046794	5.57692936851106	5.25513207053761	6.22099136803864	6.58076184447617	7.33351928710889	5.58981904019102	6.45711753732504	6.28884068844933	4.74591249020369	5.96337123815224	5.72239356351221	5.64391234689784	7.26808793254322	5.97040620254032	6.6497635072295	3.71853254929601	5.78555061247013	5.76117769386459	5.81980951783665	7.41487491520355	6.35245592489202	6.02080214949469	6.22012102051312	6.68790302053853	6.55117556814531	5.06328704389031	6.22453692893129	5.28411096587741	6.49975196954216	6.6173461203859	8.08405076231289	7.55656304821998	6.92289501281355	5.2607862819529	5.38922803182817	3.35630793634935	5.10091476115642	6.59136635908968	6.18699148503959	7.1435798368565	6.49990457788963	4.27849929359611
NGF	1.25198687722902	1.40716765480396	1.49775276314143	1.34664370637785	1.06657502447116	2.71363457935374	1.78312888074537	1.14621329656863	1.79139850840204	1.52824035096116	1.62567452413125	1.52251209631841	1.23848580143646	1.94881800124761	1.11644560137583	1.51756748149713	2.08257344904646	3.16256337873243	1.45750111310095	1.19452480030347	2.74925967737795	1.11824022931733	2.72223708516658	2.08564725261297	2.75884066114473	1.45263027101813	1.20369442873432	1.37102550941846	2.39866737938436	2.52225419071684	1.3118542564356	1.30832693951375	1.69421574967002	1.35058811740026	1.95327574721197	3.47083760329414	1.2638289532163	1.12215208856	2.13798157198867	2.35852262262684	1.62474797303386	2.40707607069078	4.21968145751052	3.22285642742978	1.14279113118378	1.14679754976711	2.71621929928657	2.72507171241115	2.46177049959351	2.5786474153228	1.4627015304893	1.80451440077063	1.23744150377188	1.50749551368403	1.81000399941884	1.2590223088837	1.70620463073565	1.15461780834172	1.27044318977898	2.37613453191485	1.11136059730285	1.16917872676908	1.18438042384236	1.47100928530674	2.79626358372528	1.2319014555844	2.4949743735709	2.00796408934308	2.03716456498612	1.88291391783018	1.99655169738283	3.17434389059451	1.90279006304035	1.86139871803627	1.83958699226266	1.56624705638187	1.16669363947399	1.32734059645306	1.43342942261527	2.8421087990006	1.06657502447116	2.36477133740119	2.39049140920518	2.05909769329784	3.19803718303491	1.49012624024159	2.6098456663451	1.98286748046786	1.47350465951881	2.17372480429697	1.1331028299574	1.10569422871991	1.90806139163516	1.7215372606686	1.50993854526085	1.22468714081566	1.08994386237416	3.99577122762023	2.47935721942387	1.56593120667615	2.71057127947286	2.95467400644268	2.21015631395043	1.38985389969932	1.33033808246077	2.27207311483061	3.52071234798415	1.38753864986195	1.65721419807526	3.35975776106788	1.11590456068361
NMB	5.34666785794816	5.27648898357461	4.80400677890502	6.18097569802151	5.59678261319843	5.371555878794	3.9130809897116	5.41370720825309	3.90830554122227	3.00094711434832	5.11984014674756	4.81127729553316	6.34013494584843	2.96839990075028	5.58610390964402	7.82124165954111	4.67789121544944	3.51795329828965	6.03540312831699	5.99779437551677	6.080408232158	5.66449875968665	5.56604859450553	6.74577047092632	3.55541519865058	6.02593236500031	4.81015581136453	5.61019093709037	5.96562205661496	4.1044221201633	4.0123522695567	5.3989386919208	4.76780028945284	5.00516059379497	4.46073343361126	6.88479834068355	6.57558882448788	5.58622320520608	4.85522436550447	4.71141505045343	4.07629950778305	3.15221734841586	6.54371026648441	6.90884251555975	5.66658167676576	5.71492865029714	4.37412172917133	7.14799303285255	7.75540183857633	5.27232746793743	5.21548424584727	5.34329937993171	5.01622006388376	4.94194127466257	5.10952980109878	7.55168647535169	5.29406514603108	5.1729401903033	5.11741763591084	4.29284741839098	6.23302437526019	4.61692552262978	5.06049653135301	3.61782354506959	4.84574838216157	4.9305733558994	4.27326314194809	7.0089467368332	6.74773403558812	5.61561405513519	6.27067473661971	4.55853526875344	6.02450176252894	3.61389202023697	3.91101781274271	5.15329157310528	3.31796449553001	7.30632419677067	5.84512160546852	4.96486725535678	6.87004118414502	3.79841470680807	4.5724700883346	4.23294514783043	7.17412781401166	4.29580461039961	5.80731396897035	4.52620447206005	5.22588950585188	4.6486268625189	5.03806493138151	6.40008744628566	4.28617482928615	4.96942344639673	4.70008822403061	5.91117036467793	5.67436757486849	4.42933408957262	5.27220852069214	6.11412834400001	6.37263828137959	5.57980763516828	5.92222792975946	5.23138239054212	5.70901658376368	4.18025197120021	5.82670500900841	3.99453381384204	2.45733671643587	6.11625922806768	4.18765720275546
NRG1	2.43551551619027	3.67255850746641	1.96791390027897	2.87872979580767	4.19207334551826	2.88302031706336	1.4091830097879	1.59950708451765	3.22056293002369	5.28898983756468	2.92216832420649	1.80269207498868	4.55355912830039	4.02277153681712	4.16527131656476	1.90087720145858	3.85709953237717	4.26420960803723	4.22376239025666	1.3182795043753	2.28622896656806	3.65324470561057	3.34137291912443	3.49531854968544	3.23172011584492	3.47610555428421	3.06105388422033	3.34295079736284	3.09306353955722	2.60014807470204	2.46295950908897	3.51861782054328	3.39094657643443	2.26048451128434	3.60006445207371	2.47317995044432	3.77924152807929	2.33462890538918	2.60037307274229	3.19351068411172	4.28603878640846	2.7397387903632	3.66228791256157	3.05819876685146	2.49628472694558	2.80253679937372	4.11354541084798	2.8477413958985	4.43498500262874	2.48484879004228	2.94671111147022	2.8194439881362	4.80390450622793	3.1805250072256	4.69700106196346	3.62813185933464	4.82029196723587	2.99486833138859	3.05711172700352	3.81661137810543	2.67163815755318	3.19411978519537	2.71025296958838	4.16555690983895	3.64620786303271	2.8852956070165	3.02016273146058	1.41316349121698	3.73840137366079	2.98489428834855	2.40299780465596	5.90897712019376	2.95531028366464	3.35703273928696	5.08953673641412	3.41812073307109	1.65017335690237	3.45104838077367	2.80467491736382	4.45352067440616	3.40365975275189	4.03912122983903	3.11267565095391	3.05034463461797	3.04081014584739	4.3628984011924	3.62334071202215	2.86224731576578	5.08663878437482	3.00600290789268	4.07537236800192	4.65392521455805	3.30560864433689	4.86127293338109	3.19375471754218	2.30795091254458	3.22741557440022	3.66701476111433	4.67587865403376	3.61604175679375	3.56585804768481	6.24727225375634	2.16481898002807	2.67379713744687	3.72768807319543	3.75096111417924	2.98252753658792	3.54281430191315	3.49533782473204	2.18643198418889	2.82794340112219
NTF3	1.33122543507776	1.542558307844	1.52144085481248	2.41828037465508	3.53817575191989	1.37400624001273	1.64195364458454	1.29395321703865	1.99269389045198	1.26248520590487	2.18018266146792	1.70990655016691	1.34502464050928	1.26043309193805	1.23407252848538	1.38303298192094	2.50959166303508	1.51727164221498	1.36153056794362	3.81895818016302	1.80788500445974	2.46685171420725	1.43840617267788	1.45599876875497	2.61896587342955	2.08907695430288	1.22623393796383	1.53339901474954	1.95370151290185	1.24979095141776	1.67877153844442	1.60711822375401	1.88837145381642	1.75866682096442	2.75772936369543	2.3475779626368	2.2188296944732	3.49301546817196	1.2333157751743	1.50446376979003	1.25314752566312	1.33577831359976	1.33284303213006	1.42166263708144	3.46474897101457	1.62363156119236	2.75173398677575	3.70353793318365	1.26755414385169	1.56942636415267	1.28332669580995	2.39472884592034	1.25997729728553	3.21190394074003	1.50170859394311	2.63212767654735	1.33542207562526	1.30128459910187	1.2487677722964	1.43752769353808	1.73840452939398	1.4481044153971	2.05393667061885	1.38219876076024	1.84246699062005	1.2338679713806	2.14288389989717	1.22474017579033	1.79301833312066	1.71690577642386	2.18364651773635	1.55295184565324	1.61578527938966	1.36683459183201	1.39138745382484	1.41135736377759	1.46159136029428	1.66595255829745	1.91769090211102	2.33544362678663	1.92035278882738	1.64818725994553	1.27383163808081	1.77533272311005	1.24444914604731	1.43319600898871	2.14370623172592	1.55041278082784	1.2095151123117	2.92289213672668	1.37686264862681	1.39601552002423	1.78279080463166	1.45031732073242	1.22217197371766	2.88318573173289	1.23169086977265	1.63576775488403	1.44719085301097	1.3706295978217	1.61116540459522	1.36320390113782	1.33103391961426	1.28673199225317	1.23047657836026	1.68088557899937	1.47772479856618	2.66987342707688	1.34380704980883	1.92885462510147	1.24442344012916
OGN	3.00720716112347	2.19199724461765	1.31740273968169	2.50971128861585	1.37428852398665	1.26876896129963	2.14581715832532	1.24937563360883	6.61455562734754	2.65834515659451	5.01796558388	1.6612879239397	1.70080993072049	1.368704369343	1.38639396133335	1.6684397137871	1.62858125389263	6.32175552945709	1.4048762666878	1.29645012642073	2.02582899815863	1.63188373500409	1.8062490222889	1.74612107430551	1.85467451205763	2.03411148274233	1.28251765072248	3.62009888197288	5.23012830738115	1.93156260451199	2.4611552618555	1.47630006652765	3.35681034374887	1.85721070263612	3.19359204906464	1.55656152777583	1.24490884358697	3.72165845588365	1.26182196021867	1.79424404643074	1.24533339533443	7.07956078766536	1.80479944224919	1.27365539433652	1.29949252523829	1.41341515004761	1.39777326058973	3.61188739144003	2.18059268213917	3.56109127161491	1.27899080500725	3.92864363642446	2.97505762639119	1.39698920530923	2.30039294310919	1.57207853760031	1.28382362285607	2.22627726374762	1.4369352961763	1.29332908161159	1.25953530975162	2.38116154613066	2.03298097516569	1.76851599609738	5.34961623083814	1.90941501611266	1.63783114479728	1.38264381557807	1.27930152066884	1.39488439597609	2.55781682800629	3.18828632946367	2.235823061153	3.67459624736966	1.92877729742911	3.0500453044794	1.73164766045444	1.49624980781692	2.14970178613257	1.38087636345021	1.48837301212078	6.71509118664092	1.84325884717475	2.61989484560396	1.27150938790025	1.58119542573122	3.78294188642586	2.72091850191627	1.26640078466494	2.54898504850327	1.30974547065123	1.31104513083544	4.3322926365599	2.18961801236938	2.41230749538415	1.59506300429972	1.6340357090142	1.27029521221903	1.92303975429119	2.5483279486146	2.42331726025745	3.37286875467192	1.86628421126538	2.48492335065163	1.25935624761192	1.48638827729302	1.77745850851122	1.40893690360077	1.6708388292951	2.16984762484949	1.27148699953383
OSM	1.88168699495245	5.53444918770329	2.19564553609981	2.49331125014134	4.22624817140662	2.10793615270198	2.33803776044299	3.62514332521381	2.60594219459558	5.91372358763007	2.24407235477966	3.03000246044536	3.74777061509762	3.22882467809056	4.20822056713042	2.85900365757585	1.75176943210467	3.09460579943127	1.42705019769937	1.92768211606084	2.76644392193324	1.84107486310172	2.33577564568323	1.4687420507589	2.85121411778716	2.30450645735378	1.82914948828481	2.60764638813624	1.38331812878338	1.99598615332952	2.46193421973443	1.563439047078	1.77062604201226	2.65172090482625	3.02172100505942	2.33992844920353	3.17585262332789	1.65082489060958	2.75372407728494	2.31969371962098	2.43212890806855	1.79034540265756	1.43325276970131	1.67061357403989	2.17169437371432	1.73888976047514	2.4301401358028	2.50066524981714	1.35083048585799	2.42142565987599	1.61088909599312	2.48825819900912	1.84545744473081	3.09349745679557	2.71179259980408	2.52267896198181	2.44646366747458	2.52059510100921	2.63686447529036	1.66379535305254	4.29579836877595	4.44548068660003	2.29332936371691	2.41265178678862	3.92932067397875	2.01595094872762	2.74399021961014	3.03591188055254	1.29304693744737	2.52956447100912	2.29887083757746	3.22686891137353	1.88273583417648	2.59721756659043	2.57924379571873	2.96111173944428	2.59501202587101	2.68299308887342	5.12755644465663	1.9364893617876	1.44703372145572	3.77469369136767	2.88543918928137	3.75708437155051	3.53466165544492	3.65355127014179	2.53650258486925	2.04113498974245	2.80794119213122	3.74342416200348	2.06357685454272	2.01787791176595	3.99562253697254	1.72584469326992	2.47015774691429	1.92883141819403	2.8737204539357	3.15207374926156	2.40196457773581	3.60224139705123	5.04865300281904	5.39660010622822	2.44313019308411	2.75143952802092	2.28961087267084	2.16749974647094	2.95453508316935	2.51403218814574	1.86694946798351	1.55700156015409	1.68279205731642
ENDOU	1.23554368196029	3.83376561576873	2.7075882776671	3.2149343212598	1.92990009735481	1.78794798863263	1.23367690782373	1.3320394504097	2.14097386543459	1.70792822794147	2.73499510322662	1.40029840894562	3.39501661252839	2.09523400941758	1.38154598722569	1.3066435492023	1.53057503282823	2.64483309404075	1.17904284951281	3.77056210437552	3.04922028395131	3.57563599982178	3.21451758882824	1.22250772487835	1.30197270468527	1.48469865394883	6.25376295668171	2.54701123666007	2.51929638998025	1.41491593012829	1.26465411481007	6.00000802094187	1.66849606242728	3.29150697373048	2.42687123861108	6.49095120377433	2.78982888630618	1.908108235842	2.26552181677873	3.5159096933552	1.85769038373599	7.82124235211239	4.75167201539559	1.98477428109082	5.16369526084211	3.47848918634425	2.29355739255278	1.35086254043642	1.69550200852716	5.62440381836863	4.4890335254648	3.52551649962246	3.60984308822073	3.4056911330014	3.42965742472125	3.50588738963509	4.35661389313258	3.19060887981915	2.23327292733019	7.10928501347215	3.68882029093584	1.24681048674944	2.72316979823985	5.18576414513515	1.59561707112914	1.24315212308533	4.38244689899878	1.97996346236853	1.19207854336727	1.98908368690879	1.23961070389741	4.29479212974695	1.58324491994456	1.23275539497799	3.79933810135981	3.15192957546967	1.46069582524249	2.24395272413035	5.15355713188284	2.22782368092779	2.36393626335832	1.74159221694601	3.83123701401161	1.39301590027713	5.42507834699438	1.28018804197902	4.30728657529649	1.28601840348331	1.26428372423924	3.29927798498354	2.42631702999939	1.71513274104283	1.77229088682701	1.37934074912899	2.20302571653106	1.40984378609921	1.47516929676234	1.69307105609233	3.10614650529604	1.71484011165515	1.9777361603792	1.49043602478996	3.45459886977691	1.36515175046403	1.87478739563091	1.27839766286806	1.99317871000341	2.96806424988166	1.19475957333739	1.51998112213631	2.63096441764853
PDGFA	4.77742994043412	3.38839225528465	4.21941101297774	3.13438719225218	4.53273804781009	3.45234691513623	3.61606461963777	4.7602490666771	3.71856957687634	5.0786990775305	3.37487461327501	4.3833585390203	3.42584511023446	4.47831885960915	4.28205144470935	4.12796832161929	4.83355002505641	4.40338625369836	4.02650121792252	3.45490940069609	3.97255016509552	2.78850150523503	4.10532308265473	3.58179075549588	4.91561439985013	4.62869450755317	3.24899021330291	4.55338995445222	3.64987923933122	3.89632797968926	3.16521586364625	3.26764088398644	3.50213543027554	3.70643419288813	3.90529037526028	3.4824714259182	4.8109770431601	2.62692112751036	4.82740946423321	4.21496232748791	5.48053877332691	3.09951508034335	4.73665608719579	3.37377596236954	2.72122425271811	3.3676318844675	3.12014349481826	3.90627230912816	4.08475187449823	4.85297939526093	3.0055544321863	2.87315299500647	3.02327044881322	3.00158295885137	4.58942193436361	3.24105004927796	3.42620204102576	3.02105581219713	2.85076084004408	3.0579741136261	4.1272828893028	5.7765616612352	3.16183736826582	3.71214055052883	3.97060256494276	3.44955448923084	4.05130711391264	3.02757527071345	4.40781860643869	3.16139188108361	3.71622316032381	3.97644897257207	4.09352375157186	3.58316527038434	3.44739505575932	3.53476588631603	4.2168262935862	3.47826312833183	3.37007540134066	3.46138181229446	2.41512519090346	3.17565415295977	3.06057032173447	3.79970967108921	2.84617944026655	3.51980537066668	3.53092259652217	4.52781592760189	4.55652563924389	3.01672805827574	3.0296829757669	4.3074946474132	3.66114880200828	4.13264703316914	3.02004241549157	4.4876816362853	2.31645546542498	5.7275761924891	3.39601745717245	5.39891755267316	4.89608019115923	4.08224997086098	3.83129784311451	2.20243446688963	4.50978189434993	3.68634948750294	4.98680651905676	3.23738116419425	4.16055447625761	3.52186183786717	3.41919119441299
PDGFB	2.91053758032474	2.8752164335246	3.0446711222169	3.02940455624594	1.971919020562	2.66729313877019	2.64754942203815	3.68033690523382	2.59967002276688	3.38856669677482	3.0748064472564	2.43904377902393	3.0441563307909	2.6810340766124	3.21600794322198	3.47629708531862	2.71357268294654	3.00053990544437	3.34585358036605	2.36328502773936	3.54901811519077	3.12725365278109	2.44947524336693	3.25162132456445	2.7714116162257	3.13140838438697	1.27293404978839	3.08222766241854	2.81470919348474	3.63275457332951	1.93896710948773	2.23560459320399	2.85487653872148	3.19735522729707	3.23742037362789	2.83649515611812	3.47282671514004	1.99401447904456	2.92925876342509	3.23634312177918	2.20991253330117	2.02413239734248	3.04450455208128	1.65408193846015	2.54298789038796	2.54114307248827	2.28726391808519	4.31553651352261	2.75661995746047	3.6120854796401	2.93525600791533	2.95017785738066	2.65177375022526	2.66832168427945	2.64483228300575	2.61032984287167	2.80330726789124	1.97690322958646	1.82900475292161	2.2012050778755	2.54247217430761	2.82354105805631	2.41097144541823	2.53408651696299	3.15139513512912	2.54893038474034	4.04807920851728	1.51182049285661	3.56003020015831	2.71398028124543	2.59998648728062	3.04822976790283	2.43185049515505	2.19909826628947	2.97074731963005	3.14906548705969	2.91115808967808	2.0630158131305	3.06609215606561	2.76417646978181	2.23147944225118	2.5040784145239	3.05441170201157	2.71672121721538	2.6719608818644	2.44943091354475	2.49401572768114	2.28806962526917	3.50995900882599	3.41373235412258	3.14807559783729	3.59349063383374	3.5362761646321	2.6152625388093	2.44044172880302	2.42825579650971	2.03033862767601	4.27360622639127	3.12044542821472	3.37592186468332	4.25836032730468	3.19543807760896	2.79035294161223	2.67771187833803	2.02346025121231	2.97520577494594	4.10297638752275	3.18612911576769	3.1905684816139	2.72953415913736	2.4210013874876
PGF	6.77504094127339	5.90031072624679	5.83372870016364	5.0655826704591	4.87381289776825	5.24083384485893	4.04679974095574	5.74342287027026	4.7942300429898	6.26896122045728	5.77241458898498	5.46047280345641	5.33746334174564	4.6431915567471	6.31908580057415	5.37422619540228	5.0279237418651	5.04712938945038	5.84929767269228	5.35142701972997	5.09098407232885	5.47168488888721	5.88911860583488	4.76331775586227	5.00336259843392	6.66648475118495	6.76392649538054	4.43688390296369	5.08135962776685	7.12855951648843	5.6255073744663	4.92869171468961	5.35517698118597	5.65049317275699	5.48110768569678	6.53894841441212	5.84899955931352	4.68940497673807	7.85820143511383	6.60430780983314	4.54685678615798	5.55837739797965	5.65717862522702	6.61464723497	4.41270256925648	4.66562163701336	4.62775455149104	6.31026147534141	6.11856621756926	6.06843981853657	5.10551754795088	4.89198511880844	5.93393024970317	4.67746474857761	6.60224299664112	6.49542222758011	5.83028680715841	4.00296296939378	6.10594014402313	5.33725095137205	4.77129749461968	5.68925901442598	4.51640764254365	5.79402752625223	5.71659098385361	4.16421595533676	6.30969732055671	6.81116802796663	6.67911526662005	4.83606863165333	5.9739726861957	5.3025355590552	5.83808161403925	6.4836446317019	6.33888289271087	6.60674536823952	5.54317508510828	5.73384770842666	5.77372587907764	4.56172380853293	4.35833847074711	5.10695432968411	6.31515414342275	5.47555062618249	9.56700351846349	6.22508355301214	6.26775411522204	5.40833155882233	5.30641012260749	4.96546093124293	4.49048971517911	5.93610333240735	5.42804170833522	4.70660130708919	5.0984634297135	3.82602391808811	5.20212420262625	6.91066373883788	6.59587577428303	6.32839577741002	7.0459209351158	5.81038441591142	6.58658824603853	5.78862993153528	5.43138043522518	6.40478407337596	7.62106203759571	5.1731054378283	5.64243050751997	6.29914700206124	3.8994916487138
PTHLH	5.61008127419275	5.97106150642059	8.66592816154697	5.88771490699058	9.25549411089963	7.79255620301385	1.8513212090538	7.4380004478455	6.72390318326963	7.5959188375014	6.69444226295742	4.03169828912428	8.3445695770596	8.18147274084536	7.62750081211296	7.86096543989408	5.64256756984435	7.04065407291893	8.27085348724039	6.14427612711869	7.87501032449216	9.20728737514366	7.71443579806007	8.31650974660436	6.080139190746	9.14406088146924	6.71091749040248	4.42470951134997	10.453485283494	7.81831607337341	1.73995914897367	6.92014276595095	7.18473466514637	5.90504567136697	8.62313188598615	9.67710941573065	8.93660738307071	4.76342484092566	7.97052406878826	10.2049342502993	7.72914591533994	4.9829044973132	7.68720698043743	7.42241014895571	5.74957802085321	8.00646963138264	5.81906010756111	9.66834607730381	7.27442748684082	6.40950637870128	5.76021558650262	6.6572618596498	7.63300027686807	3.6783286176182	8.77013155188629	6.7869772916711	10.3046068133688	5.00015304574563	8.51139068364822	7.37158798096306	6.77870914768611	6.81267859717781	6.57209666979073	5.81199479511484	9.17390045867158	5.01659631894062	7.8572432110987	3.85137886682744	7.53614570702364	7.12594177524681	6.26827103782281	7.78576768548477	5.32265994163654	3.41619971276831	7.89853677112468	7.89264777621554	2.52479860252924	7.74242516614328	6.86741090464294	8.6344469577967	7.22361771126709	6.85220332767098	5.84335341652955	7.79462518918689	7.67547629353417	8.39508078858935	8.44488156402386	7.89320411662685	9.1736271454646	7.59865294645398	7.07211027978726	9.33292186992773	6.56755339189154	6.89506104021355	8.66438655015836	7.96140777573345	6.62566399413599	9.32381621137107	7.13674954934314	6.53231154279397	7.62975673462532	9.10981667277981	7.77188230378963	6.46393231216664	7.24062257398958	10.3020863236335	8.41826602093579	5.77285141048041	7.63314413629493	8.24747436417781	5.99191536048772
SCT	2.95540195868238	1.49227120890164	1.23231018926179	1.54188081566308	1.6431622899117	1.50695250246663	1.59164643129495	1.33547215354576	1.6858816324492	1.29670762747732	2.24900922810742	1.40388814693909	1.96329413164417	1.14394713793527	1.09506383744951	1.94770517537799	1.57007199953279	3.46825986667425	1.25503158002625	1.49284264078114	2.19122696835396	1.19818639848561	1.07798853367484	1.79372105785672	1.97808396614464	1.53252635468906	1.7218342898257	1.74139845327168	1.80619614766384	3.0771876534191	1.56842792515968	1.09814994351563	1.51818965216317	1.35542934471785	2.66269864819707	1.59972740245103	1.03197817966623	1.61662940752701	1.03197817966623	1.3439856529473	1.26350426488782	1.03197817966623	1.42247030108261	1.7861280343507	1.21617584581818	1.22534129612797	1.49521548568631	2.19702044006352	1.33361828935442	1.72021620319081	1.14899083822333	1.97668420650221	1.03197817966623	1.08936047272517	1.5801019502065	1.38265432329578	1.20078004723147	1.88964229123994	1.4879062762203	1.11917162844557	1.14257556083982	1.51928071446086	1.38778015895479	1.07985234100477	2.36029157240345	1.15396611069448	2.19410695113855	2.12418951137562	1.38332268907321	1.63974747129576	1.80269515577283	1.94117559300771	2.58431832910055	1.80842194304409	1.8345303573543	2.60657979590187	2.23458188465895	2.24412435042368	1.4213076140644	1.07688578873466	1.37777969721465	1.55223867623497	2.33886502601084	1.31995703853695	1.19114185564369	1.53919199551321	3.1200259007337	2.28862746804717	1.12636176370907	1.58025817207693	1.03197817966623	1.1744091266351	1.9438222043362	2.5997764271459	2.65884489856565	1.75335841882938	1.03197817966623	1.06464222840773	2.06038477591824	2.66046797167082	2.82082241241854	2.01026503054072	2.97757894655114	1.51059310907201	1.19286879619605	1.72497232066093	2.01952312489949	1.20486114318721	2.29253365064486	2.12203573098545	1.36192227306153
SLURP1	3.29202984284037	6.77053858848436	4.37439971419752	2.97984345798814	4.65651554444194	5.6847626740014	3.08118875705902	1.67095570322231	4.91862462385401	5.67955605044655	8.73591661245578	2.64323502011987	8.23697512977115	4.3820285252523	1.72019209595396	6.20350398688007	2.66324308140972	6.49202264528283	1.65608665606469	2.99491328427093	5.36666162265793	7.49383134797534	8.6506782228991	2.2270929042507	1.57073719357974	1.84062174446666	10.8206183736282	5.03699469025656	7.05687853866425	4.01557299599497	2.27920268851043	9.22044444424617	4.56455538486906	5.4439675867164	3.23781776872117	6.6148914683168	7.3588395752018	7.10853336659153	5.30955504644863	8.95656069919663	7.06916778038811	10.4065318488801	8.15870376019129	9.5326977001031	6.86908730538717	9.0957629240757	4.5989661202074	6.46763883555762	3.90322547607388	8.57749099880362	6.20693105348654	6.76128927530148	5.86081763004195	5.54548275136604	3.99538988550717	5.62282481832678	5.76420249629665	4.662066701067	11.0330704892863	9.99216591330392	6.78435056106903	1.53786639996583	5.71266186182556	6.10170384387979	3.93514557560893	1.60061312738395	3.02719046395442	7.63791323503096	1.90345250683981	7.91985125086226	1.9597144381156	8.73425141641946	2.07529939826359	1.83010306151382	5.72088028484307	6.26169878484835	1.72446985657674	10.1285931084326	6.24496281442179	9.7595189822096	6.67154605734035	7.082305984542	5.56150728302788	3.15137895852651	13.39610593323	3.85211938684605	10.4954697466032	1.71289905580149	1.92615155522086	3.81316116466823	5.10818614661437	8.10144944513908	2.83336757490834	3.19990995439943	4.54383233643581	2.28914301318595	7.93282802243825	2.59984234940985	10.0962971833102	1.7583515471364	2.20422250706883	3.61740242712432	8.01424712912385	2.21935725565273	5.08708396698144	6.83970028628416	1.61964010844398	5.64827515875066	2.52205037553914	5.38083857973528	6.63247248264781
SPP1	6.31057911013008	4.21135535696927	6.2872897695066	6.24325125357233	4.37571540950675	2.93559933419706	4.84487854010476	4.37423922643835	10.2641571791267	9.53174446373393	8.38303553201589	5.42096155722284	7.99478646124886	6.08410797861646	5.39627028207392	8.60266837448369	5.99028313233244	7.23941626407174	5.59180096947166	4.96952655993799	8.75412158342433	5.70694699035041	5.45069754526702	9.81378048191934	5.6533853697737	6.44279290237154	1.71721561919531	3.09703832052141	8.23798792538396	6.46447132408819	5.48813377867865	3.2985373352838	7.3869234390848	7.62121435436054	7.9690227301453	5.57677094235814	3.45039367492689	3.53668363028227	5.53275848909265	7.40081313351265	4.17476664031133	2.35388662171702	2.60460667802828	4.41069226306024	4.16412765629689	4.03082344200753	4.93389544573137	7.42871746131068	9.96543046915876	7.77767960631176	6.37321288144752	7.05647800084441	2.93809668035528	2.97688532483345	5.43162174513132	4.50644194121829	5.83042182131051	3.12504239646641	3.97704789947219	3.84320510809164	3.80335366926003	4.6721166819143	5.64181888864001	3.88593738981309	9.61844217086205	9.75286856620624	7.9463910275233	7.10156593542462	8.15145852895829	5.89014591953567	7.45690708630599	3.71164437341899	6.56509048988587	6.97990071233148	4.66642970025051	8.0302930640662	5.87087552350201	10.5765109358642	5.71755134349053	3.86333357451157	5.07172378112026	6.85674228086479	4.92809088255733	5.2028856790166	3.8073201958199	6.63653907390013	7.60097021921945	6.36082032199104	5.90818843090897	7.93400576360339	5.52949025702936	5.87858695828339	8.1122106566604	5.86596236123597	7.01010247488759	5.10892750950291	5.2477405064216	3.32841699876702	4.92978059936893	7.69327875118122	3.65424741463322	3.28771500591842	4.99487451611758	8.7446136296588	5.15631396796191	4.14783135603393	7.36084232567845	3.32709597447804	4.09570787335309	7.60063048240101	4.00478298590462
STC1	4.51841371836415	3.85411423986973	5.00070329614183	3.99969877719748	1.91239161134435	3.10551330401847	3.6817549795415	4.28979507841067	2.8743689085223	5.58348947207049	3.10328572686051	4.20749297246831	3.4887446674942	3.35520620669712	4.36209674736778	4.29608653033274	3.80631912128384	3.26839463705745	3.92898720284511	2.69176751337061	4.26357296984466	4.35088408856831	4.52187584175181	4.26749006471161	1.90995543864935	4.39739675130422	1.93953616206354	3.51327550381712	3.6225214678446	4.39055386663373	3.59768569961178	2.64931845722398	3.21420648548845	4.08348177300831	4.49313401046577	3.79089811706682	3.47442654112568	2.48343077721333	5.81435472451097	4.79098153234803	2.89993930123736	4.00303438177064	2.71031338586082	3.45704768289255	3.00389538853215	4.06234506506237	3.08349452695557	5.07765982930237	3.7895377062311	4.13580551895453	3.75199935425703	4.76698404830996	2.91130303267163	3.280457772132	5.72355179517204	2.80552847926359	3.63629343975184	3.2953308298221	3.02642611925283	3.73775851050466	4.01752030925546	5.81470836309648	4.26114842805672	2.33128664600043	5.36365698040308	2.62049671875504	4.19758546695889	1.97326341235906	2.88816286106916	2.76891252168279	5.46718547617498	5.15774957046479	4.89605711957991	5.05711168973879	4.36020773175072	5.06757631868808	4.34041520035371	2.97436437042577	3.53506476846129	3.4763652677182	1.69784450034905	4.79432356905844	4.24714648783107	4.25656310329924	3.545600810182	4.64498653429099	4.1446804461204	3.40307501057031	4.56543875111018	4.1495696273917	3.32348186852913	3.46368772476978	5.91429792793098	3.41675840182421	4.68924082372798	2.68827672829366	2.65672016519939	5.35813975821349	4.11279713962784	5.80541927651363	5.92762112758381	5.207961117022	2.22150343191485	3.90205988062189	1.82847004640287	5.4527668223106	5.29199692497441	3.12573293105954	4.36717382411573	3.79840006723751	1.68302075467694
STC2	2.07571389827541	3.48210012125895	5.6923976084211	4.17678235865431	2.03978948453392	2.68265708011478	2.27791903949202	1.98808551938988	2.16569379444601	3.52052451732378	3.20675974344285	2.77337398262824	3.2172011472256	3.33036864371556	4.29506416657452	6.37180177706604	4.17979597654834	3.1236986207577	4.4804419209941	1.713086305429	2.20154073029387	2.4906935210987	3.04742078788229	3.95800348272527	1.74490489442949	3.41523776697515	1.91627479970338	3.96847371610002	3.448129506383	3.5537894502372	1.78291117394076	2.03020366799966	2.95464271089635	4.27372715649891	3.02175202979439	2.50669767291279	3.47264197741541	1.53879663494805	2.56339471075319	2.50269791208828	1.45775453333324	1.3298627970566	3.82832327419193	2.97576446123039	2.39269542238909	1.45333965201937	2.62980086377332	3.50362930328823	4.71518857728824	4.10070895420625	3.67395132630184	2.45893309700441	2.2757166655786	2.13639830119005	4.73147948082164	2.46810579032689	3.28464888330804	1.97966581030055	2.0421200806994	1.47680358362843	1.80716393625113	3.00578682694783	1.72741934778617	2.14125626457658	3.54480108457845	3.54552693491254	2.35478092872483	3.73084839197747	5.03647608339923	2.16020763555104	4.53860826938507	3.80266884731558	4.71231287642029	3.76598502191056	2.519584266924	3.97776682621495	2.14197132543965	2.12370082934465	2.75699439710208	2.41007810502133	2.44732594472101	2.22633224046001	2.34858887973183	2.27488785876355	3.27806663864426	3.49562098292689	2.71921440813616	2.41314266666781	2.33301133245495	3.79472295924504	1.39786958431237	2.70573185896926	4.03332024677441	2.47355607074211	2.82345402892436	2.22572360584198	1.49304793808718	4.27340656026456	3.74110716894328	3.23979879163936	3.1835172701595	3.3856373046934	2.23522406170208	4.03328711543054	1.85040925238042	3.97268417509275	3.60071952722218	1.74869740645692	3.74044446419926	2.03902240583646	1.57055035479155
TGFB3	5.13903694683812	3.74243391247314	2.33762081374896	4.52165254850197	4.32694409059696	2.47134183709097	3.85246431244879	3.00697285262669	3.88591809745753	4.19999146755891	4.85734935481882	3.69471934426713	4.2164735701483	3.20825260777341	2.6134444692617	3.15632136551371	3.84953200203711	6.15050349488542	3.18003674884697	3.17393123616885	3.29556027489573	3.09608218397686	2.20274132356043	3.66014745937965	4.50596451395234	3.45795332872328	2.22332060744416	3.04654735245041	4.5386131484678	4.36952042868752	4.27834539213126	2.32435156022399	2.92256082491734	3.39252449355855	4.60878064369059	3.736295412842	2.15169661952978	2.93561647473279	2.66067384695406	3.42534042290941	2.37576907218694	3.12697868734677	2.78877132587156	3.31625955370356	3.49486458167269	2.23674471419215	3.37776967308325	4.67761652599147	3.16591612155521	3.57119404473919	2.29693602692653	4.05287530482263	3.4978848823175	2.99295304595193	4.87808482501196	4.17916199590493	3.07022345235105	3.02783585646613	3.00812655933614	3.08390314737467	2.84304599433877	3.94478544712481	3.84237340761963	3.35859954943927	4.79441763237683	2.39062180864411	4.23214740317909	1.89092867688196	2.87862363670586	3.86739451105368	3.45899762245935	4.53888941892695	4.15422268891721	4.47908050965515	3.51504335003904	4.7152225827044	4.60527632704141	2.78850366202134	3.61527939371342	2.76089146837906	2.95026392940382	4.79495224770935	4.26115229590125	2.85763758774214	3.22594555612565	3.40303812427912	4.43291421855755	4.71880882360179	2.83757152405068	3.70044290578787	2.90315165147281	2.85007185951949	4.64044600841409	2.99989107147197	3.56813290494134	3.60034075093445	3.43263572065837	2.11746430948171	3.29926568339633	5.45124724143113	5.15694280975723	3.12415669415318	3.89606689048649	3.4281606003825	3.0264542345226	3.1282854150733	3.73462125122904	2.86116363573147	4.14506820136818	2.88609622400981	3.21142447023888
TNFRSF11B	1.35751523657462	3.0109273282273	2.61991062484699	2.15401687003991	1.94957049095824	1.84404377774811	1.78506049669509	3.68873418855723	1.89151705174575	2.01228300012789	1.4399398369527	1.88503387832602	2.42789807511761	1.60683983611557	2.68282047478306	2.60319093414704	2.51375054344556	1.89733758423934	1.61063675427237	2.75635033096067	6.05122510618125	1.41795133874654	1.75668356596544	1.45159983166049	2.61719293579445	1.71407889075465	1.43327526846253	2.86167315281383	1.96805973708219	1.4836567852756	2.20758997601736	1.60737327171871	2.59088920598832	2.26256306445628	1.65477884325009	2.40328661647492	2.70635316029727	1.73607168755355	1.83511883178564	2.11440857706046	1.31256453175007	3.31691049674285	1.7563655770796	1.44561517536187	2.43330548466477	2.20498831533806	3.40803146292432	1.99237641750535	1.87861219514378	2.02659880608177	1.31045317113387	2.73140513338128	2.00624798575352	2.04146027438748	2.03336074858805	1.66273172689906	2.43687911091626	1.76935213731764	1.95415882563392	1.40702252637344	4.42414170857947	3.54274812829628	2.95421105071442	2.90937899801464	2.26876504162649	1.42163554946829	2.58049948583645	1.34006290623752	2.07947163197127	2.10225999985087	1.63355627859229	2.3234555193559	2.28485214105093	2.71262432952799	2.54701105901031	1.51185728909912	1.80064949230575	1.29297488727428	3.29901960117014	1.674294318431	1.729719095553	2.30397450784486	2.2038840355934	3.54652525267785	1.21660526781138	1.25935822887544	1.47673328119013	1.45414793736384	2.5357261363288	1.55043040623692	2.53595927835138	2.13405322675976	2.15476972347101	2.45013506598109	1.4093928423102	2.79110235837594	1.53242976781634	1.31431835126353	2.23993633280216	1.87147539591659	2.38141839814192	3.72823936711471	1.25223661031067	2.13578876762906	1.31494649050801	2.62038481405341	3.21536075826734	3.24368652744997	1.51960703058058	1.38533615044348	1.6714472209973
TNFSF13B	5.10033255224876	5.03237701127019	2.94903842377663	3.93478962836372	3.45907781769182	3.35217930690517	4.61436604255009	3.62937574028533	6.10157244668451	5.66818776014003	5.61421850700188	6.23205562865004	5.0097954151517	3.58726689474335	2.79741130480769	3.75995748766519	5.19037864729712	6.21849738487889	2.94925187636384	3.25433232834483	4.00747164766957	4.5120661514224	4.51293574174186	3.33276351184052	4.40857347751754	3.70523973878166	3.91990023761575	3.95131921110621	3.69076561448268	5.92563578567265	5.55355775613942	3.19344690892042	4.46311097171678	4.74360134456426	4.26844286479527	3.85759667172674	3.07691904659537	3.34985008256114	2.77815469998873	3.68644660785189	5.49296763020188	4.33140881787412	2.74575521844836	4.09235082667337	2.85084128205944	3.01369342683421	4.64703123166391	4.25519237549641	4.09072175717437	4.40526379831159	2.73805681366092	5.98969082871441	3.04442135683459	3.11526032784605	4.77608193259627	3.39456694151904	3.02809037458653	4.18378173246925	4.57403036930503	4.03270636538477	3.29302473768928	5.56591947471201	4.42952980387868	4.09774313347063	5.69218338056201	4.77046880223111	5.16392730685491	2.88955747731297	3.60530057447122	6.39179489165754	4.72632701460066	3.39442669583635	4.64703228669736	6.78077031532123	6.18044033535067	5.82831228942735	5.01231775911465	3.45962033986588	4.64028563059671	3.43701666286316	3.04359866655854	6.35401343396022	5.80708364116034	4.57324086404263	2.91842039287955	5.69179401556741	4.58902127415075	4.98818157453411	4.60351486094322	4.35668803915231	3.75018950628524	3.58582805461121	4.57974661513831	3.15637845209692	4.71464205233942	4.44831500839036	3.81333345460198	2.89760150455953	3.9199527532417	4.68450194839444	4.09146436950641	4.36158074408679	4.12882237826573	4.8848116694972	4.7521233972727	3.7189816416104	3.74085411241622	3.78217822554913	5.68465797366327	3.41503437987117	2.75174086981002
TNFSF18	1.00082514285651	2.39264588654531	0.936661962374139	1.22126089396211	1.30079974310612	0.914844678492285	2.65485097048125	1.0197908659165	3.15931579632523	1.24171117876925	0.962973710710321	1.38960291719307	1.07611550697281	1.02461372658031	2.49225610011363	1.37791505150338	2.54743795661084	1.32524846620365	2.43876678624598	0.856579231028609	1.37735088317025	1.38685650297807	1.00120536922258	0.98492927510522	1.92969158025418	1.50386122726964	1.37470524771326	1.19341151620254	3.48882592008104	1.14704436550327	0.817215336116247	1.21689959036659	2.38223178660122	2.23079901850783	1.83874961667026	2.28623128771513	2.77881663333885	1.25937936080136	0.967656512015906	1.00171509156918	0.890439705481444	4.50947558931181	0.839910797911213	1.02290553500727	1.1954322293999	1.11853904819703	3.17939884151277	2.16174893414692	2.73654624281143	1.2881180486729	1.55694658644068	1.91464367263922	2.88427988214253	3.7576048110185	1.49217444230052	0.858251650490271	0.906028686564063	3.90123686780823	0.877575761925791	1.31030887333835	1.41548261579384	1.45674712670582	4.78781320603962	1.49143002915406	2.9006324183676	1.28843305855156	1.33544115615404	0.799773207450548	1.30043593026763	1.67553593694483	1.28237184395851	2.41876455370218	1.17218937195449	1.97707295106909	1.06643857585052	1.74949259030182	1.55010862449519	0.900729633599111	2.10826823695761	0.996656792326139	2.47531222757676	1.31193027132396	0.834598112465816	1.03348976383003	0.899769970048263	2.78935183735451	3.64397263072625	0.964596253954359	0.839106354519626	1.72059539243971	1.72900508858838	0.879367675687222	1.62015525100869	1.18745926380316	4.35031647440893	0.832089294929033	2.4077296253174	0.884160074070778	0.876573752617907	1.02828444669204	0.9838512610641	0.987416984016977	0.898065485984993	2.6911290470755	0.85698753998856	1.23504832170977	0.850179874458965	1.04016533899547	0.943085115651532	1.52367551845709	1.68402676990637
UCN	1.53939999149249	0.960815658597966	1.30821562818065	1.57234540992027	1.86056526542788	1.04545293183361	1.2606532336014	2.23101585054411	1.10207754380423	1.9190680891667	1.5366832582826	1.33403219075576	1.44991103596526	1.48134283852793	1.27532785859394	1.219355511754	1.07644082923918	1.92317471052501	1.05950743167894	2.06741164908356	2.43806654074536	1.92418590432634	1.73064815729742	1.98555025442394	2.1018061958208	1.23908631420447	1.77217621248593	1.15307749846737	1.07606745595764	2.14005031440607	1.18421575588284	1.21397841463377	1.16624695798129	1.82982634904847	1.20335588068635	2.11165749640588	1.31139455593078	2.20802849695331	1.31425338533373	1.09954700950078	1.37798951896697	1.21567296136256	1.42432652469476	1.20712596086461	1.58563854513349	1.4895907367465	1.70409818470658	1.72369125683637	1.09773385069375	1.34782181529646	1.06832223834233	1.3393138862574	1.61502065122721	0.971527055837301	1.39554127845576	1.31211413979989	1.10355496082937	1.32379998883471	1.23470457744998	1.50855127097053	0.970843376633421	1.31581884106667	1.31253460409843	1.00810572691227	1.39038071093186	1.14771264083777	1.8629774759785	2.0669812042286	1.25039739739954	2.35712847112296	1.30507791791967	1.3126331024016	1.42935586219831	1.73648339491221	1.33022512913597	1.07325547983557	1.18122685754314	2.63886803272027	1.09464692302199	0.980880236144546	1.56793464273102	1.34816850404242	1.77427040004059	1.14840349415705	1.99175244459029	1.19982431544729	2.4978379377728	1.67016497624682	1.09652234976203	1.45189359884639	1.20307704069223	1.33645932487623	1.48503527051786	1.0140534540556	0.993961561559838	1.72197636407634	1.40111943338423	1.23219565092982	1.09510389213709	1.26298397008313	0.949776286153118	1.52113236535412	2.44791201218636	2.29626011228669	3.20703969516361	1.19975075303862	2.8947478958463	1.68550392877971	1.21615515245312	1.09960621953395	2.10632484987753
UCN2	2.48511995893822	2.92515392948195	2.07231152112244	2.880622277134	3.60404410799563	4.96032912819162	2.07956028114558	4.14231224799351	3.43132837525906	3.44342974449116	3.82847071209691	2.433729882226	3.39049136745847	4.25744047636047	3.6608682353282	2.8451984559089	4.09407454224273	3.64494005703411	2.76687702231442	3.45249865476293	3.20841372841466	3.44649032261733	3.59047055059809	4.55068635803712	4.16002353853432	2.92388269458308	4.10480889150883	2.38080340786091	2.94529823858809	4.91733574729541	3.38381027597976	4.28474276198901	2.33253124742926	3.45292549131018	5.22182349143977	4.06365151741392	3.65042327420261	2.91924180144194	3.95762587339404	4.22019023396301	3.85309387983166	2.79574321064349	4.19642733910186	2.01414330524463	2.80573567442094	3.08309105899067	3.30266163533753	2.96234849391784	3.28253126902787	3.42883113692853	2.02587011535401	2.90949415043725	2.82065518469619	2.00621786313536	4.83796072924349	4.44842286947978	4.42287532662972	3.84220277052781	2.23399691270424	2.6744515647079	2.69755749303368	3.64167705867832	3.30117845153291	4.48873053490132	2.46230352601952	2.05010004664867	4.16783079549883	2.30024304941191	3.37087907808574	3.27416510852479	2.19609271266108	3.36947972068725	2.91708807858337	2.20073426927884	2.92587531080167	2.96840503699344	3.68636484039972	4.69895457122933	3.70315180675998	4.14470087052902	3.31488959652771	2.26044149593133	3.03915662452158	3.03419284940441	3.82751653402735	3.373524640982	3.92116936019986	5.20622053813866	2.5596088309778	3.11408305067363	2.42421777462148	4.67716466093419	3.72493606226681	3.3337092894332	2.65664178327104	4.4781571374245	3.08720519562185	5.19139827184337	4.06653775439118	3.56576281339295	3.66565330057543	4.08806721112149	5.03946353427625	3.43015160727418	4.7009247673562	4.06344328852166	5.59798621889118	3.00137789286814	3.64289638079555	2.66854191079614	2.95387434857401
VGF	1.48844815728288	1.6410624966934	2.02559293617285	1.47875110939301	2.81696622498185	1.60525029224815	1.48207147943942	2.3010904567408	1.51846795982078	1.48743207755311	1.83020243493394	1.65911453271615	1.63593168035511	1.46919017777681	2.07993133116516	1.94201989489916	1.68914076796501	1.53334282070586	1.74694975968057	2.08581761841364	2.65887997687749	1.70604268937384	1.77140567505204	2.28015848909068	1.46072182728313	1.80475401733199	2.09033588719331	1.466480848491	1.55618156919797	1.54062799919327	1.47770632461425	2.03998258891055	1.64197752930713	1.75075065158485	2.08092073935346	1.65978029552555	1.5898877893684	1.86049880892633	1.51034346455702	1.72048551306941	1.53790407053567	1.46737518948117	1.74824989631179	1.72132966978269	2.18322599055663	1.96799989944925	1.59910859778205	1.60636786692914	1.58382766937898	1.81292923558133	1.48695957866819	1.63974831032696	1.7260491270594	1.53596536291568	1.48736468147788	1.62279481635342	1.54468327234989	1.58697932932215	1.60906857603493	1.6735714109756	1.49726219539134	1.48855311672531	1.61058372307688	1.47566445684338	1.8837168450081	1.53223077434596	1.55155223020906	1.68345827043599	1.60211141385818	1.67348729823389	3.00898370735082	1.58918891842273	1.66379592497404	4.9307194762931	1.72449863117633	1.71251522346082	1.64362400809256	2.67361570015982	1.53532587292044	1.6909624254213	1.70566846006911	1.51248226656255	1.47789803944322	1.59411475303106	2.39300892305131	2.34255743725825	1.99341117332707	1.85994492799231	1.48903612641924	1.56107045080282	1.62013658274608	2.03594537056085	1.91992286364272	1.94032320326981	1.80041934169955	1.71761685381173	1.53026837697962	2.22477626577629	1.68952656444524	1.48121798346164	1.53841051948934	1.57267567711126	1.65895479634195	1.69575326029561	1.63263638745551	1.51779678386445	1.75594686781242	1.52704013632002	1.58026194839189	1.46976194859279	1.67615954653274
ACVR1C	4.04245831914568	2.27020418228067	3.40774487779282	2.24998646106984	2.45959561009108	3.34301838923785	3.22456735370446	1.52688669952407	2.42207866160457	2.27773841205321	2.62268857252874	2.3593218724647	2.02276949099353	2.45189798134869	1.83377436237272	3.5729032155289	1.89033154109682	2.44120592214897	2.51150081042464	1.54075952049462	1.68217399353724	2.52780851841805	3.35712659938302	2.24313284036638	3.44929293606273	2.2929428592793	1.70993283526374	2.9988325877702	2.91600998278592	3.48029411603868	1.86501596653985	2.10777392064062	1.8507160223575	1.9122108921803	3.02372549449773	1.6434849766525	2.23351984510556	3.77698592127579	2.33237506949174	2.92029120612279	3.35989648811319	2.17930111197214	2.32517446479268	2.70228534865447	2.88758594462824	2.0754673826366	2.63716904593871	3.20419673889598	2.68543766000672	3.07157465277523	2.13259314212765	2.15049313860531	1.84857271256401	2.76770906788137	2.17549370900877	2.80319208707147	2.48067690939539	2.54870234482766	4.09779285264517	1.97955279668707	3.78335570246539	2.91867032140675	2.3514822876298	2.36762981627429	2.98296169025634	2.14737510638039	3.24311235601055	1.95974873194286	3.15407655315137	2.37136273527338	3.2078292791812	1.92306476957345	2.5682987788939	3.81400788225555	2.29495230455847	2.49681075678635	2.66014412632372	2.30250923606908	2.82455759221764	2.42980972953653	3.10641485609718	2.43639130297252	2.60218164360925	1.85439906357125	1.79927404806229	2.34083544345655	2.24952250580902	2.69186600921815	1.62951368512546	2.04207225661113	2.24146934086744	2.90194854224856	2.00670366264992	2.19007326802205	4.21899589989858	2.95391500619423	2.02016290337541	2.04888818005772	3.01875482879849	1.8283989864154	2.52414577333201	2.83795447596659	1.82906193146696	2.63448483671397	2.41524714160295	3.12930524709245	2.64089631407453	1.84138205659517	1.72425491469258	3.92583783004719	2.81268831719971
APLNR	3.59905919454347	3.3399009979701	3.60797008703648	3.34079624854336	2.52648475311254	3.03615256864116	3.13350521290368	3.74457597660454	3.64355918226996	3.55260388490562	2.6664131903977	1.1696672431243	2.30013235995766	2.98218208095628	2.98157594284145	2.17445474336066	2.67650778193074	4.74804647388489	2.19873228386172	2.0428374395197	2.50893150605749	1.90479817648841	1.12089885051096	2.63756447257785	3.79407573007336	2.90150414328533	1.9800829904187	3.2523913135941	3.64820261162517	3.05155697624308	2.69763752895906	2.575192523051	3.34600610923102	3.74534578268501	3.15325107541209	2.64906950610205	2.20725962098492	2.33372558185551	1.26732553242356	2.49519544701559	0.927082866131012	4.30611452064064	1.57616035412699	2.78887081628117	1.67677332922101	2.3743286852123	2.41675493962371	4.76332706710162	2.1868482684072	4.7737178881303	1.67488013502009	2.8695948724112	4.15473190209343	4.52644859687942	2.82928127485943	3.15987352853813	2.07699712262198	2.91652479815343	2.67092480071006	2.46189404520308	3.23238046843416	1.67844081386498	3.46226119283709	4.65430435271194	4.24219994912331	2.43676862903381	3.32038352333239	2.65970169063186	1.41086955201309	2.02782452470495	2.87995050290847	4.59175135942596	2.18791607841784	2.3593973931684	2.94755661589518	4.25581282298777	3.0520003591627	2.1026211536905	4.02236749997278	1.79269157866576	3.05566975528369	4.95129008352154	4.56700662698682	2.66816289667168	1.29093102753551	1.5899111340378	4.15315295354926	3.24414019054829	3.6715284450788	2.46821316071239	3.68110037964948	1.35498219738734	3.87729516870072	4.39362837113747	3.76711828037304	2.37970143679508	2.42434560372048	1.40007484847036	3.25826640902424	4.04181874921096	3.40108465768904	3.8059278994684	3.28564792832596	3.98853948097969	3.65791433071882	1.9542635034684	3.13574106744464	3.01761334923588	3.08620497574155	2.70227527249054	1.73749663500524
CNTFR	1.64775378690268	1.64480696571177	1.70781312738903	1.48780569394561	1.52817719988703	1.5222384770502	2.34092396698766	1.54104416149497	1.64103225947822	1.61350199511705	2.53969446659728	1.55649207504251	1.67108854756689	1.5482054247507	1.51486817706527	1.51130819382703	1.87065126557982	2.61086588739486	1.55482833268703	1.55906594134205	1.54354370236622	1.59368385389901	1.9358328071661	1.53103169605273	1.75626958498534	1.53877476282278	1.5687773674662	1.68821416194683	1.52599104331283	2.00438487767632	1.5259288709301	1.56211078086264	1.63210922959111	1.70080817973019	1.90950600048029	1.6050447643554	1.68779667425356	1.71087781896039	2.04583679346927	1.77149045744441	1.51683583935293	1.58850013143749	1.48109285847431	2.14175615112424	1.84628987376564	1.60431795317553	3.09871087455669	1.49765176741505	1.72340939255006	1.84433849234328	1.52374660025179	2.20194222644165	3.15515525055042	3.77209430896182	1.54602861821275	3.42440680087252	1.55113843296887	1.73628998724701	3.29827040306277	1.71108420075726	1.51140841543321	1.59519451383532	1.53529445868774	1.75446125082748	2.63886155410873	1.68773100623042	2.67329223495993	1.55228310627974	1.58548209110957	1.61579572776934	2.2479747073678	1.60700697162188	2.32584919648354	1.51842897413701	1.56936718741369	2.0533299464009	1.51569519601621	1.53212788626093	1.62265775391579	2.53688200202503	1.49128010205157	1.62992692423316	1.73364782075768	1.64988641612844	3.32726082607021	1.71333340037779	1.69180831649354	2.82979944438158	1.48973619062429	1.79645423580169	2.89006369210095	1.91187237233108	1.52887652133747	1.84677219726053	1.72787694798491	1.51836918653611	1.48109285847431	2.16436216190751	3.05918082067007	3.63859692466834	2.25713651691913	2.12903394466441	1.67829630007867	1.74830719486756	1.77425562551148	1.62729284978381	3.56373639585473	3.55171015010718	1.56581550992438	2.63232115725129	1.53980277989251
CSF3R	2.12201788959563	4.07325328658582	2.00829801040979	2.42361968116905	2.64875361344774	2.96821221502528	2.7920068154549	2.7787801269611	3.77532502557336	5.16959902924888	3.27696024442348	3.26242810366315	3.23222595008968	2.4887926221755	3.26693192194257	1.96412777377273	2.32173707366102	3.242956369596	1.78585879176875	2.234451343592	2.23935372680576	2.61495909394603	2.31007328336487	1.97798812794066	2.41793410125777	2.17754389041327	1.96542838460841	2.6546526981222	2.05227541021998	2.13634857303006	3.07567175669605	2.57779032145258	2.57771552860857	2.98721995190661	3.228083687622	2.06095663390745	2.90848438578277	1.90513888796614	2.09041387057986	2.09746103178623	2.38485433594746	1.89276136141274	1.71990984143639	2.3324026799728	2.60298799663695	2.09165801574949	2.54954589252504	2.23020125446719	2.36672420472339	2.66424689612194	1.76365273584608	3.54399326098808	2.85080441622508	2.80386199136102	3.09244270653148	2.1798107452466	1.84883280085059	5.81495666915292	2.69222991577777	2.10159710944258	3.0743485361437	3.22783069765409	3.98902631822631	2.80852659591647	2.98138031149297	2.78227686729787	2.68847820431063	1.97423626705263	1.89893086638025	2.53412605502223	2.51474840728352	3.21650780585691	2.50492749464879	2.6758057939122	2.46651869861633	2.84949032026122	2.732206901592	2.36751955553286	4.67231873933668	1.92311211179106	2.07846373542374	3.6752075930506	2.65130530755629	3.58556056476449	2.93042794664708	2.76222635170853	2.52754753883426	2.78738926871057	3.49412609490302	3.06822082636337	2.2899257308089	2.09079302375264	2.75232185558623	1.84276720273462	2.4188258808453	3.47825768934602	2.74955536688029	2.52032634976195	2.11957341265716	3.17871716752833	4.32658548070635	4.93537746752351	2.39868921497968	3.09408090818499	1.90574073875271	2.38500206144429	2.33715248007733	2.47834761759306	2.199807989656	1.84222513780845	2.15726550563695
EGFR	6.73148904942166	5.06147332014612	4.79348442396309	4.96297719613981	4.70459472628428	5.20992062343734	5.21743596309352	4.54512892352037	5.1732113656236	7.27792002760862	4.28958627058488	5.55179305554198	4.25321072449091	6.98416474637887	5.23681731426529	4.9077575382489	5.37617660066059	5.93799626503672	6.21593589567854	2.88229243276031	2.23273621274066	7.6018234455522	5.37575199757369	5.17151247551071	5.94745273132471	9.39431772626156	3.27223884290428	4.99323812958	5.11106521654425	4.38068840653554	5.53519578790877	5.28742574011958	5.74614235047455	5.50109319483306	5.02472776998731	5.29073492835519	4.29337532245285	4.49419245716309	7.28189555860778	5.51187290850095	7.09259211137954	5.58908531156793	8.79946569783428	4.99262636306525	4.57458039457775	4.88679453141007	4.67506507550478	5.19548338932626	5.42448663495985	4.73588908277985	4.40170633895435	5.75304285465454	5.82770386032151	5.020793262791	5.79592489053718	4.94373557529185	5.36844720586657	5.21943639047429	4.76561243523354	5.03452266953084	8.6879656979597	6.51183927379402	5.86738364634932	6.1831728645417	4.42252759210617	4.52011672107046	4.14103871054474	2.83721705602826	6.13612927015383	4.88166468356143	4.59644813966976	5.96174893974116	5.53595777105507	6.72663568477152	5.53527329785667	4.66090386906683	5.41448456012099	3.68089081224173	5.15754132556697	5.69738735058018	7.46804117582526	5.83024494984402	5.24315914317178	8.40711165003697	3.67006340083459	4.89374268752078	7.0685517082407	4.95816805231241	6.86240073703093	5.29884225823115	5.76476572426129	5.17579298979617	4.29771759621397	5.90584878649822	5.27594037656651	4.37163772217746	4.74474600223376	5.75071847910935	5.97950912046507	5.9438688829706	6.9708564922795	5.53052993740959	6.49021538055261	3.99764185349742	4.47001897322753	5.44821132582918	5.72863959179698	5.04941345325089	6.37273514888693	5.73632750011611	5.31530713956623
ENG	5.2787793348455	5.73066500936059	4.59835619362562	4.95003723318319	4.48464970474366	5.6000700602068	4.5753411736804	5.34686794080748	5.44795107785308	4.95556736990528	5.2134391639738	4.31559957016671	4.9947216953832	4.49687087270567	4.76914429597534	4.62129268386495	5.00268149316233	5.8529677587697	4.16298597282007	3.46887824924181	4.39940005132172	4.35454564757138	4.28838708341714	4.03085968481321	5.17305111913947	4.86594507254337	4.87257222978975	5.46829805917634	4.9293133528628	4.73559989108778	4.8917067918467	4.45966048035429	5.08441654978332	5.71707370849625	5.12852801605422	4.63132337805721	4.49806239010418	4.37878080974746	3.61439297287656	4.27413376528116	3.67237765206001	5.77858990021836	3.50777001909665	3.65728581592721	4.39995148940653	4.3570844856283	4.38476123334592	5.31552093112038	5.11799279826902	5.87844815734617	3.39124267152852	5.68292169289702	5.82207337690726	5.76005355600598	5.03586267019974	5.60318349303383	4.61783154629092	4.94140966291535	4.35523696837758	4.4980383374539	4.88362738635059	4.75253495944393	5.08209285186074	5.92299444439498	5.51133507904265	4.73496124120044	5.28771645051044	4.7563714619355	3.44067380435408	4.64308678909082	4.35990691349806	5.40283658874098	4.63178300985275	4.73806010610877	5.33444146680568	5.74533294160988	5.14954265552524	4.61049004873846	5.79721743358108	4.22158824611778	4.6601547246106	5.82513703554748	5.47795011282888	4.78524358090796	3.92870490916999	4.58643215981465	4.97779051049451	4.8747279876271	5.01903834398348	4.72470480177864	5.63155655793817	4.65816568008061	5.93608628614178	5.01265723635918	4.5578194873975	4.75289624332761	4.58859015198261	4.55872191031276	4.94480665981617	5.2638331245865	5.51708139404327	5.49346871702507	5.04669045920926	5.61267478324526	5.10840259075171	3.96807915722054	4.72278458607044	5.17883325866672	4.84773030851585	3.9197633048461	4.14573473931249
EPOR	1.90110151405535	2.04756057836022	1.63674546930741	1.78897661572911	1.9101545394484	1.6556880275192	1.61982573876229	2.8615264993868	1.74621493141599	2.11552626347624	1.99956316070405	2.02593731695916	1.92994311316314	1.93795711935268	1.9516604471497	1.63451916301096	1.85341697869721	2.37187147625633	1.65738787639267	2.00700808139395	2.31790877416008	1.70988753878916	1.73573366710695	1.82013665056788	1.87120847787122	1.71502576442026	1.3973079163578	2.23841716410796	1.54403661805547	2.13939103518413	2.88447286469045	1.60171968487918	1.73815411187756	1.82210033911614	2.02777322445854	2.59036902424608	1.7243059859102	1.56658212906544	2.27433878239062	1.71242988915593	1.81185067678045	1.54527336913957	1.68467116285897	1.83822561796124	2.37105282536452	1.64927502192037	2.07636278281797	1.67292661401842	1.95444869223318	2.32359865544306	1.62408700926776	1.63995230909395	1.8541888685838	2.32507694133558	2.04159446367714	1.61333155012613	1.68040325885604	1.62122420645774	1.67595792196888	1.85110460927476	1.4342630273331	1.77719619349723	1.69912305601594	1.59953664377609	2.16978778733994	2.15459047901128	1.98713493838749	1.43440800732963	1.71530958320423	1.84424494837528	1.67854106210806	2.11642344286337	2.03159973870687	2.44081010035457	2.25128619924801	1.83024765364854	1.71093711545781	1.60790217573966	2.02939508170309	1.73019416970907	1.43940516679344	2.02212897690817	1.90186348097489	1.54009478383879	1.64478378000253	2.00855191875411	1.87507648059522	2.00698755322129	1.83775677477874	1.58056247578988	1.61125789877172	2.24751746534415	2.14552047249246	1.96222935861074	1.46327862773719	1.93148541076722	1.6212388765328	2.75001037657536	2.15076874259316	1.65764019758451	2.18842817806413	1.97919847355626	1.81119660509898	1.92549418805762	1.54119359370156	1.66948987117809	2.32100852929377	1.52430642833719	2.08992487751135	1.64214785673222	1.96035043670818
FGFR4	1.25217604871014	2.00640173592282	1.87779672697333	2.861032647503	1.95257249233984	1.59493678698086	2.01193243628982	1.31973138545661	1.46246271319758	1.45618013880807	1.77001998949642	1.56044832655469	1.59226612670132	1.9970857590742	2.96667583331409	1.91494255464045	1.79610575590646	1.19757607438206	2.12529338717198	2.31224305600667	1.49078647790214	1.33845081456125	2.1109581197371	1.44526264167814	1.31273671414578	1.82593060649388	1.33343346342794	2.59104948269878	1.44483874777614	2.03586547987476	1.15975397733672	1.1379298778761	1.22445827935942	1.87966513285738	1.53095656701609	1.38251366152022	2.38546859189767	1.07723060281764	1.60354896221461	2.25102720526333	1.33583004461283	1.48816036031746	1.18769486071639	1.81470714202984	2.14391095626341	1.35380049153432	1.66173680415427	1.62842014962372	2.36485179342868	1.94608358381204	2.56144736702296	1.43026682973223	2.64183677045631	1.5305864201888	2.60760509917162	2.40034884258163	2.18596822433019	1.91015196263702	2.26629296352108	1.12211741865857	1.64810464858421	1.98652244444462	1.21621221222215	1.77560154893238	2.45027940087177	1.96376169894546	1.60805263166977	1.60886421986248	1.43389082667544	2.08034779769927	2.60472331559964	1.83491863430882	2.06110607010084	2.01370564188508	0.994393152913416	1.8531795845905	1.2164209725622	1.09287708723937	2.12436683271695	1.29380495987134	2.53158536588951	1.2911529264977	1.05998958026098	1.37198702395386	1.94354488398359	1.38037260547718	1.79545310634632	2.86124226306146	2.58909547853826	2.04515636657411	2.18806904463658	1.56726520021851	1.60699220677121	1.8322452944956	2.20454156173403	2.01918640453857	2.45460961660385	2.81270076569304	2.11500895895381	2.12463007609345	1.02223438156358	1.85489400558784	1.88711936754766	2.50223121077876	2.6817550663308	2.01947591811908	2.25215424537453	2.10156677268523	2.70538012052229	1.58147203151906	1.20406842118928
FLT1	3.81427726900309	3.56385016383564	3.95044745834349	4.14958254054335	2.41842126366151	2.97918691117755	3.30375618093201	3.62978222267922	3.68373204400394	4.54936312585829	3.2836838622443	3.1004019986531	2.97073581423489	3.28912526617969	3.92015371203269	3.7406233496585	4.073061046087	3.22058064492453	3.51097157669824	2.8738831467552	3.41478940540434	3.38081385290387	2.67847143458887	3.11193099987389	3.29969343609953	3.57555456058943	2.64595951942121	3.63794954645625	3.47899499460013	3.41903620819832	3.32704016334346	2.82453916119879	2.86695142394144	3.63159463717943	3.80105862423061	3.36862698796459	3.04984463779617	2.78251586938689	2.68298376021968	3.52794179489121	2.64356619446518	3.43814344737339	3.05165099250468	2.78711282608761	3.13709363961894	3.47341342471288	2.9250188865005	3.61339203306789	3.48468854349632	3.54034106162038	3.36964807641485	3.86906733506471	4.4045699603691	3.93926414863073	3.85736086728499	3.42783523793613	3.29377577090604	3.54722190420863	3.25981080025194	2.99065021746449	3.70897107204343	3.56867753991517	3.94044581139325	3.92314340995672	4.01535799190188	2.85886795329467	3.20969961301602	2.13592721313459	2.68656738995384	2.5203836268876	3.59002419534443	4.37406255341762	3.48558309366949	3.79265426728466	3.89155575646942	3.54054439528329	3.55404962595385	2.84757637212397	3.57398831397586	2.99969670314901	2.95501643109397	3.70984473341959	3.6160804694226	2.91374240541561	2.17314513051723	3.041381477253	3.59401475438528	2.93365027520148	3.71706584881082	3.54910186217232	3.90352540760338	3.14789513401528	4.16284267232036	3.20915351545725	3.62212801651619	3.13873067757285	3.13873148426025	2.86711697380469	3.49612469638925	3.78950230654549	4.3516325612781	3.80476999151849	2.43254312970188	3.48464210341309	2.58502886604505	3.8505140928209	3.63227327401046	3.56424518313247	3.52578131602994	2.58997698126915	2.98229007019886
GPER1	1.84863374391716	1.40738131475909	1.32030595971188	1.30820837298214	2.47332022488555	1.46120241734679	1.29181922140187	2.69569925590211	1.80300193420511	2.01279449496937	1.99026924883011	1.19630133611279	1.60922289495432	1.57152520515103	2.91366879687005	1.71694647411252	1.25440214022999	2.60207872308763	1.6046026543727	1.55599649704737	2.91942869554869	2.00961957949436	1.72881943672016	1.16848569365093	1.84760818863686	1.31806667970843	1.59389417872078	1.75255380422268	1.5111629230698	2.54157091963422	1.64487299306979	1.441654814655	1.46901424984834	1.42021812584363	1.65466689513313	1.28431664898358	2.45579899555488	2.03887717158124	2.73376356014099	1.22289182855137	2.25879387257315	1.64643927999181	2.37329546443663	1.45456661418909	2.34839852923046	1.58795745286855	1.38642904515808	1.31990791922174	1.47304810743721	1.60721250656334	1.220926596533	1.75811099063842	1.69372056063286	1.46773044059951	1.74343419064339	1.7079398959301	1.89206874521222	1.81821327907456	1.51250086317692	1.22260472143519	2.06512801418235	2.30688885442328	2.25348090285701	1.59983714063101	2.11864065580986	1.21465698929036	1.60075420949163	1.4767968786322	1.25504022166651	2.78344146633947	1.73140486024206	1.49771754509287	1.39647852338157	1.48341979465859	1.68668932040851	1.55017867790724	1.37186100956574	2.32253031655227	1.75884167508321	1.26395158145974	1.87605031092357	1.41051035016431	1.63899818202504	1.30959398852706	1.49926348236	1.37117321946902	2.64387455306547	1.96982971846395	2.66754750383344	1.49783506605038	3.01019182510877	3.12329096192034	1.79375119241795	1.8822600596001	1.3210376849487	2.74888292413514	1.43885182036563	1.6325090506846	2.48993615552788	1.99262537305293	1.74116776230881	1.38814682831039	1.53472471413659	1.53207680528676	0.990870201063262	1.04797702772927	1.97386497426038	2.05639214650521	1.44386839300566	1.76212310480639	1.72689868309483
IGF1R	5.97005962672201	5.16154104955846	4.87948083705657	5.90488413175829	4.36780593146071	5.31683147967155	4.18537218461074	5.50757447049719	5.16091953425354	5.19644899659767	4.42906710121205	4.63044014363902	4.32797866068555	4.64318133485238	5.21549782955822	5.05324090584253	5.39192309470759	5.18738607883218	5.64905930482882	4.83478085460302	4.28252233977367	5.55943528890944	4.80669235733543	4.89299085046302	5.47432569825895	5.72880674013749	3.24289497697232	5.30150003415212	4.99739412615773	5.0543851872759	5.28015123295511	4.56111383784972	5.64059722178291	4.83795118455048	4.93927115993222	4.30093077825674	4.55220538470143	5.47045953241784	4.79934579440087	5.15443715247329	5.41769176957956	4.05675472305333	5.85666221367504	3.8439486304931	4.18371547035211	4.97318744177667	4.4489309403241	4.83650360593973	5.55781038487187	5.08512020559102	5.30678302202084	6.03331363449577	5.28694099033814	4.78661855028096	5.51133766727481	4.73288272090178	5.01999846639125	5.72836684151138	3.26144907056894	4.49283292343736	5.66140853585061	4.83137884837026	5.72770463166737	4.6548804173405	4.84800145374123	3.75158415913518	4.55781342020509	3.08366581401697	5.6443971006042	4.87177617367478	5.7364457761576	5.28092360570165	5.29689816572498	5.50912028502351	4.61120470062996	4.58026527086637	4.16527643595591	3.43356264648127	5.58644240806934	4.40990987933611	4.64004611548361	5.04162714816283	4.83991807381681	5.76836198609889	3.20318744236457	4.49479982095275	3.89694473332407	4.69521934469148	4.88873050299483	5.81344638593466	5.11040564024545	4.56056386962365	5.44883960943674	5.13342898705614	4.48512741707934	5.99615789945007	4.85058967052737	5.92708753328455	4.40357729406491	6.00190957136795	5.65052282915226	4.75608277429551	4.4384054204475	4.73202921328528	3.44581281834112	4.66983848817486	5.60001086222636	4.81568806254682	5.04821034512289	5.45358161271365	4.84021827880619
IL10RA	3.69952882868592	4.94581839917651	2.74209007669975	4.07425862108828	4.57658470754521	4.38168644820831	4.98405021271014	4.27359062976039	5.53689585329125	5.47963119330926	5.53338762158821	5.40108368598422	4.40127503950046	3.91828769790667	2.60921748246317	3.29784421248663	4.02640302127812	5.51669188475958	2.86980410896812	2.53906135600871	3.26265538148983	4.63390311059189	4.02581669875149	2.9513488105441	4.28707235806163	3.2288712125155	4.08059709431228	5.19819913584185	3.36860544228949	3.81802397912145	5.76640907547157	3.20374359099181	4.87054618113167	4.96482713867664	4.06292471588514	3.41227912207726	3.20400613797336	3.5774550942217	2.84296229752805	4.1472762704128	3.65252622655944	3.97748982944486	2.42314175739386	2.5947911296112	3.11666797031733	3.14705533975197	4.24968286221778	3.21032110148931	3.84021897639152	4.70752389635151	2.58478152681551	6.47173725833222	3.9499886193268	4.17422196301499	4.81989588521888	3.22579028525886	3.00576347105986	5.05014534850141	4.36906264934363	3.37206922710779	4.09043199285886	5.78155255143912	4.85562270463998	4.37445986007661	5.30318879997549	5.55215552864072	5.66334337941004	3.09003839583196	2.63693073270263	5.25935481879937	3.77388851650634	4.04062072293779	4.37155188127113	4.94058544854641	6.37784089454782	5.38581668427518	5.16252942896422	3.37381478942037	5.49386084651847	3.23722061063895	3.27939724406207	5.79877764677869	5.93128589288829	5.14381608294715	3.02885335310577	4.8068597525118	4.12008548335685	4.88716434458907	3.44293603064433	3.75012037884723	3.62659207767462	2.69217586072624	5.3033619293964	2.85333795855853	3.85063136581702	3.84235955903002	3.61283400304552	2.78464484279292	4.02416454015155	4.89198195318468	4.50123481394636	4.2614366319215	3.89262559969194	6.26866780428168	3.374367439708	3.46373284865842	3.4041822217957	4.51426373454356	3.87582754076373	3.09976633178105	2.58169179920977
IL12RB1	1.84882526677445	2.302475564382	1.440560613678	1.78493230028464	1.88207773014012	1.83488741495813	2.35032581407861	2.22197552492152	2.02586832562098	2.21446371342625	2.4471375288808	2.84522918409131	2.38375852373106	2.22035826578327	1.43316556488198	1.58365973822011	2.0410457319802	2.75984217401732	1.45228267609591	1.41345516609693	1.83130369082521	2.36702919316646	2.14881637445407	1.4619525793285	2.25539733156189	1.60421244502843	2.1683162636318	2.180523458268	1.57356932046991	2.61627578868109	2.88362029027159	1.60477386873951	2.10764124810658	2.51615012330757	1.77086796865635	1.79757237318025	1.99245208437667	1.67760533563571	1.4958904154894	1.69428716066208	3.47121946719764	1.85028559784745	1.36411217788657	1.79624204091415	1.66635113937638	1.63345227216258	2.11281444766449	1.52657171426942	1.93025810096829	2.06579010169861	1.38559644420698	2.75029944225739	1.76900479669429	1.82811067625455	2.504337816104	1.72125759801254	1.86207377723401	2.09052716203043	1.71355819296117	1.87491589524626	1.77060352730383	2.76124565125598	2.20998178925229	2.05274533286144	2.18996937801852	2.57378322384324	2.5809996354067	1.72217891198235	1.57995612181602	2.64179003689178	2.22290719683635	1.77067922238871	2.12350178332339	2.97981260337648	2.74357290691543	2.98348091429283	2.58575122071231	1.62295680779619	2.43671408195905	1.57085098094855	1.91422206473915	2.51280478029531	3.17533114831749	2.59609950982661	1.48660846735641	2.96285985554029	2.13896461208128	2.25409432414538	2.11223433292963	1.73464557131331	2.15182048025976	1.87723637223316	2.14372415213269	1.63517258300102	1.75921523425292	1.87223526113934	2.00890036675078	1.44661032836643	2.02346887062523	2.15584184910887	1.93305969705393	1.95884517711284	2.01712529302724	2.63033144821411	1.90188115472247	1.82100820225172	1.72314079252258	2.41975029426319	2.30461523539046	1.66425977005065	1.57965403650446
IL13RA2	1.85253314439348	2.44418507328866	1.51791120441058	1.39538655562979	1.10532937955638	1.40808997185557	1.3507585903674	2.50849401318444	1.41723778135308	8.61535576410094	2.00663451144947	3.43313794848295	2.62342726715544	1.17301443367933	2.27397338623392	1.10991779111683	2.27830429223304	3.52711031873663	1.4053400741208	1.10904712130651	6.13286937305048	1.13277299570594	1.20010268906661	1.02923515641828	2.62398717563772	1.21545984505794	1.50118344630482	1.73924352954364	1.93090688934374	1.18015074040626	1.50714053045947	4.03830397057398	1.28005910227843	1.50842437650341	2.68180276135371	1.18041219196916	1.47493842181343	2.29357586659804	1.31055714225409	1.95169635731808	2.99458869058465	2.0279855693097	4.73892051366316	5.73929055732573	2.65370630856668	1.02923515641828	1.36635097931583	3.39788048879388	1.12108462442332	1.37264165262451	1.23356230034178	1.21976503765538	1.53852142141068	1.71978973814105	2.22347495868778	1.16459685395904	1.64810135965315	1.23916483057373	1.13368734204706	2.44993868469503	3.30402972052344	2.30440207936817	2.00427176461713	2.00934503178352	2.2056018255402	1.21909285729223	1.30579866390031	1.15701935242984	3.02110344261848	1.21361687496887	4.45083803862045	2.84358532335743	2.02174938124871	1.40396436669866	1.34266235376106	1.76207391208206	2.63239765334664	1.16514201725031	2.14302642206713	1.53208342524062	1.26371813875021	2.2527184419016	1.2071498923662	2.10729478559773	1.02923515641828	1.48042955396909	1.29802079498851	3.14854246064978	1.27178539228668	1.28905068298836	1.35481764736993	1.27842440375095	3.71645181410817	1.0875671671043	1.19838042977179	1.20052107772106	2.84964425406005	1.25265813809017	1.91643025542812	4.13608882220714	1.878179483648	2.55206216190291	1.54510088519243	1.18582013135473	2.61572910071423	1.31531277446193	1.06882425705093	1.24827045577483	1.57749949403712	1.06060327734461	1.04935335474343
IL21R	2.29782058945801	2.79303211703747	1.63319348706831	2.16682194809826	2.08833320972725	2.33611904264791	2.87949593257471	2.34245920356699	2.67816697648644	2.34620103553778	2.57453963719175	2.79289995398519	2.27607499925877	2.62177638174316	1.5488709716364	1.78586643678904	2.02113776276926	3.3758441082126	1.62851796201052	1.59538973109736	2.02221623993648	2.55917454664098	2.0276820285077	1.65038122143101	2.27444585930386	1.75370158160651	2.57422730983726	2.5801931383087	1.93181375367206	2.38094221819089	4.54101232117114	1.83662132813771	2.16355841958729	2.76046778992449	2.28027671051954	1.91894632884596	1.79487249340088	1.83615016878578	1.76632569403984	1.88443815937009	2.13099185236908	1.93916625917322	1.50146955216277	1.55841409551126	1.61988407705416	1.80990432038264	2.35324204636107	1.77512383242318	2.15092629177727	2.4118962571717	1.56522140809176	3.31191078004486	1.92355267386658	2.19755509358318	2.43695117979405	1.87149967149401	1.79648325187633	2.56030131538553	1.98704644310268	2.03555382981595	2.11398558428954	3.75889802163831	2.26924333248295	2.35258908028911	2.76716898857678	2.75007152939942	3.17509305395515	1.87039401893715	1.71704450577914	2.96236769876528	2.07744708480386	1.92369246366002	2.20020153947599	3.61622871674871	3.39554487769783	3.32232299102426	3.3750591976936	2.05702937259546	3.05368826019416	1.82244847147366	1.71501385794203	2.78008422416197	4.00838016128254	2.51961310724931	1.65851413835604	2.48951555885641	2.28822344670776	2.67846629073223	1.79610303702113	1.91259957960281	2.12926433482504	1.67887253130338	2.95266337001906	1.64453528718568	2.12400898079724	1.93631912746964	1.87410347472198	1.70797995397696	2.44467525161975	2.82082377912641	2.34174892712619	2.04104088367964	2.27091312544902	3.02055752831407	1.87870930899978	1.86825837812225	1.98883642485898	2.22667355711528	2.14837789799388	1.68060638498634	1.56534534459909
IL22RA1	4.78925438427674	4.17228053664879	3.63266970672422	3.17951151052356	4.65904659459616	4.55358809974791	3.52862539387575	3.82711802934199	3.80448893414371	4.25728189701866	4.60744824257687	3.83771073798577	4.42132857144883	4.48584746161203	1.93401743054289	2.48806714409718	3.1371474160328	5.05229145531396	3.65626522664964	4.34224641100761	3.03144301974517	4.71710016964561	4.83739294105422	2.85682956417513	3.99275482968334	3.05097228130172	5.22211534963464	3.94212080102664	4.60192755558931	4.70151165957631	1.86877060845532	4.25817429746805	3.69136977786557	4.28577561041236	3.47071889179284	5.02844690827913	4.14412100805213	3.64238224179904	4.70582982459551	5.00572938471432	5.72840803776837	4.85823448387114	4.41778409572486	5.27209518973532	5.86545517231347	4.18941409407938	4.48583057770656	3.83631704574807	3.70678355206511	4.03010778182318	4.34204231832961	3.81592182904465	3.23808232719937	4.44230839578186	2.98225235145249	4.49600045250765	3.36475396081752	3.78761230083074	5.34378948525396	5.69089275448062	5.10701151278347	2.73397920775081	4.24506428581328	4.59412892136511	3.86181076042907	3.47839998853137	4.1170479258203	4.1156149874104	2.70573769244972	4.49798288772277	3.35247152346168	4.74338679666618	3.79351762169122	3.82792960621576	4.24136170043124	3.78083433599942	2.64490604530536	4.0629506557605	4.62948663114093	4.56596897090031	5.12356420961284	3.39696466538562	4.20065540682435	4.50020858945566	5.86249214531956	4.21174801925475	4.05665472224045	3.94871161082919	2.47480443819056	3.78744447568719	3.5209242515629	4.26210622799423	3.15097770271278	4.05793623789735	5.20743877856055	3.75945195412125	4.2389460204759	4.2030764381279	4.30425913456402	2.9639467840041	2.54516842547368	4.34094434345187	4.57161665003288	3.52975284726093	4.92879292474027	3.60599698828831	4.81369504721254	4.56715717615169	5.0402268149817	3.75142328338461	6.26219632283369
IL27RA	2.69224524781695	3.48526338377024	2.05435660355049	2.41598479786192	3.19186837100989	3.05638945135002	4.44022873969098	3.6264612552435	3.57290054899692	4.87545266927447	4.15502466386984	5.20318529591448	3.69112364779901	3.98759503440751	4.01697096181816	2.14449478998529	3.00613601385524	3.28224320109441	3.12312056211283	3.930829233171	2.94922716478307	2.70202091452533	3.35325458282692	4.01454249282701	3.13736149342248	3.07306326016241	2.7376549328182	4.54889270323309	3.30612653818147	4.81547130807078	5.98752392925795	2.13668877323085	3.38670314960779	3.32595657196913	2.60635824256659	4.66862155721662	4.54721893219683	2.12605954742877	3.39142358919648	3.34984367051989	4.05108183260541	2.55953666466079	2.11372783315631	2.93777264534642	3.40415397272872	1.95451324407679	4.07992508457672	3.40988596893088	3.50635817025231	3.24084319116923	4.37155767879411	3.2639278968409	3.16792926910637	2.67889637254097	3.40866049131595	5.1574846718879	3.51020757842811	3.09023112890636	4.08121556420426	3.2546723659821	4.14809147788862	5.28822051906119	3.11336682717125	2.84757718365364	3.83264432498281	3.69241123353903	4.85249873960914	4.27888442469393	3.15198231274014	4.23683042526589	3.7486614129938	3.79217982812175	2.75276610512363	6.22033512610831	4.47662714461943	3.98565846716429	5.45518068350069	2.96102209396217	3.58795735322587	3.467507240586	4.06070403752352	3.79798076561678	3.95812614805693	3.16298748716436	3.56009231917437	3.29445879592513	3.05378901543612	3.11513473033343	4.17331832554505	2.80535088076955	4.95499036502068	4.46507152718584	4.30710005460074	5.22065889422682	3.36665629565898	2.73692179447691	2.44445104430578	3.05090328534218	4.09396018915328	4.10399879719872	3.56623837598165	4.50454793774375	3.32361792551136	3.43620397770053	2.79492720799053	3.83651909239625	5.15670889977065	3.38255018091875	3.60514909883536	3.81228338826243	2.67423121239859
IL2RA	2.8421405796406	3.80231771454058	2.27123937418249	3.36242550811985	2.65648888875808	2.88897187895307	3.264768356237	2.91573879881191	3.63671719150466	4.10880595913555	3.92424339430473	5.75023503360716	3.99120821963969	3.3354626861937	2.01496907530126	3.01292029415959	3.32499381032277	3.72442951705426	2.20712236074573	1.91820961967144	2.669468943977	3.53274437656671	3.17179483847265	2.25367948264449	3.17926832729101	2.5254009467446	3.0571831426512	3.7961983837099	2.69153499687419	3.19586826593593	4.46163217475925	2.60008878599696	2.94363046576844	3.48829103855148	3.36637395995584	2.5531373586082	2.34568822826089	2.31136948221179	3.034405436758	2.48151099139228	3.31057230296057	2.39144220757372	1.61365231974642	1.97189426848901	2.18930943260539	2.22311339093129	2.93946646736042	2.3769025727401	3.16844315734562	3.22011017283866	1.92183259230847	5.01613416297474	2.84329743490288	2.50207358114893	3.84900619995934	2.62903764393739	2.51677080201878	2.96535610231716	2.57423090328896	2.40982454674167	3.11996759031685	3.67241822415907	3.84847861808575	2.86497207421714	3.61442729765951	3.89161961253938	4.37423117047965	2.04438013759461	2.61122553936952	3.81419130280613	3.21553695434839	2.94625366100911	3.41412287198893	4.23842729512773	4.1477016627586	4.76739478153796	4.02776941332418	2.365375073896	4.09694367972204	2.32230230158764	2.35762194276531	4.24772052314166	4.68813767494732	3.39398708267823	2.26939696632083	4.19196533094333	2.71227839718296	3.83481573894899	2.84280718564499	3.54139639170315	2.9430150997579	2.05633819447175	4.84508784496078	1.89087294403315	2.92282002285306	3.47402930756976	2.87487951677054	2.04590507944363	2.79014716417246	3.90962966953005	4.206354944906	3.25728719200095	2.89411706308442	3.94939676084632	2.45951896325052	2.9582556713851	2.87834851460957	3.04106086348316	4.03315145170649	2.36893058585304	1.81267120022066
IL2RG	4.58963815068926	5.96628805733584	3.01314541154288	4.50628777887022	5.09508336905997	5.0513827320228	7.00118304829935	5.01958852954098	6.47300839039092	5.66640444179713	6.39617922817795	6.83201337985635	5.95270167836042	4.93072774389179	2.9265008794442	3.80256956433567	4.74708235932263	6.01434687948838	3.3436543018363	3.93113992801527	4.85019217053599	5.89500134805416	5.53576990235184	3.06469724743745	4.93895608673004	3.80679164431388	5.68381198715309	5.39568262573773	4.16033012854024	5.8362377156759	7.3395875761868	3.81474957937756	5.18586185423398	5.75587396132554	4.63127912000949	4.35033333424651	5.08782839612865	4.45211915137739	3.42240489747165	4.66070755023551	4.73834486861568	4.4392911286539	2.30939741285307	3.15207253057299	4.00447669410833	4.15103634508059	5.70303184184769	3.73518752215987	4.75697497534225	5.68778663624937	3.0716475324693	6.48064375858352	4.69198888205195	4.56891543045479	5.17317099759884	4.39169634310753	4.19723299968868	5.68683834744499	5.24667714705977	4.68056855678139	5.41300080355633	7.22875628305144	5.9014006489101	5.01965474176144	5.63331330061287	5.89481183820676	6.51383886545521	3.87467633590781	4.00456030029998	6.81185061512537	4.79940726103943	4.39576125120043	5.37063983266026	7.46917277615095	7.57714931523925	6.52403343626035	8.33301828710551	5.32717181115515	5.98771096627144	3.54286446617111	5.70236571167887	5.78376806701377	7.59067329185197	5.31249181746568	3.81904951635849	6.01171526371961	4.92796411810116	5.73985696654701	5.10808362684602	4.20740283274938	4.65602415245039	4.66359114029244	5.94924850288473	3.12427055371149	4.88261517605752	4.70355685365396	4.78874421462135	3.23123006593249	5.27752376008303	5.65244783249191	5.09261649115189	4.38062257602926	5.30900633627682	6.27623838038862	4.53389860730586	4.44401318122342	4.34319982863457	4.86855025918592	5.05844235829682	3.38231714276236	5.80380394590937
IL31RA	1.46137985491533	2.22380957455868	1.5618966379101	2.71295322469694	1.1868834182598	1.895384948502	1.21498690906644	1.3472486969541	1.36082276468763	3.14587005130466	1.59068324179506	1.21535129685933	1.73156076931106	2.25057588349367	1.26450059772953	2.44767487327334	2.6036187417916	1.8255259883497	2.5290732803348	1.1972058115789	1.44182055182275	1.53518042820083	1.75208607827597	2.13484796593055	1.9190398187408	1.53636832167739	1.55006488175192	3.45652815215532	1.97177630056286	2.6096666671005	1.27847290664788	1.68568866313751	2.43420209002643	1.47507954625373	2.84625792419125	2.2341736858612	1.29255852086783	1.71295499783737	1.75858506177272	2.09015692964462	2.72713520157909	1.48426698153828	2.4227647866429	1.80030925939435	1.66997688915793	1.51873495430277	2.34554308767937	1.32084984078001	1.71064620941899	2.46140971452838	1.81312018335106	1.61063299515008	1.35356508135715	1.72539780752505	2.26397510264538	1.40575125112835	1.49267901142315	1.67862614748995	1.26288217601576	2.07829359330533	1.89526374067434	1.21251957503026	2.20560945616133	2.41797893807175	1.27925071475928	1.34219386191429	1.80328158734409	1.17741578448754	2.83774580336027	1.64356541471184	1.86749018539874	1.67989756958444	1.33068855698799	1.28065439911881	1.70220671809615	2.03325956505821	1.27194331583599	1.27637972823457	2.53319772089454	1.77988040451066	1.20243051601395	1.89920286901749	1.91264868808607	1.88851422318068	1.55130175566967	2.36264518791563	1.47202039255344	1.50185710342842	2.53759393501503	2.06347641651685	2.03703936644869	1.65095328207348	2.78771553500141	2.23089313960055	1.29373135124657	2.08856126828504	1.19817560058023	2.32202476229266	2.56684209688665	1.23015683222753	2.168560112458	1.83831113698072	1.72116545039909	1.46736567419687	1.24101227766365	1.90823862547878	2.06987299603814	1.21272844170426	2.30167512844837	1.75174969333	1.48693681725552
LEPR	1.79954853590745	2.14422701386736	1.16211170933295	1.64643891336202	1.28916123165588	1.5062851996943	1.80807474921291	1.05703200442018	1.63812025182119	2.37484476734838	1.33996785915367	1.64298217911663	1.3176965317563	1.27701343761886	1.60138026651707	0.981809299037683	1.70222750841121	1.94118444497526	1.25362414009094	1.43205290994439	1.05766426198112	1.7514773966142	1.65973831747283	1.20447620956397	1.63796070602696	1.20752475912998	0.991974281899578	1.92920487514555	1.32090285545295	2.02295403731288	1.66773115495702	1.32231922302472	1.41005307916942	1.48023853622325	1.45248496828944	1.34361503304492	1.40679110397639	1.91734230406228	1.31448812062469	1.85946590209796	1.83162080581516	2.85144174510353	1.36482136570127	1.33758236952742	1.52169294662613	1.15195797198392	1.17658266662963	1.64083164510414	1.8083748890612	1.79798997041098	1.68547350300715	2.7764060045099	1.89024840821072	1.28623425700735	1.51683798570645	1.41835467279563	1.61783081534054	1.94354387983132	1.58765106765792	1.60070688709791	1.75992937597071	1.11879684662539	1.92129979051706	2.07539466455004	1.81331055120621	1.22842390085393	1.25103999279865	1.04852352380839	1.52445366839645	1.42238469956566	1.07870370357672	2.00085327461064	1.29502951435836	2.39976055831009	1.85641136484498	1.24561855101877	1.22296017553184	0.890084535804407	2.19900953647692	1.28852345836693	1.59617552243438	1.84645619720459	2.1186024750082	1.99637909064661	0.897796571311776	1.57629612884564	1.30296534959365	1.6936622859416	1.02096259089667	1.42174623761407	1.34930670464542	1.13747047064803	1.58602221792423	1.32237603108745	1.17680055648999	1.36883085170299	1.40670795462003	1.52844682895169	1.40573568989038	1.70868987328481	1.91112053228275	2.305098217391	1.36900348363978	1.39939098174608	1.25762682265618	1.47298466021634	1.90855039199594	1.27804005164691	2.09479407310085	1.08820332492966	1.19384161239729
LGR5	1.73140140731272	2.08896553001578	1.1196718342805	1.18733832953437	2.08267190068029	1.43467639344399	2.66180919161921	1.24969607311953	3.04314497284946	1.27071120644096	2.35662092358841	6.03983317499112	1.53651910455028	1.17390947679135	1.12271520124536	1.24526617056018	2.95481865692941	3.4154058612785	1.48278935243613	1.55252731975965	1.28571108388528	2.15563603997597	1.16556887184852	4.56885227983294	5.54736880308271	1.14662999718553	1.14913243379981	1.48908974092517	2.05507290355431	2.89556516518969	3.48330106592982	1.10121783044759	1.74535000896701	1.40014678761744	3.65788175853419	2.61263182264883	1.29172779194656	1.0880182364836	1.14361421793728	2.58506270561452	1.13474199688568	1.17868737784207	1.12440826227505	1.08148035832524	1.29771658442809	1.29271439422228	2.51358148099352	4.30687125157084	1.20811933258179	1.13262682079223	1.08913277993171	1.34790136079363	1.60262354674256	1.37768791535844	1.97084729829268	3.53519985013809	2.51523981968597	1.50201475860356	1.258341138568	1.10720177513007	2.40441909664298	5.11572196756958	1.72860218707692	1.59331279504105	2.44111982017509	1.20482891467073	5.77306099474971	1.07685132330002	1.08460292322032	3.74659616506528	1.21374283856112	1.68628398436623	3.04999743527455	7.75171230892917	1.80021989302468	1.79252243119888	4.36553868598839	1.17455825788846	1.40964009003727	1.16721794778375	1.14268697013378	1.60855496163148	2.34032249088873	1.10019650837426	1.13153952399907	1.25553193865402	1.45360886342038	2.33850901137718	1.74618675225702	2.05483551038764	1.38581265758605	1.47341741166315	1.2811501984877	2.49082749153281	1.51270221216769	1.67218829088597	1.19117977939794	3.03659047283561	3.86606645854715	1.2947940168976	1.60159505755562	1.56516090462387	1.37627041562329	1.60440229441501	1.08621297708737	3.48185265955995	2.99330648586428	2.37851712703979	1.14798607564171	1.15327783446794	1.19353867545577
MC1R	1.54727398306134	1.68114925061928	1.57807840816291	1.82639533654083	2.22334662498932	2.24486640422394	1.26317788620553	1.87367002402656	1.4492531453801	1.76130744093342	1.83630738015878	1.21940648861605	1.7926346365715	1.47017081458705	1.96052151471369	1.40416022417512	1.71816747957743	1.52531598435359	1.70013988065344	2.39877547364379	2.54914878936846	1.77669292077571	1.7402987959817	2.40526434052397	2.43206557364167	2.47655251397567	1.30006435198323	3.10670862159301	1.94281288437609	1.73656182134407	1.32763982106295	1.65473039662365	1.6506813730913	1.80288313559247	1.79613126033695	1.65589776376048	1.70910055765236	1.80003901857752	1.83673348650368	1.34988286004488	1.74575864660127	1.40043066917499	1.46197529980843	1.36557541068736	1.79075560280318	1.64127569784939	1.8607737494759	1.70748264873024	1.66247960454794	2.17957721451584	1.60298153218004	1.91270829039121	1.34363527963261	1.21405443560117	2.00836926587334	1.42536621117742	1.39621546192796	1.7405010291583	1.66130131872904	1.42286339982993	1.40741788240277	1.48287935583425	1.70048536396884	1.24121660902834	1.98257667365393	1.84453702205899	2.099281479112	1.80746926842374	1.62426299899022	2.75060502033519	2.07476070957378	1.35538602072424	1.89336534877362	1.81653895906623	1.78303758788617	1.53177769397634	1.61328948675261	2.25050836696383	2.27549873365166	1.9489111802255	2.25542619680541	1.51475126746818	1.77778779441482	1.79113893497165	1.34948821462705	1.39414880431441	1.9575051709965	2.44580920006257	1.84357043056528	1.70045965449145	1.51452697389335	1.93707275352479	2.3080821229641	1.51177773005308	1.26676042651208	2.1814969503384	1.72642511387589	2.07038416692013	1.43472780887164	1.78101684239594	1.84028520936838	1.58884037528092	1.81473659150067	1.78303095375119	1.45284994645286	1.41776345689051	2.03136579170343	1.56888368822219	1.47673616018476	1.57034007616114	2.01235076854605
MET	6.03963810722983	5.69635031481298	4.14660731515118	5.66147036669946	6.13698463220762	4.79327329907749	4.63467439305279	6.8959848296443	5.76680871619684	6.08264281922824	4.49380315617643	4.43728060227265	5.15513693060916	5.29318111724969	6.68358264395332	4.94172892781959	6.01910867120144	4.71143885517138	6.14851297982267	4.76737383489807	3.45932154386406	5.54858916694698	5.528115522801	5.9120635327559	5.89696798207779	5.93042420172465	3.6890478476674	4.09563866722554	5.24454258551646	4.99593309082515	2.98440621575785	5.00285444035801	5.46259681860458	4.98122899649519	5.51961369807477	5.24372955843955	4.80335436926411	6.73255578237721	4.61527567282726	4.9661036714128	6.06328577820255	4.22129968575364	4.90490474207344	3.30506047712645	5.17483473044383	5.05424875498023	5.22151799621416	6.05303995698482	5.92029015886461	5.31812730968397	4.26687441532905	6.02087276225912	6.93475025587201	4.94672203253036	6.01644767549651	5.62497752894255	5.47622924320962	5.99987262316162	4.65278553410737	5.27149689526426	6.11170552425166	6.26696242951685	6.07645027990949	5.35396412781945	5.01767605783077	4.87930960089762	4.66453037347386	4.1231901527085	4.92722654302776	4.01815398205671	4.90471603434787	6.18956227971812	5.35795760071229	4.14581644840098	4.71022589379202	4.68446623467293	5.08772309902243	3.69883902187171	5.62095685966463	5.8942040122989	4.42507911155108	6.37808731170033	5.08178016929023	6.76477259165201	4.35617030725878	5.68242228458965	3.6323976558837	4.04882106283253	5.58144121234522	5.87466691364732	5.69694752130033	4.58602584045366	5.6502576142431	4.82502766722094	4.95260270958757	4.7174425159438	4.57471884156127	5.22436454671503	4.45738613083103	5.19340858333574	5.94601504788583	5.7610933694897	4.3416046833123	4.37568816741661	4.64508870909304	6.35214624441919	6.25632979236442	4.2461710091385	7.26502501254791	4.83355959746514	4.89660709435882
NR5A1	0.917916360767872	1.06876390754503	0.882386754086875	1.13440864063617	4.42332574413171	0.861991563895563	1.23546779664826	4.15156625240911	0.853600170866358	0.85712773652805	1.04576169513287	0.87895874376789	4.28561419617473	0.853600170866358	3.69317085658521	0.858207001145637	0.889906409755378	0.866762998329433	0.853600170866358	3.73119866471927	4.19377721631418	4.00483274857241	0.873366012402395	0.859741912479105	1.14197277983522	0.86150384159388	0.853600170866358	0.866012727509237	0.880877165279793	1.66143248125969	0.853600170866358	0.910016892388713	0.880363598814979	0.879919608784105	0.858933571704357	0.853600170866358	4.58026230758463	0.970249296815348	0.866981017752861	0.862086358516675	0.859061331069346	0.853600170866358	0.860696645544007	0.878947060012741	4.13762728376638	3.56833623055896	3.54587594430451	1.12362561259559	0.858855949489185	0.885528994404952	0.892226189517646	2.8993688337818	3.38066662912984	0.872196187862789	1.0039189565816	0.853600170866358	4.34780543990303	2.85073149525199	0.967539123782962	0.872696229845069	3.75751180251984	0.875122837088934	3.02602383618856	0.874176681915002	0.88030184986312	0.857019111284481	0.853600170866358	1.12638177882492	0.91766123503277	4.96873999559642	0.889209022608828	0.868570822222462	0.876182736719104	0.892937448353231	0.87355967560814	0.92358290957148	0.853600170866358	4.25385549953075	0.861845681648706	0.858454181108787	3.77891967049215	0.853600170866358	0.907697544521612	0.873405955097353	0.932486197572258	0.859814171544533	2.12725475150004	1.04099274677116	3.18899020550292	0.907246870854351	4.44027796338235	4.79292177156345	0.866143451602847	0.87984977758814	0.85797776523303	4.06915581022673	4.63720298882568	1.25946579677413	0.884283949229588	1.00894102938772	0.876478428715592	0.853600170866358	0.898584784718481	0.982292063311831	0.883836923516246	0.862132775043598	1.05756840568394	4.72937755538903	0.853600170866358	1.48589773961276	4.03354399742378
NRP2	3.94796594177549	3.90597956646383	2.86020134764991	3.21526036538583	3.63661727619479	2.60149805404194	2.67951185461606	4.5446358198539	3.93128831074841	4.45327589105362	3.33326873631563	2.86457454305448	4.03310253588265	3.07788842268209	3.81440523329173	3.74290810409963	3.67244575897422	4.07127051788402	2.93960602443937	1.50208854536276	3.99893341051567	4.11349053749434	3.80573501259589	4.93096130362937	4.01919656613039	3.94555784385891	2.32511246839855	3.04314077261451	3.71915051568447	4.14118943300609	3.20440279447993	3.11793897684136	4.17293251389972	2.89635551545565	5.01454579072066	2.80317902495599	3.36842861755277	4.01275605091961	2.1055943522585	2.71548229621511	3.08536860338086	2.45151396282563	3.0722162752103	2.41718109972876	2.83919224967766	3.08563077562317	3.53950588578329	4.81378025936623	3.74945620599928	4.77818457390143	4.01133137976553	3.88728358856657	3.99856626174486	3.04633011011135	3.9378455364684	3.49817538618084	3.52583637601796	3.03743960748233	2.59391797305975	4.03463116528307	3.09780630519614	3.32962495647238	3.43414922174338	2.83825369558466	4.65341127136558	2.85922057811422	4.29213115514028	1.7149202331245	4.1228425234416	3.27882860122223	2.98457555696105	4.72642219712874	3.00882418858952	4.78942383439097	4.13743207501216	4.04198307925448	3.00682194423159	3.22427302175006	3.33748768137799	3.49579417141471	2.43102875945987	4.4853789450042	3.08967657933585	3.58932801263707	2.9038586984811	4.16115169626325	2.92547666276367	3.48990940819087	4.04856101474724	3.73576353000168	3.55075408940868	2.98742923269659	4.75374432682792	4.64663368075044	3.56666016673384	3.73008769274729	4.2945079750225	3.36309181883053	3.08893956127433	4.53432056293119	4.27185495339648	3.73238465302408	3.09588236509776	2.53518437042319	2.21825390240754	3.96714764961395	3.1121513659926	2.52877387073376	3.94061027562871	2.29543977802272	3.35350323721968
PTH2R	0.723517998462724	1.13964203991675	3.03808406202388	3.44709140308456	3.68794291991673	0.721059876927582	1.95577082932095	2.92413302936318	0.773278752499034	3.34325293137373	1.18651978592443	2.88612562674855	1.61225955425416	0.721004508345195	3.24385926898719	3.00107988161509	3.61365229740906	1.25966718719543	2.90903762335841	4.34991523054889	3.9204162853383	3.41366731338758	1.46689181145728	0.723700669050944	3.35032063903887	3.94024170196211	0.715334845262339	0.782116263357466	2.15903592759059	0.825476257081304	0.715334845262339	0.792571213869975	0.751866218824748	0.786511141547193	2.82552865709942	0.715334845262339	2.40799437672504	3.70510669771548	1.57018383137196	2.71381023633155	0.715334845262339	0.72851261737425	0.744189199686037	0.724042704734769	3.72090748576186	0.890347971516056	1.48155746942013	3.4904144668194	0.750858255337052	2.02505456272727	1.94355897587784	1.76695272271354	0.737736131980894	0.723826826439199	0.756056445777279	3.15204813253967	3.06135199763356	1.53273805602625	2.35704539614233	0.728402500633284	2.37704762129905	2.08489830303347	3.98044375690038	0.729421464195982	0.751781711858736	1.55537129692186	1.15092911497375	0.735343136138144	0.74504688495769	3.43106596434697	2.39860006191935	1.12010425020146	1.54912805971791	3.79413953792	0.742560336242608	1.52347338861367	2.56942022841901	2.02813987375289	2.27858045875242	0.774015366438597	0.723715017582476	0.92975735346398	1.44688304355403	0.749044090384352	0.739930005418117	0.72379915661828	1.41658425315827	0.724298976726543	0.715334845262339	0.715334845262339	1.20145330166352	3.26286798258743	0.991751076118289	2.1315907935541	3.2440786242713	3.49356940228902	2.33162813894181	1.23897572797472	0.715334845262339	2.26300175241113	0.731007384370752	0.739282585719448	1.56512148088043	1.00241856469013	0.748436243018588	0.715334845262339	0.727519156792636	2.34449575015497	0.715334845262339	0.724978079784916	3.04952443509507
RORC	1.78550910009671	1.73778095222351	0.986685219950667	1.05570076253377	1.55185567457193	1.03963605092139	1.11912472835672	3.10283767900723	0.931005286416818	1.6130845980998	1.61787838938547	1.03335727265638	1.60690617759759	1.21573747070858	1.922430930358	1.2700572134002	1.06912325538637	1.75397275314967	0.992039779134031	1.3054938378155	2.57655662991555	2.16498798315803	2.15891055715891	1.05473885428699	1.02202976373552	0.982935031033339	1.19963364396624	1.19507240509054	0.951528522107352	0.984904193571053	1.07140430072719	1.4086689788951	1.1087444407297	1.37137133453746	0.954966646296007	1.27828784156907	1.90167702191792	1.56916156106923	2.72088043669774	1.22397014698049	1.20988291607193	1.50155178857083	1.17462909474947	0.96435022407925	1.22333748867675	1.15883128258987	1.1797002775863	0.938376901810899	1.94540055654204	1.53333256447898	0.967074124416141	2.51709941224402	1.20890896262391	1.07254387057645	1.00281586279879	1.30272818679125	0.996012441159031	1.20024523212608	1.41046100090465	1.49089862176282	1.64172888699104	1.11912844854681	1.99495977411869	1.37568788476622	1.29807381685075	1.00009285150518	1.42898540570545	1.87447452007507	0.910725572372639	1.33566336708308	1.02207944680274	1.26299270681249	0.946469741953603	1.24119097733352	1.56149436592323	1.00509882989042	1.14374602675766	2.03752649658339	1.37568971364289	2.04710306263551	1.80777204674215	2.86479730450847	1.34563857000805	1.97328827211824	1.14700859556851	1.45274919727001	1.51055632770657	1.14122706758877	1.19176508568595	1.32829614768519	1.98865481425051	1.88559041516699	1.09473936440644	1.48920406910091	1.04206994811196	0.950434295338141	1.29568050922598	1.00487941692178	1.41603001529777	1.38083949103321	1.28382615314546	1.31810650587679	1.35725981389961	0.932294974144254	0.940991897769365	1.74164669415349	1.26127161335834	1.29636589318438	1.18873270512151	2.34342899162337	1.24519325353751
SDC3	3.38527718243902	3.66453389669805	2.90517181665279	3.64120267295877	2.46914890622613	3.33595863598379	4.13195294239224	2.78819394628917	3.65047578561534	4.54513528396323	3.86156730556436	4.00604772807986	3.01567956967928	4.50761419929177	2.40601796375285	3.00803738698695	3.99765925693726	4.32538589129255	3.26706211829095	2.71232328034878	2.80467580626131	2.99098500832068	3.03811559952329	2.68926222793497	4.13901747124716	3.07459586523598	2.72802099563122	3.99965988312578	3.83813068372421	3.99724591022983	3.55214022552811	3.16580618306471	3.46975886202534	3.8445519103235	3.63556366344877	3.16665329571401	2.21061899760584	2.47185264338788	3.58451709454432	3.04002287429192	3.84993408709602	3.31867368474062	4.26332085591042	2.87781333807621	2.7724382382472	1.92217848573415	3.37318779349693	3.564191895569	3.63469276810307	3.95738074979388	2.70304758320347	4.2177052567913	3.67995064672486	3.39741794635925	4.10017128251156	2.21936934892026	2.59568214628451	2.82025191834166	3.34347957694287	3.28815709527531	2.3249064911467	3.44076903117166	2.65730171260901	3.67414506722723	4.00969371067674	3.90385728874217	3.9220569415668	2.76718714967693	3.34913506975162	3.60907639978214	3.06790447025642	3.48134934855693	3.89234697457142	5.73874390912314	3.61879502180792	4.16246561694644	3.24902156960651	2.21352160840303	3.42216140012006	3.74785637034261	1.97356363485147	4.18366276768995	4.17180690779539	3.72509068783932	2.07098622710575	3.26869818120556	2.82547087915438	4.30540221553015	2.76537829661005	3.48505645167202	3.35944259648619	2.04830827564833	3.42507138474663	3.52510923621787	3.30148702309286	4.49794526086497	2.56392433477203	4.50402032617829	3.71438846840769	4.68431748507492	4.10883080483446	4.17737935677075	3.69736447112345	3.90245123086676	2.74013352281619	3.71846345142063	4.4354960096247	3.86913420006269	3.475458777257	2.51535728207309	2.20154260126165
SORT1	3.85522183025866	4.86318099930773	5.01333666073292	4.18106719948407	4.10129562606649	2.73272650435254	4.23428060322886	4.89403903346344	4.8629881680723	4.56278115628493	4.19416714137108	5.32365715999436	4.0515819070016	3.60644837715247	5.70618806310162	5.2029868934077	4.09446186992605	4.378862093539	3.52674322740592	5.40783280095025	4.5458448605783	4.63886432835198	4.21753749214403	4.46188871567495	4.30160843203489	2.47603813469711	3.75893121722643	5.12076275606909	5.09622327708076	4.42320589724978	3.22613185758572	4.67878488170802	4.42870025421097	4.29071494199128	4.21384225334753	4.43005429449732	4.56790431361192	4.91752753992948	5.16094203582253	4.31514028534088	2.85601257339176	4.34074132438634	3.52759585487417	3.77592326570317	4.35483486186904	3.97949898488815	3.72459292285738	4.51592997786396	4.08644444667102	5.26003066085625	5.58686591470041	4.82638122312179	3.80441941730199	4.79501221179047	4.15572802564824	4.02739002795526	4.15696279383798	5.43910113594568	2.97195777495177	4.63891390935031	5.52299097043865	3.09384883925732	4.59035865900068	4.71029966776131	4.51913957750613	5.58419259114722	4.33500384601646	3.53586891953292	3.89684267789101	3.79437570140731	3.45269226364506	3.87664602713303	3.81373711223825	4.62532337801517	3.73981813543448	4.08145168078996	4.62942053088038	4.82354264637939	4.44466538906246	4.70530355362033	3.64001862109467	5.28509248777133	3.94611822037128	4.1402956125799	4.2550561258845	2.91031004480092	4.22345472274474	3.32625120275127	4.78939929033896	4.07477250088671	4.39893702637025	4.22926635919048	5.37117880546593	4.6701450240785	4.525115175008	4.41962057502804	5.27293740915857	3.85200985649696	3.54220240198585	4.56475119282691	4.14624742975931	4.29981459914984	3.52987377744968	4.13428798665029	2.71579443014364	4.46703922364076	4.51562251409304	3.61091696760957	3.32687446375176	4.85550913584132	4.79338557535319
TNFRSF10C	1.40439833085646	2.39876700724155	1.25030587383759	1.23389444385701	2.33901940887129	1.45945054976317	1.21637388734499	1.66915340033632	1.4826430887885	2.29443407989435	1.42201106343283	1.30854871203892	2.21132572007738	1.64184695293783	1.69253497641664	1.142401132266	1.3262692420867	1.66037553000913	1.22913431021517	1.3498198275991	3.75184624143672	1.64835582672153	1.78675606322282	1.17718471201223	1.31504594847031	1.19804197625938	1.1418488298328	1.45067742183315	1.29105003249482	1.40402046582229	1.69709370689567	1.22596535485488	1.41817896991318	1.53729607093421	1.44443760628763	1.62419804775069	2.61588499988636	1.18003119491593	1.45439323089523	1.32886778406945	1.57484956791438	1.36813765894594	1.14462731788053	1.77938198976958	2.39298206238538	1.84050553253813	2.30069449880873	1.2913139890384	1.4094748155503	1.57069075390876	1.14440430901372	1.76583477569327	2.32901292379955	1.99927211666031	1.44813856455829	2.01935687805965	1.66085222556952	2.50037600799739	1.59748816912948	1.44414627972457	1.81216990217788	1.75027124399957	1.67007925673062	1.71392402418331	1.30026183351528	1.23588916140978	1.19845541993019	1.51871452004328	2.60830794100967	3.40329530713877	1.35482540241306	1.64043235643618	1.52802751767174	1.96773303421794	1.6559478054462	1.39740114660339	1.35693996974165	2.15009956719031	2.96610715783465	1.53199484642575	1.30769016367138	2.74589216404681	1.46707783932835	1.79642717718277	2.45253854938038	1.23769526843297	1.52435709274709	1.81776893917629	2.2006402995275	1.22736366967595	2.19433668522671	2.91732756434146	1.3412851044371	1.27731646813101	1.23528434997437	1.42848286459132	2.38447404702318	1.49653044057582	1.3926520824462	1.54261124286325	2.45877946137193	2.68933922138313	1.45805873612687	1.78983205283891	1.29084565477503	1.25405969594474	1.20293555418273	3.0203691189694	1.23959612146586	1.16453710239073	1.43045990587869
TNFRSF11A	1.79434582754278	2.75631697017443	1.43446379186187	1.56967332296506	1.70299605207118	1.49999560710116	2.08814792067808	2.32160483174074	3.03551117418169	2.20056340454676	1.89914347272185	2.65872652269344	1.43255183182365	1.88856034751494	1.84508849549722	1.39795339269217	2.30685643211353	1.56254623487064	1.70396108949989	2.3671666530527	1.23673715750737	1.86159767844881	2.12543673603137	1.28043203076906	2.48837411053875	2.11350355081375	1.37327904094217	2.66418408307685	1.91695711046147	1.43063563992791	2.23312509777973	1.79637679528817	1.76943574905406	2.7544491717208	1.71156435578712	1.24356886425762	1.64445914405042	2.4128881372027	1.7659415870806	1.61820054920674	1.49524113788542	1.71069384007323	1.22966176141805	1.61497998705955	1.83260270632389	1.44712830960041	1.98767244846522	1.30414867911788	2.43810839781966	1.94038718299714	1.78942966556871	3.0966252146696	1.31796309392929	2.03628884390362	1.9785785082231	1.45637683342454	1.31634826961084	2.54721944158733	1.45768141821635	1.6832181818781	2.34987277274194	2.32209251972568	1.64136120212963	2.35540443442886	2.01922341715188	2.04957487726035	1.69409797759121	1.83783444964896	1.88208750980833	2.23851228293276	2.31122106963609	1.43637101320106	1.94379584900425	2.47906329193996	1.90667994455708	1.79745018662947	2.250936569032	1.52098096777272	2.71238388879333	1.85571808168833	1.2847442727919	2.70708001104561	1.49599692186365	2.0434631155405	1.31345258074613	2.03949531833739	1.54459523382306	1.77212218704862	1.56797567000522	2.04474661426366	1.98789455706148	2.06914811967109	2.72341036633339	1.28842666387357	1.64101776590958	2.8126231871833	1.52629134974168	1.41159940600435	1.8736307761915	1.9390447366836	1.63351145921613	1.4995230192221	1.51088339677505	2.39395145951571	1.21848799921173	1.70887305997743	2.27144883860604	1.61951680930936	1.79201825330398	1.4075811072115	1.62511934053541
TNFRSF12A	7.75270633289028	5.92689445770831	4.69840443129153	4.71279471545022	8.00218452152775	7.62439554501935	4.5162838224747	8.08073222457185	6.42460529240809	7.8880609557736	6.72649419233851	7.23657891278501	7.77248314722884	8.6441722969324	7.36037478251862	7.29721190377294	6.45027050689375	8.00024780032453	5.55085840480244	6.9980358599387	5.90590221137475	6.76913004795126	7.17443651661588	8.31494086665921	5.44227740420391	7.48197907381934	5.8479285420308	4.84103582022141	7.27844870014797	8.23339303798507	5.9371918558271	7.04990264795637	7.05897515134451	5.31065996668524	6.75086959354181	7.62884611571609	6.1439765999829	5.39744390771606	7.97701729241798	7.8666840519432	8.19825706828832	5.30323443621544	8.39549833682975	7.18944966408039	5.93478022961812	6.01363141042962	6.35774439311248	7.09379923745001	6.32047161355956	7.31839408916295	8.17558923810004	5.77564606098196	7.27327605483948	5.03516640745935	7.79822772352424	7.55973391249682	7.87264644454108	5.9052012779576	6.34158242127415	7.53747295328618	5.35172833603961	7.75626892621923	5.66297865453079	5.88788835075658	7.13149108616822	4.87565284637615	8.16695822096444	4.52658380453589	6.6840073570517	8.26948552608729	5.18602715586949	7.55855046076965	6.52962702180909	5.30495922992872	7.53824838252806	8.08423420211045	7.3859303873036	7.75034716188968	5.98426004280234	8.35217228355515	4.97006557980786	6.87464405215611	6.72675983316172	7.56752848683848	6.39583642472987	8.07409380642622	7.50591315943061	7.75520449791302	8.30975100729394	6.77134885768426	6.09050085638334	7.68236583604033	7.98917886518254	7.88752476355341	5.48480792535864	6.1540376262117	6.56442667129246	9.07552801369723	8.06329493513538	9.22690621353711	7.5010678182744	8.41103177198832	8.36407971214194	5.05560221900527	6.35997337028633	8.18054582762649	8.46111945850281	6.58651877222969	7.78639368210921	6.28149731894046	5.96576075639501
TNFRSF17	1.40578572311748	3.47242642345788	1.44086436445824	1.81206097726012	4.79822543028997	6.28599874277317	3.6679431770862	2.86581323226225	4.19909058920638	3.04781720220781	5.99019276647212	1.89900214031073	2.97564777156348	3.19370366993854	1.45386463032895	1.69552465982077	2.94849702080736	1.82423740483122	1.67969185633461	2.00504698839751	2.21432096912955	5.0262354916828	4.35953068437937	1.44486295748865	1.64430141489462	1.6297675420905	4.25102478440462	5.66045245151346	1.88891858486863	2.43676586445784	6.89942543764717	3.08732576090765	5.96023410833253	5.59941705599788	1.53187843044653	3.3995486773353	2.89279604383393	3.84285786238743	1.79594306373704	3.89398827826406	2.43141439391627	3.40300210381997	1.36773506282084	1.36773506282084	2.25325347279765	2.47466883873546	2.42146020688892	1.39954191271394	4.12141834919674	5.71561829562929	1.42272166041306	4.71733668343754	3.64938991297139	4.83990266699513	2.8933102085914	2.08067504091177	1.39837887723204	4.93194554065628	3.21750453955676	1.60067928034569	2.78098114830423	5.2896710408959	3.45823368306449	5.45188780863376	1.83276413454408	3.77034408067088	5.87101668058622	1.79504681008758	1.78245412499244	2.69419213730389	1.86779691782078	3.38444306304879	4.32855177657352	3.4350708347419	6.53939479487548	2.1600401314854	4.21096705551132	2.5788028064947	6.47656644412324	2.80600960346214	3.03722792656498	3.37926573235181	5.55852061251646	2.49536054935573	2.22430533019083	1.59412191653362	1.61376412755657	4.16417543925661	2.76252874569065	2.45698303857552	2.60578685834696	1.50085088194059	1.57243145750141	1.42345620612037	2.03909176880687	1.76686962464397	2.20704339202126	1.56090946320267	3.83689938040259	1.52345158240198	1.91034649476332	2.49647343036152	2.10879578205457	7.36052249798917	2.57709286321523	2.14436686635856	1.87734827692693	4.86647291888444	2.76877316427262	1.36773506282084	1.5617213193454
TNFRSF18	3.19655674334282	4.25833630668116	3.52854098835207	4.04230512500503	5.62642839115144	5.2739162785145	4.39858148903827	5.55080401204566	1.66516086585578	2.32447992999284	3.52803911498579	3.33839495149762	6.17935758873219	2.73267826196208	3.62601921835163	3.78479963812626	4.21378341500118	2.5796907200907	4.45450495201652	5.12930110944687	4.29416755696819	4.87700034476895	4.41353192283726	4.11126579217639	3.84536260301121	4.89725241989604	4.53731553817474	4.48924074887342	3.81907449746523	5.4609196093063	3.3817489957676	3.33227524653958	4.53579658793909	4.90228140976174	4.27929888261225	4.55153094195793	5.5427102838781	6.55513276464107	1.88878468827297	3.55676624144269	2.33029472357015	1.65995944146383	2.08731143353836	5.27309867888179	3.12700065224911	2.45143369227416	5.53609380458329	2.0776605446848	5.02804779056616	5.47060214118178	2.8242085046344	4.09726982009083	3.37561984603566	3.35548020192712	4.73765686776274	4.02373982094226	2.27978869164716	3.53571551169548	5.10300099240559	2.99992240635022	3.90244477722178	4.66484931696412	5.34836757715888	4.80202909505579	3.69365295749442	5.42020678968973	4.97571946909357	2.85356138260347	4.28974307112132	5.14234912344833	4.94457644929397	3.26142729688875	5.23163963705063	3.41145692126798	3.946595698928	4.34032174636675	3.33861557069734	5.78183161137592	5.28544565152437	4.2372989231616	5.33353896940405	3.57499092282295	3.08761523211793	3.22572380503743	6.27365889926238	4.45056794063774	4.5230138868391	5.63459546219882	3.28858348803666	3.82871952456358	5.81784671653938	4.66768484057414	4.56307709451844	2.63706119182865	3.67194479582866	5.77784934267892	3.71195239611543	1.99571350193237	5.03068827497966	3.71054048752192	4.05182884204222	4.26694054399482	3.8808807253727	4.91318117614141	6.25432883363657	3.26960230674228	2.33841084789296	5.1397350421867	1.5317910801045	4.55193008346472	3.22287405376787
TNFRSF1B	4.94060134863129	6.03922695293338	3.87312598890807	4.85678520459186	4.62259738181342	5.08923631851431	5.72366841093699	5.8966127813729	5.85599514726496	6.41063126819426	5.96417758371752	6.84555831759169	5.98288702185777	5.2197630651096	4.23549746493883	4.42982703970906	4.8390176655851	6.40380156643089	3.61925963307964	3.4924848447113	4.62505373681917	5.32965159877997	4.83183786401901	3.85817377636906	4.87612376879018	4.56368112154076	5.35537827042257	5.5649302517816	4.45474074086274	5.57788552985614	6.9699481119322	4.14490358207357	5.16297813938343	5.58059207589269	5.21419476110157	4.24653110439868	4.49552530983638	4.25858230937213	3.77940047827601	4.710614767206	4.87087505594344	4.65258897682596	2.73480182010343	3.76590467501764	4.05742601319925	4.43787166995599	5.10677131690795	4.9375540681594	4.89469684084158	5.70373029817667	3.72807278340994	6.65164917559063	4.93914663670996	5.09320649116811	5.45834630536627	4.33391985346809	4.05305919378952	5.64880684699285	4.83931687273136	4.85152431007639	5.0672482158359	6.365898411607	5.6822742382191	5.30687167807511	5.88880568275072	6.25718805278996	6.11980764341509	4.43219188970957	3.55865129053094	6.18060021290043	5.30341645791377	5.05788040407256	4.80899758773597	6.6081972447323	6.54168135478247	6.7145848017695	6.68618907059504	4.7099328355621	6.41928405453275	3.75084301267533	4.15340757137292	6.52699759826672	6.6006636595861	5.84524107796254	4.15669162604527	6.32766597815285	5.21598016823759	5.92432789686432	4.59234131243825	4.71541842066927	5.21617560950195	4.00197449847998	6.18404307125034	4.15237374538036	5.12751283165615	4.94214618970455	4.70800033288442	4.16877956776041	4.96800895498913	6.54776185941719	6.1797814003525	5.61651980534849	5.28948961259181	5.77442563962224	5.03734101479965	4.6440964552017	5.49109772172028	5.58861252899561	5.30816828967069	4.0721696616982	3.33339762505006
TNFRSF25	2.94036260889364	2.36316701974361	2.45826138527979	3.52668697040919	4.57740093157402	3.30820223436397	3.33500119270251	4.29090038897686	2.7676404195523	3.47060823990956	3.66245563095985	2.53022943353707	3.53434202113184	2.87794271843669	3.15156900335086	2.60978046136129	2.96916170500485	3.43053550424869	2.61028128495936	3.39246204290225	3.33683797892293	3.84132764597445	4.06155004682563	2.94989325450855	3.98094232219182	3.27138530577187	3.95056387674393	3.19192398373705	2.0496761958928	3.531801024321	4.03053767417475	3.62326410184059	2.90587298719259	3.40526240267603	3.61922704880328	3.62837384439473	3.45307589338979	4.13034389203532	3.54733665514975	3.60796963997425	4.22637943558323	2.69964353137039	3.91242149143295	4.06736369411221	4.09504423179793	3.07562629145288	4.1390076322361	3.04713591035051	2.94081778114525	3.30572883742858	2.4624639991976	3.52142801541625	2.80806112385367	2.19713023552493	4.12800041707293	4.06711423351102	2.65781708285639	3.83403088200229	5.25879426074541	3.18957110702439	2.33946991036979	3.55415535254193	3.01367950165619	2.34846856483521	3.29020458194891	2.97574236534273	4.72802173821733	2.64509606163037	2.53812357314685	4.14910915334971	3.01753650022813	2.85201229983104	3.34187743687758	3.9818551187409	3.66645267032772	2.54081293012689	4.01036024345653	4.06107342441412	4.13431217544709	3.41135948735361	3.83704524612436	2.2411339338138	3.93444807437434	3.58419782076759	4.47260954389971	4.05812838169847	5.08776359599357	4.56826606866269	2.20960758798543	2.84494131426831	2.58588188567416	4.48575439386092	2.93514153961547	2.32599170964552	3.48428809439892	3.66075338719056	3.30314027126462	3.46860065503685	3.36100003372053	2.92759555585973	2.29038652777803	3.69290160692765	3.89201537984612	3.85008333501962	4.99911438092017	4.26704866563755	4.64009769721732	3.29172202201309	2.25027949025249	2.85551167585801	3.65017456652124
TNFRSF4	1.7180905058207	2.14975339418566	1.68238871593564	2.20189106476313	3.01909890714672	2.64932388663086	2.64668146084204	2.75255346363238	1.70990929022614	2.00284387839206	2.5216799860266	2.20268581152903	3.23505343402774	2.51313323226818	1.56549729786405	1.74867827460135	1.7369572260205	2.42147912079758	1.21090200283372	1.42448176840143	2.42607505255623	2.42073844416982	2.69423982058536	1.55269702786476	1.95467809297373	1.51914395042362	3.35094929834191	2.59914525800695	1.45551268108462	2.2300805080926	2.52282688373186	1.5153609606799	1.63688173033899	2.52376489778284	2.53656757815478	1.52455584316262	3.43923721717059	2.49842168679562	1.59782724911357	1.76506217307772	1.86818025638802	1.48871377391972	0.880531743775252	1.42971265460113	1.56532874092526	1.44758209364327	3.06554090436517	1.78966472745745	1.55414835131766	1.79918656267305	1.02439571636406	2.97597592665002	1.56326409302341	1.47172861086873	2.17452164893777	2.07924584797946	1.5514619022269	2.25660331714945	1.58007782483533	1.82239341333052	1.87061010550074	2.74688895970301	2.667182183967	1.76995601062247	2.75786349647276	1.90820817729002	3.32828406085282	2.1334195340253	1.40029598577943	3.18117608293185	2.01197719449802	2.05546872703813	2.28394850239783	2.25402495199919	2.75815583440088	2.69123360197889	2.75207618662893	2.64484046577429	2.61476765338849	1.50475796096731	1.82307078579981	1.92929793247933	2.93611504588364	1.93857512579409	1.91089126410142	2.63998679947977	2.81157144514633	2.43652026336545	2.06702723694431	1.52292574616446	3.79511347435998	2.30293217252741	3.3718543699458	1.15403994562614	1.84282237762096	2.58240259354115	2.00483657549618	1.13536924844132	2.43163293441755	2.85765211407077	2.28111808144968	2.09171030683976	2.92085021332791	2.59836057465662	2.6550018702061	1.95439992677945	1.96489501944585	2.78538983013205	1.78665744844128	1.62313943568447	1.36134906832921
TNFRSF8	1.30346171166544	1.49409784193456	1.15261554256526	1.19747100381414	1.17043496900466	1.37068538438012	1.76979514629391	1.51900445804018	2.3419789127425	1.28672769112766	1.73735691650721	1.45541287081568	2.1116243620516	1.37855940482229	1.1321791694021	1.08557271065259	1.32248045374498	2.02452986856771	1.39541114848616	3.25913101399504	1.21008075254624	1.41468055886432	1.17652334933247	1.01344748448665	1.24316988618424	1.20773682411384	1.4127547026171	1.48227204506161	1.10118223485412	1.82077354231591	1.54540111754426	1.12935132711015	1.16057257919759	1.35543845285599	1.43133375752439	1.1678269212453	1.12841506826681	1.25124288372145	1.18876543998167	1.4345256776889	1.04980054175336	1.18643610746418	1.41797416278925	1.13542472793402	1.26967559647094	1.03741628282759	1.65732219240978	1.19454328350655	1.24667092160741	2.06490652383994	0.989908452267081	1.72141237630898	1.16887458539962	1.28818159641785	1.83133574773629	1.30289740670108	1.2935785471168	1.48947767598768	1.53224499628394	1.10435507976838	1.16441201427659	1.70685463885535	1.32441389776418	1.31592799536122	1.38934493503108	1.68609194992989	1.60826021879501	1.01570473597654	1.26706209506562	1.88788951498433	1.15524557590368	1.46847298260217	1.56272678357386	1.9431296346339	1.73841499194489	1.88662536348173	1.63570611553312	1.13867390417536	1.74441492121479	1.40701837583642	1.30668706548155	1.45823081989276	2.27621362933556	1.33921883507731	2.42791384094731	1.85271278071942	1.24513390481419	1.9187900233573	1.14024629598917	1.10244741099966	1.24829758062849	1.32398293405932	1.68736837123374	1.14771486133466	1.22001188229685	1.34842404495673	1.10214628726875	1.59043146818025	1.46931112143799	2.74835993795235	1.65435791733327	1.29906881384548	1.60422081506123	1.68365091966827	1.28226623120651	1.1340141583769	1.42155074985407	1.42530310121751	1.15299014471681	1.01251343207353	1.03032548347021
TNFRSF9	2.06139242463614	2.51705519500941	1.50996933114071	1.9736890546802	1.92482219217319	1.86265117483567	2.19415264030844	2.20137110893329	2.25806543245534	2.21121284162967	2.54881579231882	3.028602852859	1.9303078643619	2.12995498774391	1.61592437954409	1.83422698552052	2.11792585803002	2.64570750951743	1.62503769445194	1.46496418907374	1.75153142651749	2.29386356097252	1.92013754945875	1.56112776835491	2.7893520930576	1.73496998760828	1.94796904434698	2.35134681097703	2.51674611270483	2.59341190884808	3.49607448585322	1.68676012009152	1.96233322229879	2.23483920693717	2.21594452444544	1.75579320001127	1.78894297683556	1.74824888335328	1.83578950123739	1.84254707843555	1.949999426946	1.58551213390725	1.48586451684663	1.52497156286402	1.52974598012052	1.7097735715331	2.22134930197239	1.65501273078411	1.8789533083191	1.93962347242771	1.56994475457628	3.05590587253064	1.69753835105372	1.61477627939192	2.43490606462732	1.83749190280269	1.83382224922374	2.36019160295954	1.77013584258654	1.84810465244881	2.11445929816825	3.60930972593147	2.31733610748963	2.06370052613478	2.5752165006803	2.17142806576897	2.57769166189182	1.68009774227358	1.64972216726446	2.84138571317548	2.2071818723082	1.93034143687145	2.36259544404698	3.31398151684135	2.86270314610047	3.36631913642376	3.75833240067262	1.80726479432267	2.72546981540856	1.6417472313068	1.65748300072432	2.12929074371071	3.16816408332374	2.21614696376498	1.56044026429115	2.24876698735717	1.87292257294892	2.93844517793397	1.90303455133357	1.87999998556589	2.18741978367027	1.72971168252319	2.94935740827764	1.67579160608888	2.36502933829933	2.05778890327404	1.79084862090662	1.85957789455303	2.05232940301032	2.55488927910338	2.9221107895862	1.97735859054715	1.99053282064467	2.27291722701877	1.65603785963885	1.89159028467436	3.08565005790881	2.25798501569379	2.05181999179261	1.58097527968651	1.51051266287617
TUBB3	5.37411834990793	6.42200520582519	6.10520107511816	5.76881122845073	6.3790709370669	6.152606873182	5.24609367332156	5.9255379895857	5.21442533368195	6.508072167256	5.27115984749397	4.92133595554426	6.40796111182996	5.94445631549751	6.77327602216734	5.95242023567334	5.43548296959628	5.93488099670615	5.85401083908017	5.58780200038237	7.18123356915263	6.55056400284936	5.97523784360128	5.67963446191411	5.44758407842302	5.48848249596261	5.33139843936296	5.59326486551071	6.90726424302781	6.34067253795684	5.14804858221583	5.47734448613446	5.4763597178208	5.20909109983102	5.51910400394024	5.30655465062057	7.24464940115178	5.43324619724427	6.20755056879462	5.51855471221839	5.79599121018227	6.09020174713345	5.72809265896029	5.08989296219924	5.92141935815473	6.13905804793972	5.18412603316786	5.88502447132135	5.47035587885488	6.88606350716128	6.11991909501716	5.23756922561131	5.58150696139002	5.63495739445011	5.81064929555674	5.22678539129845	6.26178752420477	5.65630114988236	5.91369348054885	6.00509667389578	5.35604244578886	5.0643653139271	5.53740427120632	5.29805346008586	5.84302391885878	4.9943644927748	6.09439970932393	4.88242975411277	5.342950927799	6.32974724403414	5.65772004537035	5.54496330295446	5.1531323063587	6.28016305284705	5.79703453170441	6.95850617296778	5.10603260655081	5.91790425106662	6.3691129440369	6.05720694161524	6.11024513750736	5.71096448050328	5.54813533913166	5.9046361007414	5.02163905260898	5.58592638919643	6.07623876944113	6.49346765765342	6.76967414188867	5.15853069440852	6.17148530287657	6.05295051691368	5.92437986156072	6.28474916530617	5.68483627798425	6.43606306646165	6.80024527948759	7.2586586258182	6.28452612184357	6.3811078785737	6.22098222986839	5.69065008582728	5.74652606001209	5.02921192460681	4.90553619532362	5.1635849431645	7.11668598177924	5.57671345839469	6.05564192143844	5.04311653307113	5.62916283227229
ITGB2	4.49179305888309	5.35387502388812	3.67505935829118	4.73771193329211	3.8357081806614	4.01199156179793	5.28105084343545	5.78511652152244	7.38270813306036	6.40089082309059	5.99917654064159	6.28668372021212	4.72180773372072	5.06111311117293	3.22891719262896	4.14116321701967	4.16718940160986	5.9036628067766	3.24881786755201	4.25994993493677	4.26413944244967	4.93421394705586	4.19719513530846	3.64443876803164	4.76268853694956	4.19639992498258	4.30951980420796	4.50173704769913	4.71471120952736	4.97884081088828	6.28944896378291	3.36300370931035	5.70433652360024	5.86152148926034	4.86455811539026	4.02350508059072	3.52658924880938	3.67462980021756	3.1945771073462	4.46462588184651	3.61319308130337	3.82887422127139	2.39633731667006	2.84112224678807	3.5983297658617	3.29198856778549	5.22939172817691	4.70701227555387	4.64523668827386	4.98787930120237	3.11339628944363	6.43501125438601	4.1569835653072	4.06277992992618	4.68337293473603	3.77348144586569	3.59736535533946	4.98394840243824	3.72464519816084	3.88348939561072	4.26640808830874	5.93217660460738	5.13209591099113	4.83137874013365	6.38733565861617	5.7993577930456	6.14033653057086	4.46950622468728	3.95554534597869	5.86310377806462	4.27104104853096	4.11437520522494	4.96454304793003	6.38934318662945	5.4782176452581	6.52953535681339	5.30301209508828	5.10814468626063	5.51979746390221	2.86541905673314	3.48134596108188	5.70594920739513	6.30377474644756	5.07092307657765	3.41226014960526	5.5790395405506	5.23384307299747	5.16549139372324	4.59978718232994	4.68053444306281	4.7464777847362	4.69824292939721	6.68488575303109	3.49672463863434	5.05009330994138	4.27549367652872	4.58409216461284	3.26698457515482	4.09967853802996	6.14343941295715	4.90121099573337	4.74186783293121	4.51383202328067	6.49513748679825	3.96040333999814	3.54843821612858	4.58628038998572	5.38130323615021	4.642778667934	3.64892177491043	2.74971465862567
TYROBP	6.72005429303706	7.0624912506612	5.74684839029886	6.57911483102476	6.46032548509047	6.25478157123957	7.6002521053446	6.20102655544557	8.41078721846869	7.75662963614933	8.15593445403574	8.23645985750041	7.6247797352507	6.78542214927665	5.30681113506768	6.48813042508368	6.34741047878125	8.18371718959349	5.32644943013504	5.02901255662833	6.80175433585089	6.68635155264672	6.07515306693303	5.76630634418505	7.05871976015913	5.97220415993417	7.08606707191006	6.2352126183633	6.86067414039859	7.58370770401877	8.17200207632146	5.36987428222071	7.20991187087985	7.68624240854175	7.15145831374883	6.33500357031861	5.5009422941268	5.13505430520306	5.22017535562034	6.34836417487409	5.98978281888514	5.66694418595791	3.910929420035	5.83998939619178	5.9479764185443	5.21617771651199	7.3699108502843	6.95672311433056	6.10300231591143	7.16739848567598	4.85592349240723	7.79579794575976	5.79384702922102	6.10216389635003	7.06320845490598	5.84961975282577	5.55394333153027	6.85416497598888	6.0311196072051	6.14174846265573	6.2124402651623	7.95746726003392	6.96020812051762	6.53973812956301	8.09600039981145	8.00919104857024	8.01572046437856	6.59104916887034	6.40624664725404	8.52132763152311	6.82653091385735	6.04425254776204	7.42033255685708	7.7163157844572	6.60259378522157	8.65273430464786	7.614953187455	7.79808089844221	7.17453061747924	5.06298042652764	5.03743643298643	7.89543929446723	7.58824370772634	7.1249671587209	6.52170214123703	8.43420394626537	7.85215777232904	7.55178946331096	6.34533729168835	6.69392593004164	6.76966362923086	5.52461935607404	8.34088416445257	5.42216630845233	7.05562871261748	6.5640604935458	6.45218064889989	4.64680185795156	6.43032899879666	8.18844001111416	7.0548339841962	6.9808993887362	7.4247291405533	7.98024706275122	6.89723693163148	6.5401343747143	6.34689134882556	5.84647783798044	6.98640711013457	5.71266018741808	4.70159662195889
LCK	2.77626968428162	4.61315683818344	2.43267288435743	2.7997706428744	4.84169945089696	3.24347615764365	4.31397325028433	5.03055907698201	3.04757976251809	3.74930086107939	4.37278283932642	4.92448633786343	4.12614971911283	3.59948146149501	3.08231546648869	2.07420164890472	3.01964574160232	4.19117610894595	1.69989084554667	4.84091555296703	3.07160771463388	4.64308723572177	3.78314244942699	2.37473828172389	3.80817339652973	2.25253944203604	4.63158013672229	4.2098749385703	2.07216432943694	3.61509653263657	5.1649973309008	2.20065529678152	3.23517976192958	3.76852991466874	2.68780017460451	3.47588143788119	2.97502864901958	3.79833158283603	2.56066373907683	2.61300042381079	3.32679311223306	3.28484807483936	1.6374360020121	1.90168900993747	2.60355637765644	2.91623636023802	4.47178913666017	2.15840616734079	3.02398626679018	4.15611968435421	1.6368706295254	5.01161943672911	3.30916751225738	3.26231549447447	3.7189019646928	6.45369897845657	2.75995638078365	4.22967476060079	2.99081875571284	3.01218599380452	4.27197808300555	4.89028370710431	4.1933539238787	2.74023696164986	3.82586294307968	5.03119487158977	4.64635542950146	2.0634307999913	1.71171432821276	5.07389081400072	3.52219086635208	3.58435677670917	3.51166694562986	5.40191186443074	6.51990289696059	4.81103080156542	4.59644368061203	3.00415949617146	4.38314089249711	2.34175367672202	2.70274947839571	4.44066446040467	6.50494384929028	3.97470128913823	3.08758047271125	4.30461571486042	3.39921613054256	4.1786052143427	2.7828447188412	2.34265459448148	4.03152773347179	3.1930730290532	3.60170231671921	1.70836150324765	3.06987141978788	6.96892937843498	2.70041135792464	2.72181952511839	3.66499077366434	3.3223928873139	3.93501747038881	2.89301067194847	3.41254005695279	4.48457170934203	2.74256968406463	2.94106650524941	3.8935723459141	3.99553287249288	3.54021781916536	2.21762180605279	1.91727140135112
FCGR3B	3.15075305651168	7.29122045187535	3.02112795994115	3.1783782239693	4.13283049883561	3.81564285733776	2.95887725390051	3.85987479656691	3.65541806677059	6.0588152900724	4.86751757292351	4.68674360396094	4.15929861400137	3.48556598075221	4.40892065450449	2.93142392787284	3.44843140270348	3.78853121389257	2.93107840396743	3.49171939894822	3.08012854733795	3.62795739610619	3.11023019824845	2.90454402228413	3.15698410858942	2.98137654846868	3.13870643781315	4.14205861271187	3.35535926095083	2.93501359899284	3.75709603793231	3.14001206454008	3.14785538932295	4.44876510298793	3.92806202786896	3.00234120859761	4.20988011477749	2.98411840140763	3.72775733648044	4.28438389131869	3.64506252471445	3.28536593110075	3.61456684118223	5.00418687831389	3.53132927573066	3.18316244823261	3.15543649103895	3.89972779396484	2.89667905171287	3.3514525656841	2.88091678009202	4.12923535324301	3.75372693051205	5.3983028935481	3.33497752453092	3.12345656783495	2.97680866518088	5.60021926551202	4.541793047869	3.01640281029342	4.76033974448717	3.52964978171284	4.89041419050303	3.55577525633224	3.42335244738934	3.03818291593597	3.02713820328219	3.34908442770194	2.92765749353624	2.89372313163467	3.17479241442866	2.89452149920777	2.9793601988777	2.98939569291429	3.04837077778119	3.34097891027837	3.07795818180154	2.91957067834377	7.04747400965359	3.08891155402716	3.21306030976057	5.6963822200466	3.10702795516108	4.21118254942758	4.03286442745062	3.2796336335632	3.1418336567581	3.28341902529446	3.65888896928947	4.23831789080818	3.4618281098973	3.19490926590103	2.98194678291867	2.93583873879041	3.18271517623596	4.50400423741091	3.64097362414219	3.92289608481708	3.09550337547843	3.55343417065705	5.55610277026632	6.60364225010627	3.3438589350918	3.41199272469346	3.09857295730703	3.06881767521614	3.2032654567531	4.2507655308408	3.56378629958291	2.9498117357403	3.05210946865215
CD247	3.13273020756679	3.18076059717936	3.32947353083606	2.3144672813308	3.83816363707292	2.46622181515383	3.28546667550194	2.72996512430298	2.24008422545277	2.35855258541837	4.03236651455107	4.32548140162772	3.19520117367879	2.33335037786535	1.44058477208779	1.61464767383537	1.9411870550955	3.37030483722385	1.42397036918744	1.51167736134719	3.17007222757857	3.48033262521226	2.61214510423424	1.51644544857845	2.44965037544427	1.85438950615717	3.80631902420211	3.23712685482385	1.50035887178731	2.31960102473384	3.89921358913916	1.70833243399141	2.67811699011606	3.28191694814085	2.1266414676891	1.89370790376918	2.08694805337361	2.77835869460384	1.63154240761127	1.86870471476462	2.53759710443831	2.26192787705868	1.15867262453611	1.30828185485566	1.72240969875256	1.93914107987204	3.19171381196041	1.67429824388552	2.30755111670396	2.88211457976193	1.47992675900103	4.02103423407871	2.4547487629623	2.17837976568902	2.80145711329908	2.13266147817031	4.25813147045299	3.35144744003189	2.43286932453338	2.16611541188589	2.17846930160021	4.30357974676146	3.23537647189469	2.06130368469926	2.75529837703968	3.95283389567581	3.94381505952243	1.61370192005418	1.45839964585216	4.21007464494757	3.22804708312194	1.93695932993137	3.26406301777438	2.90203838013167	5.26867736036409	3.87668868882324	3.81228147338515	2.53709545953658	3.21359594658494	1.75170392356994	2.69697717665007	3.30637406637379	5.11581508854393	3.04805566835839	1.96094216541149	3.52642169401244	2.48532193089465	3.2347316867283	1.72936124297826	1.93404767423734	2.27220368682682	2.35250315405267	3.25705295876166	1.29920528825184	2.24238173621783	2.02655151738474	2.30630401876772	1.47817305085445	2.93236107189987	2.15751754954452	2.3494038829737	2.09632624850946	2.78307578196778	3.31912639380642	2.30337588812061	2.48307520798853	2.1623366103733	2.90010541040473	2.81544318195417	1.52856415734696	1.2437500352161
ZAP70	2.00819554602652	2.72631372382809	1.56229896543455	2.2122909731923	4.10009305644937	2.25577788629094	2.88516939002868	3.10200024597453	1.89557434979646	2.30551573660512	3.495246796553	2.79339720155627	2.99919708584385	2.08431861120321	2.23188445402597	1.56726017974215	2.08720901472799	2.68745573364821	1.54241867458037	4.97781226218802	3.50398452720638	3.33486407321494	2.35389308110439	1.63665241855051	2.3026320246231	1.90979112851348	3.37388792368351	2.74222879546294	1.63132429929694	1.89864882650512	3.61155908297113	1.92556472412594	2.04474085814148	2.73731789491002	2.0101609754597	1.92405976600472	3.3085662547633	2.38065934890842	1.83020095070465	1.87884549850229	2.29701141278481	2.03368541526336	1.51747473555547	1.56541448986417	3.02957950596938	3.59521944138255	3.52867414720768	1.57966383520553	2.12142961660691	2.67630073243369	1.47706217193226	3.71479516575231	2.34725204966255	2.11359719741793	2.7744130868273	4.39237742436834	2.29767859102472	3.87236860706348	2.24239681328009	1.94687138241777	2.01311379688716	3.35403430570818	3.59322570344118	1.96849469320495	2.64446788276874	3.08892181561883	3.41228925221828	1.70841851533713	1.53676379258137	3.65013502324288	2.22186769547498	2.03649398058289	2.55276548465148	2.5113804624988	4.52795403879237	2.73902866745991	3.34332528304679	2.20177816659374	2.81077792251843	1.90016818890081	2.35252683247642	2.41509988966847	4.38016800751924	2.72532038467094	2.06146819975711	2.76452781496704	2.67161851496433	3.0884917819751	2.06568285614511	1.79646308261482	2.13394736603366	3.73945035615394	2.24235847884555	1.50750560537475	2.04567973816967	2.34383219845182	2.66707432183158	1.64920238584945	2.65942517753643	2.09127771376436	1.95278855798269	2.09709256373832	2.53019788699579	3.18275029553909	2.07944030731711	2.39771836282788	1.89418768084448	2.1291783449332	2.10766474352833	1.6350845655061	1.89328599341928
LCP2	3.09205368431737	4.02216181593343	2.34386859742688	2.88263640424983	2.85998381794337	2.58036494613203	3.64640785764714	3.30239539476298	4.26382604269672	5.19057396201553	3.82115554691374	4.35665012351793	3.57014843835594	3.39068225032195	2.79968607550494	2.51460640553482	3.02179592944215	3.79828682645515	2.0670407881181	2.15092865736315	2.74649906951144	3.58696326906753	3.19549807563726	2.17446865437499	3.38328577131449	2.63136583012859	2.59737689144586	3.15858788884622	2.95187626467217	3.07575361572002	4.16464785189028	2.21473475304711	3.4112651241803	3.48884228986235	3.34680311861205	2.45424430089641	2.52619962195501	2.4872133150038	2.35797249769208	2.38547517325676	3.3375335741461	2.58857832383371	1.73030307505022	1.94363806450658	2.42878926442605	2.26725668044588	3.46151084171511	2.40206237832666	2.93619761543613	3.35010233771543	1.98533003301957	4.29664526915177	2.85252741132536	2.81833992497901	3.54358159978465	2.5524045793467	2.31612314531643	3.57428494999199	2.69945274823662	2.78021865458809	3.32989600500121	4.34835939617633	3.4530300981632	3.25968849566749	3.88031389663799	4.02788789475778	3.65692601412275	2.13682290139829	2.57354898338995	3.91672896934392	3.04998252984443	2.81820349572114	3.25422154765716	3.71532968277466	4.14672147600935	4.1097848436858	3.96796407260619	2.63614864658158	4.06941160966245	2.3142950316377	2.23015946504591	4.12686459303664	4.44582434881386	3.67825924538213	2.34565935063898	3.43004379352663	3.1830354165916	3.64282933965306	2.97786562626173	3.55604704280497	2.88150966526576	2.38110224174313	4.2096969966538	2.11280417893321	3.01353918326249	3.51766496984484	2.89154632395479	2.30401840756033	2.99110425999366	3.80319282075369	4.16097903313853	3.66829758031782	2.57744517091459	3.61410390972705	2.06750170389749	2.69524685766488	2.89132347345485	2.92074389784481	3.46550216861072	2.08487942202593	2.05356006212654
PLCG1	4.82159815644459	4.477574772439	4.98105968635608	5.02529484393545	4.74102729149936	4.56637453076893	5.4609470028235	4.88596488510671	4.79978749216697	4.5395767236495	5.13040239251123	4.78369098440193	4.44783540488583	4.75805450628346	4.53862537437038	4.21689607141887	4.41652986464654	5.21693781919092	4.21463460459173	4.7639057718404	4.50505146541356	4.75590123104133	4.9738904882834	4.96218210109693	4.69919970505298	5.06203354182872	4.25315545793391	4.83085625378437	4.6252991686763	4.53889763251735	5.07838584059664	4.49387200256655	3.80696368716545	4.74169566166301	5.25377575605001	4.61434188378505	4.11822665680737	4.55137689361128	4.61059192599905	4.9129731902073	4.86319673001768	4.60818605232282	5.25316716526148	4.10353511647136	4.81665115097323	4.64237140940897	4.60093622236609	5.04230211118819	4.52165111446272	4.71920733791361	3.87136539267131	4.89154622953604	5.10318254846964	4.51364492745512	5.27740069752253	4.79886903878643	4.35442993460132	5.07068921687218	4.98079262371551	4.31026385752798	4.40538138587624	4.70696273793108	4.78754569995371	5.05089499546551	4.5459438259042	4.66911697049198	5.18410862680704	3.80839573142855	3.99894286944501	4.42397648827658	3.88817303734563	5.07384152610054	4.88692355944721	4.73689113257291	4.58004826492256	4.68287850982122	4.88509005219236	4.09411930239737	4.89141974541129	4.64274596450153	4.45755896178108	4.62584617053686	5.14868110986605	4.50447002337077	4.57289605995863	3.9709471709873	4.72045947052737	5.38781605163868	4.10924282621704	4.63402726779954	4.42769174629188	4.83611631998021	4.66075094908701	4.25452227499845	4.48502351503081	4.97418090306151	4.30547100359152	5.45328657684572	5.01074881538963	5.15128422380301	4.61050579614052	4.56195479023109	4.31762462046629	4.75476402820525	4.22954874090215	4.61958006933571	4.67420821581268	4.32152229285865	5.12047824396903	4.12878544605531	4.5135376365209
FYN	4.67799024855869	5.42017280237175	5.86654794323876	5.21137673817892	4.19808174456847	4.31447203968911	4.76073779514483	4.55428260667733	4.93268176610932	5.42483958097469	5.80704890576171	5.39883369665539	4.66394749229501	4.60570833972434	4.15426086571406	4.04031603065198	5.51107664255819	5.67408380593183	4.30435479980083	3.35613334967086	5.96588249916412	4.82192685461315	3.94494852638385	4.48314047631255	5.93527187294624	3.74240062568391	4.12727116473038	5.91940599767213	4.41244008294369	4.98425298895905	4.78129711457479	3.75904787424602	4.52445196050578	4.97226827918898	5.19408485204359	4.78063572633832	3.63940907351198	3.84880761308918	3.58402603269531	4.51394283889783	3.95194706190632	4.39906835893612	3.46682268521443	2.93389512050817	3.49990015062383	3.77358160744246	5.0599292031664	4.42672091603153	4.43074567238097	5.49531461811539	4.79372365649972	5.47160351221937	4.65086260996416	4.57654000891869	5.11375047082936	4.13554075467608	4.40715785273003	4.64294946378927	4.12664829345719	3.94205174836218	4.73540689982267	5.56330765193353	4.63451049169272	4.44394746539062	5.37226617698019	5.10801939988731	5.32026389455543	2.68784269724858	3.25077308854034	5.80734225772853	4.55043897367405	5.39114000285159	5.57898546006291	5.22812249856917	5.91217435207307	5.59724232735236	5.19688701267125	3.12190763565192	5.4090411785761	3.79926321550319	3.50285280809479	5.30440696834225	5.99748975916958	4.40555908315208	3.35994526793562	4.24195769408576	4.73264656502058	5.51168613042129	3.88292682643672	5.39962940170431	3.85013783082368	3.85376136851799	5.74541805276403	4.13514196622818	4.46214803467241	4.94739587486132	3.64849927436198	5.23329326695203	4.99158126828454	4.91362671130392	5.53883938417864	4.62829481501867	4.38544314704482	5.29433608229835	3.62781352060381	4.55638776452392	5.00898330102223	4.32675900671534	4.55770360033197	3.2984024922879	3.2054488573738
HCST	4.0963163347773	4.50806550904461	3.44136891537125	3.40366257039486	4.03171821675136	4.17382598634271	4.73898837770573	4.09543466618447	4.6662829383629	4.86264815040391	5.49660368691037	5.52586418945743	5.09016891681097	4.01177894082808	2.99094527456353	3.59243871102819	3.70560192744156	4.91715632553616	3.3185004481162	3.50499239163448	3.99662011834915	4.89586904707905	3.67117372279292	2.67894253484305	3.55687811652719	3.19183525084653	5.68425445303697	4.30508032400804	3.29163160071478	4.87694762789435	5.90854623754493	3.26337677343802	4.80905257336547	5.04526297716792	3.8708095389445	3.7718114455998	3.69050234846909	3.90282613180209	3.37261974376634	3.54172788696897	3.86549925617616	3.6963112101597	2.65694892154659	3.4764890121081	3.16144870986059	3.21590059545143	4.58597954930823	4.4677445307264	3.79075575646382	4.77507157996267	2.92079034795175	5.42084478475631	3.58103641816105	3.69875717304518	4.47011769549386	3.97810209096506	3.19764405909458	4.56413853271913	4.16156385286499	4.18991661560686	2.85510365670812	5.02596215623254	4.47143393797558	3.85215294614173	5.12911972894898	5.39169292504934	5.52032805877161	5.15188199189146	3.48567469850391	6.22009935080171	4.31554036000036	3.34730867123652	4.66564008312328	4.60920995246002	5.55279468230576	5.83893512169135	4.8733913218693	4.75456688556703	4.67291401693088	3.24243441039787	3.30380806644535	5.10233766195968	5.58407824750801	4.32263735258319	4.33778682682866	5.23376734002426	4.59008640161217	4.5111627846933	3.64135239524875	3.82397038919886	3.94731919044993	3.51727734110091	4.98551808593156	3.09219261941895	4.22154333959578	3.87754038284315	4.20816466273229	3.0042388926252	4.20635889789265	4.81902939185312	3.77213550589688	3.93320016129407	5.29402743146461	5.25674976891196	5.12582860774504	3.74827374016136	3.87200351397882	3.80148294355557	4.57128430252786	3.50027790127182	2.73590830961615
PRKCA	2.40348925620648	2.71388964311507	2.55594624330424	2.4153309650448	2.75931323112335	2.17438900025832	2.3571276537829	1.83348143760999	2.76420017562412	3.35922436903147	2.40823988133505	2.65812209527076	2.36361472272582	2.77108698844747	3.10781828417973	3.25381983340992	3.69054190165564	2.78958581400974	2.53296006076338	1.3577907351572	1.93428638128851	2.49811130005229	1.93251159149236	2.6819171236219	2.5247967790986	3.27720247006008	1.64672580414814	2.56999627804933	2.17699873582748	3.13620669461093	2.0181665351605	2.13342804424707	2.65518532165704	2.16317519443086	2.54286113019016	2.39605456914216	1.50689354521737	1.66955985394205	2.24041288423211	2.47262504679325	2.43755715016056	2.37658741331199	2.01884416445487	1.7039832955124	2.07979951760976	1.9074413075016	2.20292629643548	3.05835982646426	2.57192605476126	2.58153605747181	2.50993369625188	2.41437070062864	2.50237247755765	1.69812615073058	3.24161506524973	2.45805282994932	2.58561106892935	2.09258911492744	2.40085801382318	1.72532426702226	2.90568406162945	2.69148127746315	2.61597866747434	2.29462416762832	3.11292072654741	2.31852876154799	2.74264901151079	1.64216305597025	3.00898743374546	1.62382237607916	2.28570606837958	2.75218153044465	2.13621136530674	3.35935993657498	2.67813638627201	2.26231134248534	2.04389239475594	1.94807672392274	2.72269651509582	2.16139341702952	1.81138994138723	2.6206912948815	2.39634327801619	2.420787620692	1.71591061227536	2.49046113202187	2.64074436035786	3.31002281245013	2.37475668840924	2.55495607187819	2.10238239682479	2.2719753328149	3.03755154847154	2.84173445232772	1.91142256515697	2.66815245583319	2.98908191676296	2.75543070616607	2.69659250594966	3.68918744403182	2.6959605705067	2.57250228645684	2.35228073501979	2.20857167411663	1.86207627302835	3.07202904755998	2.0236499832219	1.87797973781566	2.77778275987746	4.08903883629517	1.6689079508791
SH2D1B	1.38513978480149	1.48379694777522	1.09948844307079	1.10655099209619	1.45508482666431	1.16539553408223	1.10142493212903	1.14532366468346	1.02490398686022	1.13413768316806	1.24413541215878	1.05470461037483	1.22535045267997	0.99822083128524	1.00816608420186	0.999855245837723	1.11741459088356	1.35548507354582	1.05381069467294	1.02722705183076	1.05264359749115	1.68689720252543	1.33905268487228	1.07794016861473	1.11949449648645	1.11265301044752	1.07625556157295	1.00579870008915	1.0275899949479	1.00435677888679	1.05991851958086	1.46848761958741	1.98615357838076	1.31542473423263	1.04095831872849	1.01503700698053	1.24356136566286	1.40136477671673	1.10895864850131	1.07407088989265	1.14662695870369	1.018388631519	0.991598732938835	1.01417877368609	1.0531858840362	1.42420290110544	1.21768686560667	1.0256457357586	1.10636579458575	1.07637803216794	1.44857673635953	1.29150539832218	1.11340670179862	1.04319191237468	1.13990135916193	1.06525294813575	1.05830121597303	1.11558415873144	1.14216879531324	1.42058778117101	1.73116635163227	1.13381056549363	1.72444500430131	1.07546907224102	1.06675125280379	1.17349543914141	1.09535608762951	0.982795969744678	1.01641148059127	1.24690447704626	1.26433717050229	1.00135120398799	1.25704979844928	1.05828512891974	1.42864279908057	0.999495905021073	1.2185669613447	1.17090314505268	1.74935891022512	1.62642395355705	1.24695126104774	1.67237473550312	1.12772253347942	1.699252040078	0.982795969744678	1.7282314284727	1.01137325885219	1.12117319074924	1.22635374324512	1.13402270168543	1.11268738662276	1.16687643503893	1.01874322366224	1.09751959751487	1.52561496773997	1.01080656134505	2.75681773091155	1.0129521476083	1.04536799040993	1.04983161041502	1.07452487441559	1.27101656899929	1.02016535224624	1.15995376345171	0.997917009691436	1.05481491397721	1.14804204891367	1.13466220479672	1.02322561761836	1.13867725046963	3.08902619197294
SH2D1A	1.48976828268293	2.50379114878048	1.37842500303941	1.67666864808948	1.77281907039594	1.74557853791296	2.47277479930569	2.09059383882029	1.96984291229111	1.96301397720441	2.96591076547519	3.17933627375896	2.27986175949717	1.74153023835158	1.33273688629927	1.54968129024356	1.72138875032275	2.11941531368734	1.30864657919281	1.32194071395022	1.74088808310891	2.42653830294636	1.82006783882724	1.35925500426668	1.86729881051649	1.47384051047957	2.31424568747738	2.41427396829065	1.44092455043	1.95040734441445	2.6665650591045	1.52588507344862	1.91639958180327	2.11261460150049	1.76666985428949	1.53621939146201	1.64426962732061	1.74381606125367	1.43617645624148	1.5706446686587	1.51171623686785	1.78305092842259	1.32518383635052	1.30700028237957	1.33549823986302	1.75875097302411	2.09938632387756	1.50455009402496	1.65024659361345	2.48615928308138	1.33146503614512	2.96405407667605	1.72041067961497	1.90387243990495	1.96757414891255	1.71542117765503	1.48297133654525	2.40673516168543	1.85458863975039	1.51921719534835	1.66804858263482	2.92168098341962	2.68393625253251	1.77062928971011	2.27471059838515	3.04190640629871	2.65224546279779	1.37168169656102	1.39427745035021	3.13896227281118	1.92604545237268	1.55530989958077	2.34331099516746	2.41152854643042	3.53695572408142	2.69969598807417	2.7021424157057	1.39121784164823	2.60992902237907	1.47108405392189	1.59563665523073	2.36613467759094	3.71555892305341	2.02815473812426	1.30788515968116	2.36157438931856	1.91281161138936	2.55255805029443	1.48703898875268	1.63874973272111	1.65014870508162	1.47943714396333	2.12431325228175	1.5875480122146	2.04585125730995	1.55122675725591	1.87894920096502	1.31362429833237	2.019583119624	1.68831749817084	1.91905421079774	1.63466924862766	1.73602463735503	2.51079349617384	1.42815136846619	1.99500574212264	1.51931618268873	1.86458914226734	1.80064294629293	1.40712733487609	1.32833405446471
GZMB	5.02159754709202	5.73736517007232	2.85538309046867	4.12159292466094	5.05987095919591	5.03209933688082	5.08172113091864	4.46645513212911	4.10248374300975	4.40946025815561	5.90196201647282	7.01857822837728	7.26393253777543	3.63544342760586	3.09101647640351	3.26571952636251	5.98760771775543	5.3321023250246	3.67276683723832	2.55362137092536	4.4546865093508	6.67643419402353	7.28608772964763	3.05554858529951	3.13333087727106	3.20330605281519	6.6111451465953	4.82821917938274	3.31485175332393	6.68433684147001	8.17904930203822	2.69255221885651	5.63618586483719	5.7515139221013	5.04684992325397	4.52421442643872	5.49306044707101	6.18627498148744	3.71085789002451	3.84980895571379	6.96903169048991	2.80366749361702	1.99473689344168	3.89605091763055	2.88030406682894	4.34955156429168	6.06565684409866	3.33206745305771	5.1649799700492	5.18189619965935	2.9647846691974	7.12117613326013	3.63722736035145	3.58133154963654	5.07165161747923	4.44636055075405	4.44589324141977	5.22995514668141	5.42705648028635	4.83790094276932	4.27811541504115	6.50764157430518	5.23788195193098	4.65094484755444	3.5731198061097	5.54908414765806	5.3949712999594	4.34503763344738	3.16399986668182	8.22634731753865	6.0099233863511	2.87311645983379	5.43092025176634	5.62197007256346	4.65638095612243	6.99674752858179	6.30471510401289	4.24352883431137	5.61297981035306	3.80268009789124	4.6580634911757	5.75828484299676	6.23592578239739	5.62840921291752	5.06863819878533	5.94617525265399	4.39682537582516	5.73721902473802	4.47365339059304	4.48198332956061	4.81791295908114	5.0851944070852	3.3891129893023	3.01065494771027	4.49379625710446	4.41812552539615	5.47254472718227	2.84024809865718	5.15020523584844	3.17287404262207	5.55037534620728	4.9908500518638	5.55697373525846	7.10374613552998	5.79162830300552	5.17461463940372	6.85149523342795	5.66381064243257	6.96206638650645	3.26507379895773	2.62667987113096
PRF1	4.03552903559349	4.32725580826891	2.70720388973714	3.12634142031283	3.81131391243691	3.10428378180187	3.62328324716856	5.13515529048261	3.02694463092938	3.94935489949421	4.46563501117485	5.42465513279456	4.49485005233212	2.64907376629631	2.66674958186529	2.81613809848484	4.25189792519552	4.87708156890045	2.63790335998811	2.01514168335405	5.81879100768905	5.24130462034982	4.63989851686413	2.64602886270525	2.58290892768091	2.71916335175077	4.25238845833778	3.79953201152833	2.50679943958572	4.4887059391839	5.38248150713578	2.18920784054955	4.05889120543562	4.53017281735112	3.20666647956656	2.84058192193964	3.68332333746549	4.34728978287146	2.19226759859535	2.36295481666117	4.83998692190566	2.70560011372722	1.62051701850048	2.31129756780476	2.04055263841176	3.03573455109979	4.09076282918661	2.71622806665283	3.86765388544637	3.96611211586012	2.35107526572123	5.39864873310136	3.4522606497487	3.09880571806405	3.96567266317372	3.19546985018537	3.57465416209665	4.15082439404192	3.37035775140047	3.60571259181184	2.64827006620495	4.92584619116351	4.18741500494749	3.01344971123184	3.25185502914715	5.64109308250156	4.05724103396648	2.05139863733769	2.4116333591538	5.9052362442659	4.4616284895951	2.70425975595221	4.2247244665333	4.24792412365942	4.4418730827366	6.1715715174027	4.38104435771874	2.91834433854974	3.92915585159584	2.64337051589824	3.5036737501119	4.68158875693014	4.65059695500976	4.71319030047282	2.47350206118956	4.42630150927454	3.23930300639996	4.10900697300908	3.60077060818297	2.99609412665749	4.13934502928431	3.61554081877235	3.5009259542926	2.18457012607637	3.33342796505876	4.71702842645019	3.79528424528343	2.78763926908785	3.30527764429344	3.14895045282481	4.05415300015678	3.23173110546758	3.45170967659008	4.68217015287169	4.31709435151095	3.83523373575411	4.28036071760442	4.2900674379601	5.17118156106362	2.45765483167713	1.95644656871726
BID	5.04760175261664	4.9112916881037	4.64845242627927	4.61826930601021	6.43928330176602	4.52090728820191	5.50697036858738	6.16071663373956	5.30157183611416	4.47391567703344	4.73694418525977	4.49947402786433	5.68630532474453	4.82985573633855	6.16993354006423	4.99310703436592	5.23227517434185	4.25729444177348	5.14557096043581	6.63444339371781	6.18486838603835	5.62291760482579	5.20572978563613	5.61610625123618	5.8683679172427	5.38324108451485	3.68343413731015	5.60054410278337	4.9346939477661	4.1788610889987	5.33606046648895	4.3365144620592	5.10337474880429	5.18169161715323	5.41872382792183	5.83922413365887	6.02503750911134	6.1678646840505	5.1030432698798	4.50854783214575	3.75562750437284	3.47173007217056	5.03818471434392	5.13070916537742	5.43025158385425	5.39122713690599	6.26819217023373	6.22375656870548	4.81178026002401	5.14029815712078	5.26089218698063	5.51970440974128	4.84707523753717	5.50333317909384	4.74500984361862	6.10880961595215	5.95431012274768	6.18429332663594	3.87700057655288	4.23963126292954	5.74448250966412	4.93236501582932	5.1441399516096	5.52272032059066	5.66651758847893	5.25837797005558	5.63495005689186	3.79044676067005	5.08189776944306	5.70069360695456	5.28343927640399	4.47177459018711	5.9949808975987	4.5684671389037	4.45112396437654	5.07317070126126	6.62340694742772	7.3174694694978	4.77010321706828	4.39679309680704	5.05176865418666	4.42882859678217	5.07247537826379	4.34398723144535	3.74910165060185	5.2014296250284	5.00603679966668	4.84327855120446	4.55339628690685	5.11597619680295	5.42230051071625	5.66649923038672	5.31540907115683	4.80458164716855	5.73090107253598	4.54345286723039	5.66639111725485	4.61456161018151	4.86865535600083	5.74419914390093	5.17078462210628	4.69105720882694	4.12169345727144	4.99889959112961	4.56336629630188	5.01745794208772	4.52609212952953	6.30280287133047	3.81221568003257	5.06677763921834	6.1676603138806
CD3D	4.50286643466446	6.16479533752334	2.9810689130531	4.31158204730068	5.89062046427222	5.37103767258106	5.59823043921819	5.14073302246062	4.67371754466488	4.90548597444657	6.60470861891363	6.96571136484198	6.53168858957761	4.94805539918593	3.29274342886796	3.67609041830069	4.79792275309637	5.36299763670935	3.41571620753272	3.48116230056239	4.85875865321418	6.5275781792983	5.66309172831555	2.94699808016296	5.15091603979956	3.36349412647607	7.57665902655071	5.41126594228671	3.83904415877927	5.49332974931069	6.92451605572541	4.05881258247498	4.57703418345405	5.74028642639344	4.39009025696976	4.42685237849439	4.9918778868115	5.57050137565232	4.13912010073524	4.31850609074066	5.48423475693875	4.7590101330052	2.71200330917787	3.41389442137167	5.5113750928558	4.30372582021471	5.97669696905358	3.63721135639393	4.71438521270709	6.03927742198807	2.86338809741612	6.4271978755573	4.36055213628665	4.83228613418042	5.468687376931	4.59950580045102	4.29539385103208	5.91541853345401	4.79634140811284	4.84009780341081	4.53126977170525	6.93657319977518	5.48521855629746	4.43886549124634	5.07807713563337	6.41120771990153	6.63903692155241	5.24139414199536	3.57362604987975	7.46107000777331	5.12101016700972	4.27289346498446	5.4783680246634	5.51453107566	7.91313685501975	6.73756282742097	6.51883538236103	5.11012030909178	6.02690591664648	4.26600889347332	5.78453755893022	5.89812709567005	7.7489092264699	5.64341934501373	5.0394740065927	6.33524527332323	5.4254940303698	6.15913978189493	4.02415320981169	4.09690519724553	5.02275907073013	5.04542160824429	5.3108799479109	3.06406890891064	4.62395306688659	4.10501707047832	4.81515430957046	4.03602304859698	5.97120814228678	4.93317182694715	4.49409927224231	4.30648028505039	6.26513463573266	6.1066722042511	6.18863750759717	5.19763987722927	4.2465561758734	5.27109052982565	5.625691725814	3.35142995959413	3.16194700368227
TEC	1.12030284973373	1.29895057282096	1.68163735815281	1.34892574803538	1.29872131317754	1.15785781315745	1.09293918256172	1.1160919308636	1.60456282879008	1.46763334656181	1.88947822330776	1.52036616959803	1.25385395613782	1.00505719772878	2.00069402544032	1.13182996627769	1.55034763192818	1.19258676637723	1.43747154158558	0.980423375125703	1.94318071650877	1.42083279738382	1.17143042182706	1.57009109573347	1.0241153663408	1.01400759530108	1.58766554545579	1.14174466290132	1.47020606208505	1.06220062281508	1.19375864776403	1.51592589029025	1.24406450761516	1.1898335506072	1.40481089605017	1.12013582622303	1.94567211125924	1.96773498058174	1.1471203446027	2.05093887746797	1.14560703186586	1.633316196601	1.20461189637274	1.4643605943196	1.87190834415518	1.26265426468225	1.40227374894998	1.13206236130063	1.69564881619883	1.69132468303946	1.52032360792438	1.4689582208724	1.83297588135778	1.13778785609009	1.45151636590205	1.00865432848871	1.17679445582041	1.44803289845675	2.13411167853371	1.61099145593489	1.51411866304452	1.2834986620067	1.44168533748515	1.25691504012967	1.3516687545346	1.74424547243627	1.3914700691033	1.12013311459962	1.21703073510237	1.39610169052413	1.57458305563057	1.24284368943246	1.61223188502397	1.52080128700084	1.75628799116415	1.31991709199607	1.13496908948025	1.33684436175737	1.58502148247199	1.51136207618352	1.28432698846599	1.36088220470722	1.5887379555752	1.23465000114264	1.67680180115939	1.17135378897835	1.1737234692472	1.38174231815845	0.898676150981299	1.40275551997074	1.1193700775439	1.23494085599216	1.23022308558732	1.02021080962417	1.43364131775392	1.16823501541763	2.33618431139229	1.14390335635699	1.35653625437753	1.22248762129011	1.01897313345362	1.21812318552668	0.972461054700042	1.70920489031811	1.43066963807785	1.36567883343285	1.1059995996728	1.12926348127142	1.00623609046082	1.02673386029676	2.16516731259861
PAK2	6.53134077294076	6.72655203487355	5.90626865648277	6.01874157458842	5.32653273456239	5.63317221575945	6.24858208637347	6.0227702601007	6.33736281789182	5.75217657959185	5.05028008365959	6.00618582587776	5.85334291754699	6.2984968192787	6.11205534870049	5.92097325718	6.95554898946692	5.49738982719358	6.00680740374294	6.20492370050032	5.3628572115209	5.99412673893317	6.57864812755361	6.11525251901635	6.3970158717684	6.70333739629891	4.11045232767874	6.40322585030837	6.01043435769688	5.94603180377516	5.52850885063186	5.40410310335043	6.1394157906526	5.96764675855525	5.92796691830903	5.52579663811483	5.85804711010345	6.07136843077987	5.78899522270445	5.19160108877833	6.00702529365983	5.02498694998969	5.72001618342375	5.19015384925085	5.5301713000818	5.86610194249119	6.10501601306654	5.55129698509809	6.65960863429789	5.96157736110668	6.81293681152474	6.20279527863316	6.03214216062835	6.55698879986009	6.23505937856673	4.57968803521099	6.30173875836825	6.10771447048669	6.17600563661156	5.55504239420226	6.35570793003332	5.68932850040562	5.77481563004376	5.84735022572843	6.22181048652877	6.87077358287662	5.49037306027294	5.2686972336546	7.30529560346008	5.28752953491346	4.83119856512161	6.24083235400469	6.04591862329742	6.13613417155505	5.77119598104554	5.8729367993025	5.78500993484015	5.24175977620548	5.89286980043908	5.72944816314326	6.01650778599422	5.9398791236886	6.1171058698123	5.79227296602094	4.27506871906762	5.81241433330609	5.01470459247419	5.75227899759643	6.31923177176254	6.30948880426026	6.10803968997516	6.03557718811281	6.31853944070913	5.64879063613426	6.65097660545293	5.6038952344743	6.09202114163763	5.57537192316402	5.68121383130353	5.86430159817394	5.96746503196014	6.05203216914416	4.92558274396335	5.23948917433713	4.6308721423307	5.7752097337582	5.88130990516215	5.9506582995288	6.02392004473989	5.65019461415037	5.91550416562803
CD28	1.49143674537171	2.2629927704852	1.27242330033434	1.6541667315181	1.36611058295432	1.54261273556393	1.86629203726346	1.89708218766273	1.82025611370261	2.88854812195473	2.20961084760173	2.374275852372	1.85307678004679	1.76642652640452	1.18423711824829	1.37190484876965	1.61102399898025	1.93287937105385	1.22630786595954	1.16702972022884	1.38043031100029	1.83749256565496	1.37581772092981	1.21936194953669	1.80228837637922	1.33091708172409	1.66240878073206	2.07461068668365	1.38498732826539	1.4145227679309	1.88233864922797	1.33125020064804	1.53976457647643	1.82027835258978	1.76868865503651	1.28632310231309	1.39548073691917	1.34243291291206	1.40260618990397	1.43133538669631	1.33970905137783	1.77226555640253	1.14067839087789	1.16085063835216	1.24127958294975	1.41189167118731	1.53655636810978	1.23092840990206	1.48186213680105	1.76821232398076	1.23644205857179	2.45569928202032	1.5868416803019	1.66579210946871	1.76342397286087	1.45330696934058	1.30614952410373	1.79577785982574	1.46756854935363	1.35891356373129	1.821856789359	2.17768771864125	2.15912550092556	1.8952730904824	2.00803490042448	1.68549699681201	2.07034419412508	1.36250413862901	1.33726681420601	1.85337976794847	1.37846756700564	1.53963135486937	1.55856875177299	1.70234871649514	3.28333326666472	2.15672844026382	2.12728419064885	1.31459116295816	2.29111863165772	1.19362810213677	1.31659626582018	2.36248995728205	3.21912346727131	1.81159875833561	1.16244321520976	1.90000349585051	1.49043219257642	1.7854073012175	1.27373660328426	1.40410439696835	1.46060577914624	1.18723955866388	2.27561169501521	1.15470117743529	1.63758064697918	1.46822909852809	1.34704587206044	1.255454638011	1.67010762142232	1.90019438015703	1.85922853103362	1.60508850016487	1.41577447113357	1.78912844565787	1.35715352700553	1.37800554317121	1.45648562854983	1.69140391063057	1.44085899983274	1.19640544837136	1.18182698247438
ICOS	1.91569419908695	3.41911786257927	1.3766062724298	2.07915464710395	2.29371960138928	2.60052282846253	2.83383022077141	3.06456624874905	3.16793383219799	3.08164767022183	3.77677924496385	3.79061183453785	3.42211400235693	3.36026514474835	1.46880691517953	1.56141858679442	2.53920906020069	3.44741221547254	1.50842712642338	1.29302908920402	2.44493997911212	2.48616642709722	2.39037419012645	1.40054817674267	2.50396860904905	1.59516104429006	3.76592174876647	3.41132076871726	1.50631038726199	3.01137182737089	2.88223522874873	1.99292701710548	2.06600440350541	2.96635403989568	2.36777347197225	1.85983768716056	1.93969442146279	2.08906173689333	2.44368266599158	2.12109356248399	2.81837949587181	1.93612427212113	1.2661186464916	1.48820827550843	1.76001472470036	1.8727486070909	3.00481002561848	1.74919840162909	1.80928295429702	2.09901223636773	1.32621970150431	3.40779749652189	1.8117061279858	1.95893708119289	3.38162150715776	2.11318426046493	2.00285578054351	2.3699374160606	2.63028130190343	2.28305028193688	2.82912250245751	4.05220782643966	2.60700605981962	2.61269030291629	3.06441200560265	2.86068158011308	3.44253127517732	1.87732524267865	1.61821716433672	3.63412722381948	2.65484065558277	1.72214350478795	1.99171190179844	2.9952328523426	3.8947570390156	4.52912367412627	4.24340045414849	2.1322972981694	3.85624078351616	1.90582378432059	1.94051134313108	3.22860498800356	4.35050864468528	2.89282535710583	1.3714538858837	4.28502056824204	3.03361084288765	3.49639595040738	2.07999041069478	1.81225527157908	2.52018646038442	1.83920426734461	3.81877010616277	1.40385188995725	2.50014175221992	2.73717668301156	2.1909767741117	1.67061569212029	2.93109037261793	3.11836989602313	3.49116730715865	3.03468361440949	2.38257192984485	2.59005625981897	2.0040572137744	2.14994613035725	2.14864987273675	2.86894983766197	2.5501565929344	1.37442459436906	1.2823510364155
CTLA4	2.26066781136346	2.88529559586037	1.47865018318484	2.352211032368	2.40627758572986	2.72956253100889	2.64180378520085	2.84078127003278	3.01161133591273	2.81033892193073	3.85824613360627	3.49476115955499	3.57431946883553	2.78715030187743	1.66801778999247	1.80551384843207	2.80851032717797	3.1490395407752	1.77938048771339	1.59613841193504	5.99475795727011	2.96238528868614	2.91833619471895	1.56883494315027	2.57076189075322	1.85336142546846	3.67685130560669	3.06962343247667	1.8355495687775	2.86851816039362	3.13015652128861	2.20347003626975	2.22036055312885	2.94567315446552	2.69642640074907	1.97351626426411	2.37151045211208	2.39809066966889	2.58995842245936	2.17246280839339	2.79900568451076	1.72351549453198	1.41674451688867	1.84073286747341	1.91762703115789	1.6920731674953	3.13661219841551	1.79170594792618	2.09199075661102	2.30851653147912	1.59581453396164	3.49433160349613	2.01370751108111	1.83052916431052	3.20623913557321	2.05486847319533	2.02896513588218	2.61013745658358	2.78855640916518	2.32245696872752	2.62494956318533	3.57444685815171	2.53127754538725	2.43312718789018	2.86217498196702	2.66547767453813	3.62408502730317	2.28780279003326	1.6526123784137	3.46798849701156	3.22710385489227	2.14720819081626	2.30741632227527	2.82380645324033	3.10076742436687	3.5909197770336	3.78629929276345	2.52380667192631	3.2847197763218	2.17890626469044	2.13398189255604	2.53700840236272	3.25869636520293	2.97956422850155	1.92444325879981	3.8247771688849	2.98615553495671	3.18705602629161	2.02917393169061	2.06843220266713	2.46205320332301	1.9492412299964	3.76348766661626	1.54084135245708	2.08858681868773	2.66320976266937	2.1345673478306	1.74634857073976	2.63804306948472	3.0163852511777	2.68758335238425	2.83647958563693	3.0483427123949	3.22960173502533	2.70997028609365	2.72956477490917	2.66672932211572	2.8495569646487	2.70681551595481	1.55308931643519	1.50699627925189
CBLB	3.43541837518826	3.59608131060733	3.66463614052868	4.54061022689505	3.9606769852363	4.51040309962826	4.18725567078776	3.70182109318424	3.89453506189966	3.72402524734464	3.79070271073895	3.59517384704841	3.28829728484976	3.89926453215062	4.58950501885126	4.16354793881263	4.14289531914124	4.4178366648998	3.89449212816345	2.97833706009732	3.33772262155252	4.0555397884086	3.6234189539793	4.07219413045119	4.50446433817316	3.35317869944592	2.42222680109067	3.41918388744929	3.65812131378679	3.08256322102947	3.80599361824082	3.43739779405053	3.84979739555604	4.30794935136616	4.05457885468885	3.98193139808662	3.52181135418808	3.38946968848691	3.659286903715	3.53504241796628	3.42981832132836	3.21046721639232	3.68265076739991	3.0258729009404	3.17312677568514	3.63191233195045	3.75896947207827	3.95132106495941	3.45773480075961	3.5306493388726	2.53434619889478	4.55918636878577	3.48776184868802	4.07088278857744	4.2027243860024	3.54443913674823	3.61191999771858	3.92045834364353	2.87665217983272	3.03841936533672	4.03347834867724	4.11726940970856	4.40320115600143	3.67638618966908	3.65604177987676	3.81100758009379	3.66767550329433	2.54390218299654	2.94156863171513	4.27370722464052	3.56129598011389	4.65166989149695	4.05096286122465	3.53541749292091	3.58018456023207	3.60338442482539	3.76693160708729	3.41742849321144	3.80832231138333	4.11934171481399	4.54115397652543	4.17981791164325	4.33398706372058	3.74205117090533	2.4957343549989	3.3432343841445	3.44665338046863	3.77814348212805	3.13639420508877	3.91743287590105	4.03096859597233	3.89454080645107	3.98413175483609	4.54947220693239	3.58346072722999	3.24725587909478	3.08939328762881	3.17146207199053	4.24845582032145	4.13394599663661	4.50020335486014	4.29713439475184	3.26781120599888	3.41987217777257	2.57329496957836	4.45942698771573	3.66205896848771	4.72274223020903	3.87254598425846	3.68821778855472	4.02845691328816
CDK4	6.85688479744356	7.33399654377224	7.21676345896228	7.07445483685568	7.45038463559694	6.30337802423604	7.67513387842089	7.09299290443597	7.04764031272153	6.70396849601576	6.50659574388533	7.70955377157689	7.31896862987343	6.37714491888507	7.58113044477129	6.64157551583109	7.1996048483365	6.71349469614614	7.56573600393412	6.93405670016725	7.51560763630056	7.15402936104506	6.81839225700367	7.37772522124474	7.99170437615001	7.54593016164777	6.20525038451999	7.55959647695048	6.66041241115142	6.25218275979694	7.30000197928633	6.11228939966808	6.96657723818287	7.22265865561183	7.49321800844655	7.38979017940574	6.81439407824705	7.06806066413476	7.0895696246629	6.20725342800116	6.1816299170639	6.24583751083242	6.59769875721744	6.7576744954518	7.65373751658683	6.91741449993776	7.8344835051202	7.15078819312052	7.16978796868812	7.30765426095854	7.18355210118381	7.16544283281776	7.66291840510544	7.24134363244643	7.04315661317057	7.44275252368051	7.37340299506857	7.18415606695857	6.72628453451654	6.67584315170455	6.49516884136655	7.11179549404958	6.37374751714591	5.90160476023487	7.5153946026327	7.99823551675743	6.57935022698634	5.89303681988914	7.25428463651567	6.99707930562279	7.38655406552102	7.08214457976018	7.07235842470758	7.38858353134071	7.12150999374247	6.6558963099075	7.15618403888896	6.7832641184876	6.88682663083117	6.10239400081165	6.79126342047407	6.39513829198165	6.35034868240313	6.22373638339031	5.88202349501382	8.88035602177851	6.7869331622006	6.80475483151258	7.54976792430768	7.55526877433077	7.62226429957943	6.51163982704496	7.13181433574488	7.10169905364863	7.80172144226929	7.60639444870037	6.82611886661955	6.39947070143391	6.63322597354813	6.83059018974848	6.89038694206592	6.89078169446719	6.58077129325345	7.4055721500366	7.12719214042496	6.50970044726609	7.06532558505543	7.42164432304874	7.34608449171428	6.77708936835063	6.97786872551517
PDK1	3.56515371686832	3.87603370191167	5.32274557042253	4.35058181594315	3.77131770340147	3.80765110949351	3.9613955310643	3.40095482288741	3.33625795501616	3.86501082170047	4.45178051505778	4.08751361717078	3.20122799976097	4.70331540749903	4.91019628077459	4.50689772238769	4.11637720988898	2.65986120172313	4.41017155889983	3.27060343831077	3.61537437689024	4.49678296449925	4.49063819195936	4.2689674914197	4.75653514609767	5.35758481245592	3.47978087426643	4.27833936391891	3.89013220841434	3.08578575261652	4.22585095632162	3.70212467127873	4.06316430565185	4.83887179540505	4.87359127373489	4.53041729055574	4.00797462428834	3.57875478176063	5.35731943902321	4.51094258961283	4.29927517951095	3.82925297683386	4.11595916915921	3.400014225144	3.05695601527103	3.89718733531327	3.95230157085284	3.48887394804487	4.61916546861933	4.04565285284469	4.48539936544651	3.83857922980874	3.40966120222388	3.15589847858358	4.18288490032179	4.23435874886617	3.8135396881598	4.18986162747694	3.57369586994808	3.1409660743074	3.93837509744465	4.85648455159876	3.89867972490198	4.11048787670205	4.26611115076066	3.05536931359916	4.09666148254418	3.62788065311665	5.00399085905644	3.05903588664002	4.37052937727467	3.24297094339951	5.01625230684727	4.92087050271725	4.24897887410881	3.11661907188918	3.83966495582206	4.29800397191887	4.3390377328403	3.84521795590273	3.65809337765172	3.3302390964025	4.57654124123571	3.99752149913435	4.86994683816529	3.20927265477319	4.26990301362702	4.14089383529704	4.52749189226921	4.52359341229136	3.86711235874288	5.0174940546019	3.54754850521528	3.09268631529233	6.15424542192934	3.37454984239088	4.659800670301	3.99345294934116	4.39283134059001	4.01118299941052	3.16960098487001	3.23399442624388	3.33525542915368	4.67021636195578	2.88620756742416	3.69172965057818	4.52459359012034	4.17051181845232	3.23420877577232	4.5337119613878	2.87144191153064
TRAC	4.92462654693944	6.43727651365761	3.08120427624337	5.05662175452819	5.30000429786135	5.00557228145197	6.13001380019581	5.57761947408978	5.66960864695996	5.15330926369693	6.43062188248445	6.94088090474921	5.99836260671499	5.55651671694184	2.8249741144215	4.20587320297615	5.19368860769143	6.22829721007844	3.50528703784822	2.99811580029763	4.71586538688596	6.4302481373824	5.29029406548088	3.16055237633703	5.55800203193786	3.92722783669922	6.51996766228825	6.20003452047914	4.44179143104554	5.64953515753173	7.08283508144564	4.00192715626587	5.11885788779446	6.1661299273458	5.62691122227627	4.89119645089979	4.74196976135345	4.73980390475006	4.05621955616982	4.23542457067733	5.51104001221067	5.56276610164801	3.77114617052849	3.10691539461724	3.32061963258453	4.39711401406322	5.93450008431321	3.97958671911248	4.87696412300283	6.00362417550398	3.14688776308703	6.87718477542808	4.78495546079322	5.28987299258394	5.50095850470794	4.78868568470022	4.34316992644261	5.92625479673478	4.78548736386446	4.93580280944845	5.15842029862596	6.97668646128396	6.14652387964179	5.20787198051907	6.29524546827296	6.3317015454786	7.0196608219848	3.12520265111744	3.91888770446407	7.37674289110851	5.27241027950776	4.54490254949894	6.0472091643984	5.9778222868393	8.11869668243075	7.23742837099486	6.96323590126043	4.79636385873416	6.27862590304414	4.21946064098316	4.48478429102835	6.40479940110932	8.14523312274328	5.85967498396611	3.61969604825555	6.55919554589448	5.35729639389428	6.43331890030483	3.87819558051669	4.34399538957754	5.24298731833866	4.26929471120665	6.57366056854123	3.27650798659372	5.30128666958973	4.42497660173094	4.86814297894496	3.29806183774491	5.8385922451408	5.33560502385522	5.21154251801384	4.80454425282412	5.87212555231713	6.34990841284593	4.61029154494283	4.67242157075507	4.42904664560116	5.58311340335716	5.33953131414008	3.31241280968298	3.2564032340732
TRAV8-3	1.02344077103181	1.67309146091281	0.912669268817495	1.25931715410658	1.06665743571217	1.08366432624585	1.52995839110132	1.46642467096271	1.49319529009735	1.37979503000936	1.74423704038667	1.68455339503978	1.26812070347579	1.49954822754267	0.855581034237361	1.2415775728975	1.13944977384608	2.03242164886657	0.855581034237361	0.855581034237361	1.03450643832671	1.59087551075433	1.2673062560775	0.915757872569277	1.65263994876667	0.932481450121053	1.30206637882414	1.22405191596791	1.17386315274025	1.28604646848478	1.74762569376124	0.925975189170214	1.05401629199767	1.37653032365218	1.09548574706516	1.01912044916294	1.21303397296603	1.20505497703602	1.04155010694046	1.15304813790558	1.30031034611589	1.52522617861689	0.855581034237361	0.918153883812868	0.957597402644128	0.855581034237361	1.38558637123452	0.997436086702367	1.09234205511923	1.44909814429856	0.898613366042998	1.83901033688654	1.08007077046543	1.35088280404483	1.67017977249423	1.13208364635503	0.855581034237361	1.63537360375362	1.0230203378128	1.32041999582225	1.62285944888175	2.05085243998927	2.10613982918811	1.38215151121629	1.66064263458771	1.36690508236072	1.50260417456751	0.855581034237361	0.960807633138357	1.7913081379495	1.47235004443335	1.26991335628411	1.58009960723647	1.1550347543994	2.43874229754136	3.02380307205693	1.56035890870217	0.931913488237902	1.64587628473284	0.99309303316328	0.855581034237361	1.62304358640299	2.41319626309683	1.75636923973832	0.855581034237361	1.77118727612958	1.49881870454543	1.72127391831874	0.955896833964781	1.04517529777783	1.2424219045886	0.95866141485486	1.54897921622614	0.941096977147172	1.28615044617941	1.11016524318524	1.03280661002761	0.890367295999851	1.04621847921262	1.30653697457737	1.21469380429443	1.16315181090804	0.929886720017931	1.02472375867146	0.855581034237361	1.08713298119964	1.2326206194876	1.1660083356616	1.03909541390113	0.924681568491145	0.90029550621274
CLEC4E	1.78374947136939	2.69672160898225	1.86061484144914	2.02081268612265	2.2556178877016	2.05445146348399	1.8767675872137	2.56554231745465	3.05005137351829	3.78127662004746	3.67910412757616	3.99903483424873	3.31853654406402	1.78712738534824	2.42309034399595	1.7397516008617	2.20548640329016	2.4533032213528	1.83532501168845	1.98232584179864	1.90894439771246	2.65842732690778	2.48913232062572	1.7767214111948	1.9671010062109	1.71900283088837	2.11602704166798	1.86740611849849	1.98524269759141	2.2580986933373	4.00405587516286	1.85875186406205	2.80362211670997	2.61432903196819	2.78193399974449	1.94043265918844	2.36473474904777	1.8479759931709	1.69315297998314	1.873485153199	2.17915904477768	1.88531427422162	1.6151672946919	2.07015668093501	2.48007543422059	1.82149975231207	2.33024482840523	2.45376845462512	2.12238540465705	2.11460330883621	1.63915446201488	3.3323516861396	2.72286539106431	2.32996931465323	2.36317343186274	1.92158246278062	1.88456039173276	3.24989566684291	2.73475381386424	2.05375954776057	2.21587837944226	2.78700974220102	2.7704405374468	2.08510174916417	2.80164095219081	2.97228092352499	2.48241629542913	2.44293592848323	1.75739061805756	3.57031126494704	2.17366109580456	2.37391964435483	2.59743785393105	2.98163964461792	1.89532532024646	2.46631131401934	2.67391355376814	1.86698986115479	2.75554753638378	1.74760066360992	1.86442269773272	3.12368416982365	2.51896606190548	2.22689297159263	2.93307051528058	2.68408356385218	2.21095307669262	2.45119898869949	2.49851662758222	2.7702591848874	1.97231180471913	2.20845605486926	1.87013168018396	1.77467970066239	2.24051746164462	3.26689204316636	2.43736072947427	1.92922175516507	2.16040104645623	2.45821896414862	2.61347113579163	2.49894034741439	2.22416564439425	3.42262750214821	2.2037311688682	1.7844400478349	1.80949799500734	2.17847773239948	2.9433294250086	1.76535293169117	2.05860390860715
DDX60L	3.99449785143678	3.42401633765412	2.35089715244885	2.60318812454065	3.46235230677655	3.53772399360282	3.59791698708041	2.87578649095028	4.71773113115406	4.67443774209415	4.94282793719102	3.01817471752649	3.61919188213415	3.54349287245532	3.51042792302569	2.23426593994211	2.86242589206251	3.65042079004751	2.77886699015788	2.83173968208451	3.18087847817618	3.36680714877088	4.29546317331066	2.59299340306128	2.84586156742111	2.76854067441302	3.2545941111431	2.9923515330157	2.85663708421602	4.20868091535034	2.72619390536438	3.1517512588525	2.95910129963874	3.09235516715101	3.18970034668917	2.70940869315666	2.4621997487185	3.38891916626558	2.87082304113485	4.016559102854	5.75425504028786	2.83370116650893	3.16497759851259	4.11121464128835	3.48665033179975	3.6289703008824	3.35530545579027	3.16649989830293	2.96595283376349	3.46360790232379	2.57617083170329	3.69790078455414	3.36551739896432	2.16405011425914	2.9592185677475	3.48617613274581	3.71282248827994	3.23694781185209	4.01067192441096	3.83841980230239	3.85131720864538	3.2502095488664	3.40396942851129	4.38442655284542	3.41962338729485	3.57075582926079	3.31265654709851	2.21250110803319	2.68690783377489	4.18036627524582	2.90861487232784	2.95371076010256	3.00148188960736	3.43343865891684	3.23149531757564	3.87662052404327	3.24677648943216	2.25173943563377	3.67909762685861	3.49247320510612	3.12325116635304	4.08184124547427	3.58655316707621	3.87736016871959	2.87570857817922	3.8938575343115	3.76307505537615	3.84593463812617	4.7032304362435	2.77359287228411	3.77460705202691	4.0013559520355	3.4192922648021	3.1074996427653	4.10299063375593	3.49680444893796	3.5469315091909	3.68647708601417	3.39849282564381	3.34846101441242	3.08476040719146	3.80112351487701	3.03694028999	3.10174965635541	3.11390334408417	3.17545407703226	3.97482765953937	3.82962871110907	3.8322992143008	2.81681443415934	2.80449199019325
NLRC5	5.50643931672767	5.11554503932752	3.75154299457369	5.33226094317241	6.02900629504042	5.38072731655051	5.63324622616275	4.87926462818853	5.45909303672477	4.89426812868641	7.10131286343552	5.1084178295818	5.71375250461803	4.69405825107673	4.99978147031512	3.11588587280509	4.80880475821971	5.95320819797496	4.07451917490904	4.27729954672351	5.48822693944602	6.37794074826309	6.37922849569151	4.51907235957418	4.37487385560584	5.20020070144364	4.96015368433074	5.58036011814792	4.28511339351445	6.02632262843795	4.2924446095155	3.59581668728583	4.9125504206293	5.48302256565106	4.64604381402155	4.79743241635588	5.07964304322321	5.81734736107485	4.35333772898778	4.59025852909108	6.52594189843799	3.73349408407827	5.05488911624762	4.59627216254434	4.39072092808791	5.81012353081639	5.43585276004626	3.6086424003588	4.98385017526372	5.71367034382316	4.62034437429335	6.33970064152329	4.40973286967091	3.98177260638244	6.5699152748633	5.02490664353864	5.52404404203811	5.64157763871616	6.20041333989167	5.62972074865665	4.22976379058766	5.22566158703052	4.70009180606463	5.36737002508578	5.92360502962795	5.70995697899057	6.62147038376846	3.30306994244667	4.04337897589711	7.13344207901709	4.94565484226323	4.66430073065332	4.89570294602202	5.64764433313066	5.75736863210301	6.39056406077049	4.70067989805346	3.80174334718147	5.88244962532017	5.0244383447521	6.10947369300948	4.84303856112328	6.4507888055599	5.90430867374137	5.07053288536786	6.08321581224325	6.30737128942247	6.37413735950752	5.02409817985617	5.63768692595048	5.35698048036269	5.86300005908819	4.72034466755798	4.02814503567042	5.31037323319212	4.19300617188127	5.09247869707863	4.41865743189512	5.20288825177519	4.53343428910238	4.73308763707161	6.82158417856728	5.15766383609044	5.26222601029839	5.32390381859519	5.55094457606347	5.27376597606916	4.22497513176846	6.07921340051287	5.26217553542252	3.96493729542186
C2	3.65682825177192	3.67409967340232	2.23274030476077	2.67270515897777	2.95877674997234	2.2058625240866	3.11503900904414	3.14674190922256	3.83640028618392	3.8614481766108	4.33332711823984	4.17097731322237	4.02080319632334	2.59032430594394	2.15604633734296	2.77447965260835	3.21384573253866	4.57786501453908	2.79203256954832	2.37528484124892	3.33558126638033	3.67952397388166	4.24848879162922	2.37706272725604	3.26123518975352	2.65278599568652	2.82576902007291	2.99769827291027	2.47701941205261	3.7440619984166	4.08564134573478	2.30327874429483	3.34815317114498	3.49259309027715	3.37491590564932	2.9766906068261	2.94226192294299	3.28739864294764	1.98687426246655	2.58595052038859	2.79896423307814	2.3750730824144	2.16658983402879	2.30465733938553	3.35272499497916	2.35180361043502	3.58771679496614	2.72945098764315	3.42182827126108	2.68387955316709	1.87085493665741	4.56100587568777	2.74847616999846	2.16547066043615	3.37809070275874	2.88270804702484	2.92021230327514	3.24166630540849	2.61816485801706	2.38574492922237	2.64542264844057	4.16994024627732	3.19039212230061	2.83757915992534	3.47174836641415	3.86985094937055	3.63694207065206	2.36619850139369	2.65810206691756	3.72240802431387	2.71126919128271	2.59337505098092	3.85578535874433	3.573685919993	2.88868526992999	4.70717636637359	3.29370858634411	3.71602991831675	3.23497753086127	2.80286405474785	2.92204048303585	4.33959879882993	3.73790341641789	3.27886811185511	2.65661850912145	4.18702764374909	3.34848731265551	3.96434436131749	3.85219433262975	2.82841691586472	4.92563547201725	2.5159695587626	3.62296544735913	2.09767039151233	2.98381033502063	2.80261405936178	3.49357707720041	1.96624023266477	2.5205276392604	3.44641885245515	3.00911254293822	2.7191382937663	3.25814480113861	3.9712429866179	2.94673314475707	2.78729579280717	2.60069371619582	2.87189152506165	3.70124055843185	2.56408608759416	2.91049202531583
SKP2	4.43101060821894	5.24758463978006	4.39048399385788	5.40824272247399	4.63375185787101	4.61994587776687	4.98128626241225	4.67338150328796	5.11576409689326	5.14311097483533	4.48068522498966	5.91749366992663	4.23531361797396	5.53853855724895	5.12512923319224	3.71205821143142	5.55366012699587	4.04635702388247	5.62551922551063	5.98068918725447	5.11936428348835	4.98947466188429	5.09797116628923	4.79878845417282	6.08718102746542	5.98851277016959	3.10864212382309	5.53959320972657	4.60840949515182	3.59891037624982	5.00856562442548	4.60078796714462	4.65992377164626	4.93386451552554	4.68532514465349	5.29748243084215	4.48621667371365	5.53865402517633	4.62062990748561	3.98363781007301	4.95842648946395	4.03645894489012	4.47935643233024	4.41513681757062	5.39344805907094	5.38920466517282	5.55389687347698	4.5292170365023	5.43736279115896	4.05028753097225	4.45320303987608	4.87425191864944	5.1953522935869	4.59635392148589	4.93091582193951	4.40800188419771	5.66023812346689	5.95536282614262	4.24424515654595	4.88623845850497	5.32857653227325	5.51305360118359	5.18299083060614	5.64949834004194	4.46548235355276	5.52025533274258	3.31402450476257	2.76689498003751	5.11398514631377	4.54830765166063	5.34403816597314	4.57723515087667	5.39834274303234	5.16062939199853	5.18394530633604	4.48961912093652	4.39643771206569	4.84612223968701	4.53672664626847	4.56016358493141	4.98154262347482	3.87458213747877	4.18403519323319	4.93325127800841	2.91625551537911	4.27662938996833	3.8569570673881	4.36916634657049	4.61350697888689	5.3574716351695	5.93919740090097	4.96903188544008	4.70307579652515	5.33024095556282	5.51000407388507	7.16058297396913	4.08423494059733	4.86016263038873	3.76209168035951	4.2394007738701	3.64684423962153	6.02184877378973	3.59562614540528	4.69665080789069	4.52398395049527	3.41312573431008	5.56370581914386	5.57386874230802	4.9184130102676	4.02231438516868	5.86814942035175
IFI27	10.3823217593588	9.06151776848286	5.90239291477869	7.22159150900945	11.2815084900673	9.42841072454543	9.63829871634786	8.58265256413287	10.5316927510846	9.89572008564626	10.839813703748	7.91296095515811	11.1427064296191	8.28556244637624	8.08651742183473	6.01265874873	7.06811995515016	10.9415549018945	10.3758989010591	10.9721292356595	11.3737058385622	10.0889291676267	10.1922719572306	8.6898798243396	7.18171399062077	8.76568159272274	11.6297232603068	9.98475795629016	8.00195674125671	11.0743274668018	7.87401003263118	10.0420226132844	7.79072919168067	9.91737472218261	6.98108954476592	8.2370685204	9.66247692670015	9.12360176259654	8.77150466532734	9.85758764878939	11.1344581104436	8.1109972025511	9.23060959641442	11.9138463372307	9.43039790530084	9.33643134424749	10.1444842650662	9.96902636064294	7.61807413887515	10.4747144514196	8.81437708869348	9.62224190386406	8.44057697013975	7.58552701034154	10.3890403952614	9.14311867343871	9.99231048319477	8.01915328996165	10.9437190196375	10.5282789288284	8.50585995404951	7.3591969609112	8.0206735523151	11.5026152806458	10.6216969214564	10.3540211750186	9.82204702251479	9.8468215636782	8.87515236904046	11.6677955867195	9.43328535701982	7.7507833069102	9.56390693177655	10.0751429037265	9.93275047971232	11.1713060475306	8.86773910049449	9.02940603138487	9.72731757898871	9.50273229988421	10.7120788065635	9.85504161652319	9.58162367562636	9.58798982918422	11.8088090775175	11.0981108479862	11.2770950286056	10.3517490524383	9.77997337560643	8.42266891445759	10.4757382360755	11.1430665278445	8.59127418267232	8.39286207410946	10.1497942409214	7.26284091005177	9.23767490355028	10.6830158527848	10.1270830827917	8.92128430855315	9.3449822614786	9.04436005540185	10.7902005428226	9.50696430088295	11.3048554678424	10.4728353940472	9.89025370824466	8.23686368810083	10.6892315786363	9.3013938164516	8.65668942308375
IFIT3	7.43865989486748	6.67205016120561	4.35392260165332	5.00277053882394	7.36319527178518	7.34789484041367	7.72138888271719	5.79943906547539	8.27391056052768	7.55239128725659	9.21198295985527	5.94822593996556	7.91295282137603	6.68243646239488	4.97903046968652	4.49292122817422	7.17731105330037	9.6235118983717	5.27590334443727	6.43399444262643	5.86155416079565	6.49964133244739	9.64247128183893	5.02756412436404	5.88551579293826	4.86575063353046	8.00747727470231	6.34577054683248	4.45657477332199	8.52695447025788	5.5311463085736	6.0852352024732	5.85328956697855	7.32831431794327	5.33049333059066	5.45678175739787	5.02993518012649	6.47108225890557	4.60818382217409	5.86228305263001	9.880215889559	4.37337554151975	5.00240218172659	8.37825683356778	4.36241081486039	5.69263053295593	6.79953131852553	7.46445166808684	5.17216244792788	6.08991399518701	4.30835188409613	7.19281444984979	4.89809070213432	3.98465423589734	8.09025175251053	5.12267019596344	5.06079793800674	5.13633811719193	8.69739232076668	8.59289273342974	5.3849062477428	5.9000052557895	5.40843965511864	7.69267547234202	7.66774540521308	7.96478224393641	6.88421818089493	3.59833883707352	4.58849216384629	9.69795237932013	6.65331191574531	4.17613778717636	5.73042868363341	6.64628373703799	5.57065096761247	9.44239875841862	7.10385133049395	3.72993799970398	6.21318139415598	6.47808218803181	7.93260350879541	7.9575602238494	8.03240682860137	7.28319289498714	4.54379061526491	10.0200712000588	6.41001001230448	8.47946276832962	6.77930157094055	5.93728282335375	6.82703842060126	8.54531457868818	6.58223658066187	5.06458203013096	8.89500393130424	7.1657131328393	6.12893429510254	7.35034529098074	5.84779951791775	5.75453329698661	6.19522622368476	7.38512786697552	5.92048372653503	6.06763108056332	7.53188076721217	6.27535217742543	6.16116482296573	6.11168481002361	8.83391406131121	5.95248813207855	4.51717334215005
LGALS1	11.3181003299193	9.66199616214894	9.05767301169742	9.32227967791389	10.4588257721301	9.84380509717495	8.97322060225	10.3523847951879	11.0063312216711	10.9890262563328	11.3608730149421	10.6301419635418	11.1535332860571	11.5581923591821	11.2810916861916	10.6121397572498	9.43619993765657	11.4026450813648	9.21618171953071	9.81027833037989	10.5732915916411	9.93434633640118	11.0640504514187	10.4276097273674	11.2829424846503	9.11245355969866	9.60705707316128	8.47822388284207	10.7246470358085	11.9877290363506	11.1279691224045	9.76284336089455	9.5599091484867	9.77133354279191	11.909821006725	11.1581183182242	10.2590960358304	8.27203104395823	11.884085440183	9.80335447781542	11.032972962895	9.87463932578168	9.69144956873436	8.87558525526028	9.08439155903209	8.39505964983109	9.759011258793	11.6764842145526	9.34931649732826	10.4274765145716	8.51616839934444	9.08210652113627	10.2643749942647	8.58256986478997	11.1682683120879	10.1250269874681	11.3175920179349	8.50932520812386	9.77120396563572	10.9979547184163	8.73736361926811	11.1690911566152	9.16523622618667	9.49761615835767	11.0216972968805	8.44477645688376	12.098826605316	9.8002348589484	9.12598277303078	10.849215703196	8.42920481563866	10.9450127980122	10.8763781394514	10.8024594578668	9.87083266257567	11.9939679545255	11.0389513022279	10.3773260352381	10.8559622952402	8.99795465041829	8.84802419013607	10.4308223023565	10.0870821140032	9.02195351187304	11.5454078329492	9.77307613345872	11.5721229938665	10.945797393554	11.3120405141895	10.1104607360744	9.91910050959244	11.1423067921076	11.1553322841221	11.4840625782957	9.30238227249951	9.70717363526621	9.99687126355859	12.627876738697	10.8659585612292	11.7896941051791	12.2697534090956	10.5507873949837	12.2285506108026	9.7094037535193	9.93575112181792	9.29373960011344	11.789231023085	10.6805684926939	12.0852019789726	9.24449433059592	8.64169162139865
CTSK	9.7302133941973	8.47224988852206	5.03784546833493	7.74533793019978	8.32084593733	7.35270344638159	7.22150394057993	7.84241804427655	10.8561421948011	7.46049953176051	10.1589060284228	7.26005568869148	8.39071671768396	6.38980615081798	7.58055145326974	7.90905111085547	8.02386162266814	9.853975755155	7.86515708948073	6.31672434668021	6.92572179681227	6.84352565323586	6.00173265951468	6.95482638372575	9.46805176070708	7.65746496133736	6.62515908730326	7.44185585821951	9.01241975279088	8.54443551220009	7.34612164486259	6.09602519861804	7.06042123321526	7.46241925556211	9.30252226181858	7.32391763033326	6.38893105915123	6.48115010404127	6.47713508823639	7.91051285143987	5.70838379779085	7.86954776855536	6.3833239341491	5.34486054604794	5.88665294941376	6.26399919655511	7.80444639963593	8.68967554888331	7.69833663678877	7.71456925889101	5.61009790641585	8.10038415730999	8.13989848228113	7.01702172813637	7.90215302923405	7.45669560564732	7.51286412967671	7.45425811838544	7.48489192224574	5.54860752778916	7.57708027622855	8.97078160077597	8.05388223445485	8.05553400212771	9.76305494286825	6.45429210405381	9.20510832016968	4.97874453402603	6.03797365235526	8.09235438776884	6.69574896478179	8.60257246335052	9.70708586452886	7.94167976718486	6.96671243324845	10.1324918669928	8.45442603362383	6.3752608297366	8.32190548556608	5.87221880566759	6.35089952926637	8.60448741326856	8.15268594033274	7.03807329364425	6.20362876610049	7.32101961772594	9.24376429030148	9.43293216853068	5.8048369402312	8.29065848701644	6.58594393921091	6.05822848533157	9.79563954808915	6.50568004449438	7.91352556887655	8.3386627243867	6.06044067404827	4.9796185933531	7.85791352777738	8.4610261767267	9.26049840228233	7.47064848379052	7.93304397950516	8.91077609670493	7.20274538001386	7.48599742818753	7.37825448674548	6.80070676251196	8.1061853329509	5.88955350458124	6.69043796601206
SPHK1	5.8449305676725	5.01180066849649	4.76476745618076	5.25683841432311	7.38528988146045	6.38308146174451	3.82232238336749	5.78928028060994	5.49892826742201	4.09394014173095	6.18078047392801	6.44661860783475	6.73528239724139	6.93506305976954	6.05349224739326	4.73312430787257	4.61924319433616	5.56273807485372	4.57175688940932	6.00365213904366	4.93719855787049	6.17769370936094	5.82631402382292	6.97863204760989	4.84000733683114	5.84333712299356	5.14084097396641	3.92863808102606	5.10608093530039	5.48448663130854	5.53412469334434	4.24734087790863	4.58685764121607	4.94310882073869	6.18963371356412	6.36496146243655	6.81477144975233	5.23188223135035	4.51376166087595	4.99173793868192	4.10622531470447	3.56925298012334	4.64330456967774	5.84828732391043	6.96593231836087	7.12152462810532	5.87401702863625	6.96955013791548	4.98852605566958	5.39401902690609	5.22870749423329	5.60878105220788	4.44693072102763	6.06662594976603	5.17787533681062	6.63991704654517	7.3991826911568	5.47820137467129	4.24570517949674	5.4886655566434	4.72317313139607	6.88266235812107	4.99509201687989	4.88288762342666	5.65629670287409	4.13938472585527	6.39612481188493	6.33428508558702	4.69783621306993	5.31676768234453	5.17519222861961	6.02440306434741	5.58061572920669	5.20228799386506	6.35838431827057	6.08525745974879	4.9226155857707	4.92975127173792	4.63094098488891	5.46567815250377	6.17469735446109	4.55650157866336	4.24786981434612	4.96779316375723	6.18965716381107	5.12481084054661	6.04302417634084	5.38282618033734	5.62928885575725	5.67006124768498	6.36601348930334	6.40351102260384	7.10147204158263	4.72340537240562	5.29762822778487	5.62860093008223	6.976816319635	6.04142806947634	5.45143059834009	7.1741559096318	6.22169792514873	6.77834177439174	5.93770234157997	5.69097977797059	5.63525912382264	7.60843606516609	5.06399329104193	5.77442993568995	5.33894870285421	4.77382694035282	6.1672942685558
FCN3	1.58559976336056	1.36374398770686	1.15925843966946	1.01216721719875	1.10063348944674	1.40311856024979	0.947757245816152	2.02864040674145	1.38399137266546	1.54033378171016	1.70773314301515	1.55403119364929	1.74494016048744	1.03033686856401	1.79242465461131	1.28498486570011	2.0610407919442	1.83698697453147	1.32155034399452	1.17927215907184	1.40974317699202	1.2260728245312	0.979167204267703	0.92542000758096	1.43301234570197	1.17580856502628	1.82905536149229	1.13237182145804	1.71341694358733	1.7881690484303	1.52475522444451	1.55228418850039	1.09431373874323	1.86760480996805	1.47482510498739	1.66328791191372	1.10354018728426	1.07219183468793	1.37025537683257	0.931267525989482	0.987907101563582	1.49725790478884	0.922852869481524	1.84214460049478	1.9297149517715	1.05356950666672	1.23489404979386	1.81337998357455	1.27953830965321	1.49379195417253	0.966470408424141	1.77978002364347	1.69966694550013	2.06966710965337	1.4274242069548	1.44278771038466	1.13533445689949	1.35755554528067	1.80957463591994	1.16944367979104	1.11574809304119	1.39238724814578	1.28258594485407	1.45534052915728	1.35901545226295	2.24720248869301	1.19556737007633	1.42874007362431	1.12184474551967	1.35013602518608	1.52557129498085	1.48969611376477	1.10494379803964	1.39392560301887	1.18143058538166	1.80804290073849	1.27943456305251	1.17216501866913	1.62915859690851	1.38873705905779	0.952363581192156	1.23893822870831	2.09889149402594	1.00064742591013	1.45981983876148	1.66487312514697	1.53505932465926	1.17014728139693	1.25699868084242	1.27694413858276	1.02325032626257	1.08083975106249	1.16504826471577	1.48470809625169	1.52602569502448	1.08315873393931	1.44478261847397	1.05893621395834	1.15688112813165	1.63180794095574	1.23357569442194	1.36926190100382	1.67086167474611	2.0482674586035	2.70788454258861	1.08295132569159	1.49413060541234	1.41360317576176	1.28133706166851	0.997422475758453	1.28425689885072
OAS3	6.73738049243712	6.1621436017894	5.30886933494782	4.70286012631679	5.75424783835348	4.78539435765009	3.94156008993302	5.47490044433579	6.65250524463792	7.21508917036216	6.92784940706036	6.13907235152341	6.24538199456307	6.04424948815834	5.59639671909344	3.5591447242838	5.63843162355897	7.44093089404731	5.98893843467718	5.77041552328666	5.41069103587305	5.61621539468884	7.29620837774727	4.60639685502542	5.20711264215691	5.27030260790039	4.44522813423007	6.29770838587721	5.11566988590232	6.38739727106394	4.95829886833819	5.39585193906839	5.19440457905563	5.9780636361521	4.77062809745359	4.5852042030922	5.09233985100811	5.07838280298182	3.88301146035752	5.34912683815937	7.70350518732631	4.23858238932391	4.34564512284653	5.76051671555749	5.64024697588116	5.68740821569313	5.66208597824843	5.09033785551761	5.66099172219672	5.8150296898341	4.98339268468143	6.12279906737813	5.64900525588232	5.33065258685006	6.80029281338452	4.96807113198907	5.71063613950318	5.91667101077331	6.74152632190286	6.7660126909333	4.59878320001913	5.43488258001262	5.16137701599957	6.3902659895237	6.8870472764772	6.92982234091474	4.31564278069871	2.52865932230459	4.83140452950252	6.80924762005396	6.4336035121462	4.21333649796313	4.71098203469192	5.79857381323371	5.51358104270914	6.82134033793806	5.62507116774475	3.62251565002704	5.29450221728554	5.04298000158247	7.21427249222917	6.20195140543585	5.68646530599597	5.7886031333774	3.02321592678197	6.17941116778605	5.06024257993392	7.00796461655492	7.11672972886139	4.41196872019043	7.01851751395704	6.24105315420279	5.58549265868332	5.33653941905067	7.86195189651458	6.14442718444294	5.92001279210461	5.91065186249101	4.48063581329212	5.31867049624794	4.97308393017237	5.19703961398956	3.52831431112924	4.636372222494	4.58954487674816	4.58066935639555	6.11859631381812	5.43933882998866	7.01530145609492	4.8730898699747	6.16589862419411
AIM2	7.10272722851348	4.43598360843281	2.67496932002212	2.9251310807814	6.4874252608165	5.99700556851576	5.39224792422988	3.65728396606281	5.23113040184395	5.80989932949637	6.45479404112303	4.28861767044399	6.99604978326954	5.65041653527422	5.56078123946999	2.68615871509853	3.44828452670103	7.8757297924823	2.89470075475748	4.00629801103029	4.33004489942004	5.81494522721718	7.08386048968749	2.83777255043183	3.46042165303103	2.81613426001677	6.66775198313164	4.21979794721683	4.61611095691956	7.50140781188972	4.22633460176496	5.42845202920757	4.21244209519317	3.56377812545621	4.33003187422604	2.98599167216118	4.90626853834855	6.78303547720579	5.04633725138823	5.92266634107893	6.84354458593091	3.7636863197745	5.32627699817453	6.98627541288417	5.58884559099672	6.25675642058969	6.1033062315961	2.95210089999903	3.55689939056698	4.80630144712662	2.96790775867831	5.94533978199698	5.31171169749845	3.2920779281936	6.39463002675835	5.85664721278428	5.43318146131154	4.7653183253117	7.71183221965831	5.48072842996293	5.01728406659556	3.99054367768203	5.45175711396241	5.50300354227963	3.62915309242631	6.64153579421019	6.80763194468789	3.94548843140618	6.08816099701841	8.17315592956131	7.62401177873838	3.66319893006483	3.37278238000058	5.98180935791587	6.21394381736935	6.05224641359008	4.52499542672586	5.83266665119659	6.06974894704764	5.71614497069257	6.45364946095291	5.28149404695621	5.63083926997232	5.69370841842344	5.0689142580997	7.45957734181585	7.50035006780739	7.54626309397393	6.51304212373972	3.47406113670629	7.63593263449723	6.27296847391318	3.47675698607963	6.68039589884982	6.35132437598227	3.90140277114032	7.44868196471747	5.83082284812322	7.3298502067943	5.86429740175756	6.16439594074213	6.58296985806992	6.45145821365664	5.95349329629353	6.56184748942265	7.62815254860968	5.97646093235977	5.46491528041665	6.62667009315869	6.02975265414407	5.11880108023341
TREM1	2.94506108184108	3.95091853756262	3.03847328766308	2.42294333985307	2.63865589394123	6.71429304919596	1.82165107335238	2.53704718743555	4.48306420754601	5.76366987324942	6.73648847294497	3.22859025388531	3.33747799938378	3.16758928122093	3.80919558013481	3.15420438153802	3.01596875379351	2.66935549511035	2.43098072020519	2.2022709900372	2.45860390123506	1.96738447494462	3.27014387112428	2.83414200960767	2.35695598746836	2.31104757866039	3.20333355260319	2.36026300048283	3.52353870013215	2.37079766231588	2.90586843475509	3.23537645566197	2.99457651826542	2.63217668166128	4.83072928249701	2.20379691238918	2.77894691414122	1.95803999192553	4.46960489938216	5.06483009211676	3.42451660864289	3.05439066052974	2.25685122784978	3.59735150511122	3.53024591611846	2.06836642758577	3.95973131216903	3.19104517573204	1.97445133002157	2.51042757151427	3.11047335296679	3.19758757050099	3.120458522192	2.55341617962549	4.44785583076178	2.14353074233825	3.79300349126134	3.67531972600454	5.24147930500631	2.13818151612936	3.28160267226251	3.14030693598679	2.66003147580231	4.11051188255996	3.91191719160947	2.00062298414539	4.35236750064088	7.62259356908333	3.29666800850308	2.25850470326037	2.82644773479266	3.04240176581607	2.87855092053929	2.75219696418737	2.57357310595842	4.47363445300069	2.69939114522083	2.35764004401121	4.6330339969076	5.74711919791041	2.12839823804776	3.32319485075581	3.6044114836559	3.53658961422318	5.04703254467577	2.94586607337553	5.07540246114935	5.06611904275864	3.70412448654839	4.06554834629191	3.77216007694352	4.09179873109379	5.39377164830983	3.82062601013761	2.34669629379552	3.04263631644064	3.52918408338503	4.44829346938925	7.87099673710417	6.4306530652723	5.24215079300576	4.74294679841273	3.51440928868915	3.74271542632878	3.21227264402847	6.32507372520758	6.12427013517523	2.37194208701627	3.80266190571136	4.0330633554776	1.99981062255454
HAVCR2	2.69088141059168	2.75612256120528	1.82518033117322	2.52001853198236	2.31930549806683	2.10215296474802	3.43722365108339	2.48830123321918	4.57924343733861	3.78221159034701	3.78346415728178	4.43727562023626	3.13283934875671	2.62312422028848	1.54335696163003	2.56333100382351	2.80231277306789	3.81764996571526	1.78876367036723	1.49976727443562	2.37661600414223	2.87964232168173	2.66527622448914	2.18144040230814	3.00047315966174	2.70705107607868	2.54291106198399	2.16779477065621	2.46883424592239	3.25232540925944	3.73248349550167	2.03229334285994	3.03864711250668	3.08010487164966	2.87029264621613	2.28789204284078	2.0846121983573	2.00664793402248	1.80107059629045	2.58027070712898	2.65344966652395	1.75191099078928	1.39890561927338	1.75657122580216	1.94062514217264	1.71899754899206	3.39209025830718	2.44611083995613	2.51372998325904	2.92539250288195	1.96089270621243	3.81908387744564	2.26571918458334	1.97480505522111	3.00518349956752	2.10241444215962	1.96906618729082	2.59910608301071	2.35813215174976	2.4390785440553	2.17198528798926	3.98243754048644	2.68405023083844	2.46257074905397	3.78547665268558	3.65267170512186	3.56066616282488	1.93021611155434	2.2982756246657	4.17087704509285	3.09453354868148	2.26069924481071	2.8372090523365	3.96704524114479	2.90630513989447	4.4037903624165	3.73826027391434	3.08230264636964	2.90046600694748	1.78376849017283	1.86166198606299	3.48686654888584	3.54377128992571	3.2844495939156	1.98941676587745	3.84889533692721	3.19731847327955	3.38354212656163	2.28144293286756	2.62688776536192	2.78937117892794	2.07976765392681	4.24780424585371	1.73625390576565	3.10229979855906	2.86164477853082	2.48883964415467	1.5286106189886	2.49168646684616	3.48761380366104	2.92615058548055	2.37609481888426	2.66744948080121	3.52395828018069	2.36670836736966	2.58491082473148	2.55994491216652	2.36598661730856	3.26884020134531	2.16390279156849	1.4567622073391
HIF1A	9.60686795245656	9.61769782712849	9.05136071224245	9.31451718764648	8.58367085636368	8.14841611536139	8.29194123679192	9.72495964849916	9.49019183281492	9.16092702077965	8.93303456520358	8.72917297275262	9.62232243530106	9.00018004565656	9.40490316922818	8.19094661493911	9.71855422441638	8.51959060754984	9.25922941184978	9.42687924630403	7.87366653895435	9.97040526530835	9.61919280468085	8.96675728554253	8.07454924482547	9.3958699088201	7.24767013669524	8.2777657157933	9.22575241814616	9.00571208772092	8.81050086264989	8.69263435034348	9.13603500441636	8.8111675728264	9.06578927663257	9.36471317221175	8.69328995458684	8.38391741564501	11.1476629143192	9.49307875672289	9.25586385106297	8.69528035428504	9.37234906587646	9.11258058043989	9.62592077792352	9.27942734115623	9.51826663938965	9.08893690868073	9.19341972687627	8.92348206399213	8.91531500019845	9.74324730010364	9.54078299032497	9.57994170935224	9.53148888068657	8.75400960768931	10.4196562306357	8.65240732584	10.6790386653144	9.10600943460899	9.73351589966219	8.91947776886714	9.72672292977381	9.46014996415951	8.78711089120153	9.03161236215799	9.44841896790587	8.30312796670089	9.46001559298679	8.3650308542352	9.73482976533863	9.28714222576531	9.35799345483283	8.87397772487244	9.42230452278341	9.23175853172343	7.89236260025647	7.96199593067352	9.6662728681476	8.9229752973047	9.66179117310895	9.46675858697363	9.6497491849388	9.53705732429577	8.72234242923449	8.65694649364147	8.4397180593024	9.1322251641167	9.35359012321639	9.32592604578606	9.76008410623876	9.43711952867106	9.18483000663733	8.77057619826106	9.21298013510943	8.53508273456409	10.6341009695929	9.42198451425581	9.38445861604077	9.48459449156928	9.61929382740838	8.89643822109852	7.80152051415044	8.6813053247709	7.49138771973244	9.75157281759071	9.66303681593936	9.6407760956449	9.19669464343342	9.14719773887326	8.44738373389589
P2RX7	3.27174047543055	2.65500634392102	1.66485088027575	2.12812959482431	3.18403637630462	1.63846992747494	2.17050273143695	2.09420554126913	3.2679674277024	3.55870885520427	3.12809691391909	2.35487708971991	3.06594333112837	2.11432773188327	1.47348531111357	1.89946324075675	2.19201810354418	3.54405273187241	1.55062154243705	1.53453909839467	1.96765499315821	1.77751558009909	2.06842027201177	2.16289855717869	2.66115870962438	1.88645407931714	1.85169303820738	3.42563537812341	2.78450884919696	2.49637344303506	2.26583328444045	2.02517557687336	2.7568960564319	2.93929397546691	2.46206026008296	2.43131864424648	1.64028421677987	1.69160411176856	1.83430559257264	3.03274931009438	2.40139435155342	2.68789370512303	1.98235005278164	2.01090997016979	3.8887006785518	1.77651682930739	3.39583444740221	2.04104291763504	2.21624414728773	1.96446388769478	1.88169176794762	3.33212534322229	2.00201041466121	2.16534483596202	2.98748516238379	1.64152520379968	2.49255155042113	1.99680175258835	4.67445328933564	2.91554333463992	3.01979396940257	2.41016113928319	2.03753295959967	2.89987662314977	3.30835719462668	2.37343286297238	2.96052515652425	1.95129006514608	1.59566514284626	3.97472251947764	2.1090434722752	2.21283758826599	2.1917035377295	2.78645667379001	2.28881045733133	2.90658721897587	2.23895856999977	1.88828324231706	2.7783640868756	1.94094722878595	4.04112773602426	3.17909090087857	3.00763755111876	2.44924505266325	1.86632088215658	3.26970857858635	2.68899578354124	2.09078095949744	1.86994262425112	2.31513900433188	1.90355065083123	3.34332076618554	3.10139879542224	2.34658394398335	2.29253990751072	1.70586789899418	2.00909548029122	1.58924954105746	3.59843818711526	2.30489750963875	2.29558151005589	2.48051165773237	1.87652698873631	2.50329069617361	1.52060173634572	3.26256056472622	2.4479499140694	2.58635905660337	2.74553732926474	2.59934655456661	2.12547118194326
TLR6	2.65892323595865	1.52147824608322	1.05825708537508	1.43804779929785	1.73042055721186	1.8138185148285	1.41654935029099	1.63467964475326	1.81108888364666	2.17332672185605	2.03584940810849	2.28447658184888	1.24759344271335	1.7049694918828	1.78575991649575	1.47388227856017	1.83381690026435	1.80658181848152	1.7178918299993	1.37821928658996	1.64587241697736	1.79132702604099	1.29220849235136	1.61881047350877	1.90677930898868	2.06519152513919	1.15486051996193	1.94748828583191	1.72900923295249	2.30147674180189	3.2725187540892	1.37720868821884	1.5157661980654	1.84651179634967	1.51138315070726	1.34077651738264	1.10337437648815	2.01242997807104	1.3192780115962	2.1077399578849	2.00491033902649	1.66401581902339	1.50952044861948	1.65649291196253	1.23133967907097	1.15374327161323	1.30273329352175	1.30358869174266	1.99434266475221	1.66732969321634	1.07117028765146	1.87101467378473	1.56559088500208	1.38343655966812	1.42941399658084	0.971538868028725	1.15755748592891	1.76132506245518	2.24449205803273	1.32472613358015	2.13368351656229	2.00225911723406	1.84199414176858	2.16139133502413	1.72297731549248	2.410250413184	1.92693450397453	0.916191161204859	2.09801622907515	2.18072584899417	1.56012519159783	1.37458806029093	1.45944543776203	2.36354507231264	2.18032242401364	1.54756733193431	3.37103967586566	1.60791583164595	1.95793242445532	1.56934707971152	2.45852985601232	2.00053649012138	2.13795850407886	1.35206622363341	1.52986265057471	1.3619769343586	1.46023690517661	1.78050994054353	1.81586332625961	1.32357751130937	2.06744526715271	1.7552374352733	1.5562909079365	2.14409505843324	2.23826673616587	2.06344617489746	1.334385823135	1.79952655382722	1.4532656947335	1.94068926605415	1.73591974492025	2.17530906733487	1.21514896880716	2.23467280376384	1.27516798694737	2.099891840392	1.75428493132925	2.05017688877584	1.22626026511332	1.88801302892435	1.5199025505048
USP2	1.47752017591645	2.10951826458163	1.8111985274315	1.45185250971691	2.080038523896	2.3278922195434	1.40727325393022	2.57199024729316	2.62434309055129	2.06713806681676	2.25692544556348	1.28792582336597	1.94919454582687	2.26230704791355	1.31833936941786	1.49196747915313	1.45575792403715	2.69336965159048	1.43545216486515	1.30616420061149	1.37739836701753	2.29049461247888	2.5244837183697	2.05277979527926	1.41706667252615	1.50977344555563	3.9346013289963	1.54057349019474	1.56955119331599	2.18194329694151	1.32943812624845	2.0405926645781	1.69272244151402	1.67916777388738	1.66021024041714	1.60951935669148	1.63732484807711	1.55235423077741	2.75710762527516	4.1464082373043	2.2216911269155	3.20630162031564	2.18680356212942	2.24587614397075	2.3580191184335	1.77145493185479	1.68096036285028	1.80864085270242	1.53381699291473	2.00207346107943	1.70226975008025	2.35727901970311	1.84091766042518	1.92760239705892	2.23354968377239	1.51228406682442	3.24234438775902	1.5149916205075	2.19208456181227	2.67031538194084	1.51986577857698	1.46966427339907	1.33615185905347	2.21466290860158	2.12082724244185	1.36029969409121	2.54587762921508	2.45629319185337	1.25712990594326	1.89726620649029	1.59945413548335	3.74642704359829	1.58202182457277	1.57574565965009	1.68392849989853	2.36002776140892	1.4769397746044	1.61720135112581	1.82290918606797	2.37208505452997	1.80479396154714	1.72792072188625	1.84139660693749	2.10224024487453	3.82859993631314	1.23825223374967	2.44686154931391	1.59601386181551	2.90230279719542	1.80900684120655	1.27078241306456	2.32906263515921	1.86562442516638	2.8795488135329	1.57462619790691	1.66963909992036	1.88189330019164	2.51084056309163	2.31961203684854	2.52619327963355	2.51886160550493	2.78937774215835	2.16220080167097	1.42525102512932	2.27835782033719	1.44028532847368	1.68016483718311	1.73547339232342	2.06194626059301	3.2721712774807	1.54932738061435
RIPK2	4.0597451468989	4.42059919722166	4.84113134344968	4.42550304208466	4.40943986342935	3.57390042694543	5.59850347091833	4.6523468474617	4.51741574002002	4.99614513830531	4.73059890007958	5.45384462543797	4.57089251288167	4.4099953094312	5.08715273966275	4.72135830797628	4.7364629144592	4.2802595813156	4.28120326086601	4.69647058972624	5.50491298240993	3.92317276118094	4.48940263083537	4.5444720811054	3.72315520074091	4.31101887185761	3.85122910627325	4.29986299668575	3.88375081588872	4.89957572287857	4.4146930854059	3.6597577220367	3.80735979037241	3.83034845060569	4.26351082689377	4.1223956391066	4.73979601284898	3.97415291341724	3.87785287792144	4.73386530969829	4.54140077746072	4.03489243427214	3.84482653682048	3.99850149171135	4.30879587346054	4.90952379181267	4.74288450944887	4.41330042961119	3.60744936710712	4.45675658948	4.54085299366723	3.78021779944343	4.37832890578978	4.062020469396	4.59391118708629	5.21286930308716	4.3131518538099	4.62005013254993	4.06548985668707	4.53514159209235	4.03761906103776	5.1348237407545	4.47719129634078	3.5676381211455	4.53903170842412	4.36956613038061	5.31060656630959	3.68792671395645	4.26218718990148	4.93835420249735	4.43710575352281	5.31061185489002	4.52742168473852	5.22809417312852	5.12614360752946	5.39399031725745	5.38017626734157	3.96919568154962	4.2432435571086	3.65608894195603	4.27718389994613	4.42983336985837	4.38023442289191	3.77029130382836	3.88688453541037	4.9077550578941	4.68579649698087	4.9881182726434	5.30083472485778	4.0104769561434	4.07635142818427	4.89411781961049	4.5884034689822	3.92309726811569	4.92529591317267	4.30296657972755	4.74383100199775	3.98214665003653	3.83710269855806	4.57840044603162	5.0642929613119	4.53996129377593	3.93561837981007	4.70389131501437	3.75265417890288	6.1465245125743	4.60751617318612	3.94414892440172	5.09256854064086	3.94772996812442	4.51309338986606
IRF4	1.46307513805219	2.96716488135815	1.35316725321759	1.83899193627015	2.51060529996435	3.22612974868616	2.31623313079262	2.54376077374745	2.38479710285807	2.29375945004557	2.53245952542221	2.31328271776901	2.28685908810163	2.62214112701305	1.42676227227952	1.47229777849612	1.98229354740449	1.87910904567515	1.5316396817834	1.4712497002857	1.7225825742788	2.38012513778335	1.99019370578191	1.41979664503079	1.71352248776198	1.49867041617307	2.09121944055786	3.70573931982479	1.45956196895883	1.86202459475299	3.33661386554109	2.07016350960458	2.31435599000483	3.52190521144668	1.60704384257421	2.0267454331271	1.7482518563222	2.13051597753352	1.90164501566482	2.07892145548349	1.93652697274234	2.47890891602615	1.30728472926588	1.33271449400221	1.50339588113987	1.96656373064183	1.91680535351255	1.41394603582989	2.22316256936396	3.45447059814743	1.47944605529265	2.9118833870032	2.20366694438963	2.8514488972196	2.39780281811179	1.60177522236865	1.6332112280019	3.05078160510662	2.1115300286417	1.64700582781718	2.20682825386875	2.96760078272393	2.73900150172485	3.12418126677422	1.84012286175021	2.57421639846963	3.11051424133817	1.39907053347121	1.47253174029249	2.36757574689455	1.92369811545136	2.47891304954566	2.25369766070919	2.6793068628525	4.19287704302698	2.31240323668545	2.78701741951685	1.54716593904581	4.05648141355096	1.93137733513317	1.83527800838313	2.44586058818188	3.76117187149615	2.55954192573748	1.44284626872836	1.99678120852464	1.81114199029892	2.51496748981944	1.90283789375014	1.73715801103274	1.95344322653521	1.73146467574201	2.23362177723092	1.37962789473319	1.83188722930149	1.87972477017258	1.75123866735473	1.77207596401505	2.3751973167386	1.79374090131606	2.22829619069559	2.11994722702012	1.7660091323988	4.06313406529885	1.44285244650607	2.05494203993663	1.59213910333823	3.78567900278826	1.77939264708657	1.37471969728944	1.37141022570854
IFIT1	7.38220272390416	5.89767248724835	4.22652401644763	4.51694949657279	8.08093551123449	6.72297713978064	7.47757771079339	5.78915802515892	8.95440561267746	7.14365406756305	9.52469623112123	4.63922494412263	7.30814359130937	6.26866581719088	3.82436817107044	3.88148740474987	5.95267032922549	9.81572444917953	5.69465808731426	7.48279482575476	5.81578909170389	5.51624708331517	8.48032610743447	4.27708130841375	5.1701063623185	3.7394246475552	7.28913855657607	6.52635834086556	4.21596658305478	8.1860497643821	4.06339331739044	7.11955883631754	4.6098918184304	7.14455495389876	4.68261472283735	5.39555071750169	4.8357324260349	5.29344639900014	3.96675025199998	6.03468167001254	9.00508365088709	4.30292653107338	6.27772872043077	9.37245475233495	3.72176516595301	5.89075240266231	5.68004390881019	7.74126535669203	4.33155444833624	6.24803062197652	3.60124968455123	5.99645560883583	4.46431125696092	3.425049761286	8.30159888741099	5.14693570887952	4.84471856027999	3.96395446554846	9.26591916776224	7.75479350174797	4.96231733102125	4.25044447134697	5.14239809358043	8.20468364848318	7.5023956984198	7.14326782615143	6.08542783367622	4.05241813482042	4.1943232914432	9.96954817554107	5.81682774613334	3.55729877715494	4.49663605221564	5.07770807925816	5.38521946534336	8.98347808174115	6.74186272439722	3.4485940170528	4.9568236872158	5.420861172844	7.90454697950194	6.93812540742594	5.69445197210429	5.91368552026007	4.81889392435714	8.72388155418244	6.44798105206251	7.83617261729892	5.97374269097017	5.40290040203525	6.33681838588435	8.58711016846735	5.92563753439193	4.69542653660795	8.70478261708576	7.0595338763844	5.84478534259592	8.30383808429047	5.59160100690851	5.20504403614408	5.61588713271635	6.48648062626385	5.18757712212623	5.08950343152146	7.16513622994366	5.75418892477978	5.21620203003225	5.07333530474675	7.42099332623074	4.57088403186071	4.22330709414664
BGN	9.33207955393687	7.52809533151008	6.9181651597004	7.54174201431322	7.31649220703016	6.71005125765092	7.71563590302876	7.0694277139216	8.74691265004191	7.73720554761452	8.98106489604543	6.92104344724811	6.82706651744011	7.85191019864727	6.98645426584984	8.43221313607942	7.47257132549624	9.80616486568537	7.35250370396901	5.24602404366107	7.14455360107026	6.67024896082253	6.23776242329944	8.15141685472576	8.94950076442003	7.70356435192451	5.24117362523674	6.31576080790487	9.36903197969549	8.79812624223019	7.66049592431822	5.47253350644073	6.9567262321191	7.41757693224575	8.82980328167935	7.54101996032178	5.26799075231813	4.01327171554004	5.8654657232173	8.16952899298071	5.09728624946931	7.73514397454819	6.43954868230233	5.30272884921027	6.14395071679543	4.72609332266265	6.67061044335444	8.59662192708032	7.22239897187993	8.34065057990335	5.39060785053	6.98643725574367	7.54081428264515	6.0581270270095	8.35514199660432	7.42618571412958	8.46295535795974	7.25250009488435	6.18252334251902	7.22785902243302	6.88376595579596	8.85988367085053	7.40204949854708	7.58636344297058	9.22612882701313	5.73409810506748	9.06064922287505	5.39806261451856	6.72932962033742	7.82808039470942	6.81164143487069	8.54430943193598	9.10878708856769	8.27594056180895	7.20047956456934	9.38157473581812	8.11886398494658	6.6073675918898	7.15854407326634	5.74961989388248	4.76224257335724	8.45118725639404	8.44222992479144	6.08632950424818	8.572144988104	7.79500275049996	8.98476647052908	8.57011070392319	6.28047332960838	8.4246748543867	5.95826418224379	7.55437345137861	9.2604445172751	7.8384688841093	7.32747375179713	7.50925209042604	5.4372327753984	6.43080766206378	8.90818240051707	9.01591923875091	10.3064557673478	7.29481825198577	8.4348707643389	7.3650678444277	7.33545314729279	7.22060168062145	7.9659444018812	7.30646616168554	8.69372230935477	6.77694298248782	5.56887083414493
TRAF2	3.56441898369532	3.31747941569042	2.85546680022111	3.30068401024758	3.94009363398672	3.60226188987451	3.42726481741828	3.80952425793577	3.47608902180681	3.40607536439152	3.44052375268546	4.31897486233989	4.2830572095289	3.38425182229691	4.43411968017531	2.93997728071461	3.43853475838777	4.1379421208788	3.33947363906325	3.61224956337585	3.4415224143346	3.7278973447004	4.05940143056128	3.16215388929849	3.55959727916817	3.60280657264419	3.67486612495163	3.01411311926948	3.0176717294726	3.86236910718517	6.27910730966173	3.39730042240713	2.83732592399973	3.28993997988252	3.67108899392831	3.60252575282905	3.85666387750091	3.82382827401056	3.01024395535611	2.78049413694932	3.63464893007311	2.72971740105553	2.97693477088263	4.17001587463715	3.58686099107021	3.4069712562035	4.10870794499234	3.25295140457515	3.47127354500342	3.60822534101496	3.31683564342429	3.50553114189529	3.58471151595491	2.89913562464171	3.62442430041435	3.53993207353485	3.26172237874612	3.7551275980617	3.75844464861214	3.55088225077878	3.12027358887508	4.24983193263547	3.23389194544571	2.39880315780876	3.75778605569457	4.04152192206696	3.32939142239604	4.13601410362454	3.37171737206603	4.22860276657769	3.35649269225731	3.61747722952113	3.35624544347483	3.70442505578459	3.51692221024801	3.8132082143333	4.17032052104427	4.3430228848461	3.24039769358479	3.19371261181312	2.82317698647221	3.37727489094902	3.5645207835706	3.43543801305886	3.37566844272587	3.86270260020523	3.78611850274801	3.77533728583715	3.32852318644195	3.06726627718562	3.88605772185296	4.12689653760747	3.35220751100938	3.95792166694495	3.61704697079086	3.84945841097851	3.25747565062457	3.74227209435437	3.49284576503314	3.76327889717325	2.67704140988383	3.5863201927862	4.20869073475411	3.68655136460873	4.61474715041025	3.30488667215103	3.98637931085268	3.92966986732077	3.83866627326242	3.10427165620958	3.88143611505138
ELF4	5.20414387164785	5.48029189050512	5.08557201408347	5.71951890782856	5.60838659409251	5.29659843433874	6.3508804560131	5.47782744222343	5.89402182870009	5.82520160464954	5.10049170834866	5.82361533315733	5.08214461350443	5.41161841875495	4.75372757109837	5.06823996348388	5.62535621029323	5.63714448076939	5.94140223455778	5.06520261031799	3.56396722496596	5.0095846674503	5.24619829960816	5.60479248418051	5.40636457691102	5.48637151255938	3.42571015785312	5.73105070757771	5.7575858291538	5.33692764651582	5.168881243101	5.44625122518399	5.55510495957597	5.29092493884308	5.13019972672167	4.87617396765503	5.07363529878579	5.62526832090768	4.97174927915405	5.58252426077421	5.62119794468442	4.40167595212285	5.66599332115486	4.29013974592578	5.06275021573728	5.56404493320306	5.19769427860481	4.88293362439714	5.90679145311739	5.70652495532722	5.11935142179065	6.07331537049837	5.90811327007938	5.70754917190609	5.49095556027595	5.34148293486112	6.25091738286925	5.76868348055511	4.36214044864128	5.17932332058534	5.13787921228681	5.66159342985884	5.77538524309578	4.83916007085004	5.73043422062815	5.70579810828743	4.53466214065153	2.72367360267603	6.08708387046096	4.70904872729142	5.17598882059606	5.46157339872187	5.51238127250617	5.30272230659895	5.42286350176188	5.14835419271107	5.17010340527438	4.38086186963619	5.50370318459016	4.83436173418612	5.04098482242519	4.95516105247524	5.1866962933601	5.65154591543285	3.28936669291012	5.67098031589682	4.49222028681958	5.7922945236065	5.86968376177683	5.83321438839716	5.67037996497889	4.94693200344914	5.88581232269373	6.0525512105632	6.29992684515604	6.08754564100815	5.10210556277145	5.36301355775685	4.76709640097001	5.08038975864866	5.82617424289181	6.03128105320742	4.21910290303664	4.58252463335144	3.68973371724297	5.21851168540176	5.48013977252733	5.33533660552515	5.83485106146657	5.50864838709164	5.74549213716213
CEBPB	8.54390575679397	8.05472849373015	8.37797805585688	7.62409862846916	8.49985543818763	9.01753270782022	9.12404396064496	7.95324301371344	8.32403767368475	8.40749740934105	9.70454823878034	9.62859046333091	8.5890337732852	8.29259574977016	7.63181707598802	8.8612313892958	7.48099713427012	8.11709730772945	7.47862862375338	7.58573501057597	7.17718302350411	8.2360750236136	9.35934090770135	8.44617598116954	6.82928651652358	8.24942671274969	8.46576657817228	8.62629945043986	8.33335905038757	9.28388158090539	8.52117553938682	8.69043050936322	8.47818321812728	8.04803375807045	8.07496946802903	9.33557862747902	8.00612475597767	8.44883056161483	8.63182650981269	9.6103238419063	8.73449020977611	7.73789619261374	8.72600783447262	9.47320306110201	8.81580824343924	7.69270924828538	8.09614378832731	8.68325098420099	7.69410780199881	8.48182414196708	9.19298697338811	7.61266202619301	7.4222565298448	7.82918505435095	8.31980176462652	7.68278440037456	8.44526533301516	7.8943325945467	9.29153069298467	8.26682950606745	8.11790924937979	9.78249720312081	7.51976476182935	8.35648285255969	7.96038166235747	7.5427124523573	9.58358895543554	9.54461033937091	7.58129775935886	8.33614600392379	7.46334600099387	9.07769977225805	8.60037934824014	9.28900127566786	7.93394752375546	9.25670957943261	8.83786441386718	9.84270778222714	8.39235233973591	8.49522340560399	7.51188149914786	8.22361976150475	9.16094233493706	8.90449231401488	9.97382177614645	9.62502005228628	9.33281057703483	8.71458023347091	7.89956062407734	7.9993234640886	7.68855432197265	8.29809114728655	8.65941316437969	8.53561324841726	8.98700200669231	7.5248522675752	7.56713104269106	9.10237559698765	8.91736044113809	8.74664435685096	9.00012141448196	8.80234560648787	9.92323824095285	8.3383966653499	9.27243719919989	9.19797866136797	8.85274917411385	7.09812781253282	8.42386837683685	9.23623992634402	7.59590833196163
WNT2B	1.49078921595492	2.97295513742811	2.24887403071604	3.46152364291649	3.08042428058585	1.51321339712051	1.27506651836723	2.42919036206873	2.09796175793646	1.56388187030438	1.83837299574156	1.47552306249971	2.06591744543403	1.34206490149152	2.52902472502979	3.0526628392397	1.84832372000792	1.58366752655699	2.35508217966464	3.1235135733001	2.44117667762188	3.19542326695726	2.50847736196716	4.95624274418571	5.34947817221998	2.17036187206291	1.30388972349049	3.78602825033037	2.54135561547781	2.24897371272422	1.50595754634683	1.86735393325688	2.53656819661371	2.83243954050315	3.01123706199384	2.9483344721709	3.86367815858532	3.07031501882463	1.59624421235144	2.18169376416077	1.43182218446026	1.97831974241098	1.9340562010664	2.44540279293793	3.27696678979185	2.80080970041717	3.15508983954888	2.30630994997197	2.20716822688116	4.86890891281216	2.5902165743766	3.65858182619926	2.47917831407487	3.44302910211176	1.85762127594276	2.90578240449058	2.45423532309919	3.50408043114798	1.51302050251788	1.53698204123735	2.71567988009672	1.43241554251531	4.85062699337777	2.66819297452238	2.21371753948177	1.68773877126042	2.18011555437332	1.13634353131478	2.00931871277359	1.77506332970782	2.03850859327888	1.66325411564778	1.97008122325399	1.74803878064771	1.88418863230831	1.51978565614072	2.00168132442078	2.87857078838662	2.48564545120319	2.55766498939187	3.56401802373634	1.68215912381763	1.47620033522105	1.7208893377033	1.98581896121734	1.90634003266974	1.74329631635505	1.61542529149187	1.45718533843952	3.54051538983023	2.86545289025243	2.78646927998826	3.06392036120005	2.0739454005761	2.5564906205127	2.8733916890036	2.93224032325138	1.48926601198798	1.9978180115017	1.34713655939482	2.30150782261208	2.16732968533131	2.04524915297837	2.58305235933318	1.26288522459434	1.7669793442444	1.49485048003356	3.60791410113074	1.33610296955684	2.3931797172176	2.87275340472515
UCHL1	3.20930491649577	2.00601329957596	6.70034364457963	5.09514724383	1.15650402392704	1.44124198917853	2.72214901863389	4.81233777271356	5.94543314190632	1.71239226256195	5.0259782618736	6.42789289793318	5.48854568772334	1.31598048772343	6.52474129888804	3.05883716741646	1.77282082137852	2.52753571467119	6.02095074217535	3.72103436622216	7.01758660839043	5.56935312926434	3.70294353909993	2.83811723391254	2.56710901649257	6.5736849122405	0.916724403198523	3.03124941271166	6.66677159338083	2.44745015189259	1.51205376102424	1.37730604741869	2.56313327683913	2.45463687091617	5.29245620815995	5.89826160938528	4.3488170497604	1.23362618927203	2.30646000801536	2.44067616098111	1.05880778466706	1.31578170413551	1.16603535587999	1.36802062407212	4.65268097379454	3.81339588683029	2.25520196041689	3.06824316794521	3.00455623131289	5.31480934731458	3.28606069256058	5.42471324420534	3.12506578406826	4.21607938322805	2.01297116335762	6.14031312191451	5.26973163109427	1.32881378437087	5.61911109135621	1.36730878286413	2.83425535215989	2.17091116318144	4.12859199109346	3.97012181285633	2.2455446861991	6.94772819006456	3.57785905811944	2.22076539372288	6.57791299608363	5.98314834063572	6.12984135275012	2.33901427614923	6.02250742853235	4.58403228230024	1.84036506962859	2.73712998813547	3.41712926581885	5.44668550416031	4.54306466529584	2.74577607223374	6.8179684931405	2.4195268147927	1.89284716576359	1.33381027317511	1.92101729526753	1.46655071755288	3.16538288131594	2.80786339677898	5.90285869010647	4.47889120669053	2.13015828099385	5.81353796340731	3.77441486964562	2.99567761259943	1.69860844434419	1.80061815861753	2.18699665362085	2.34215653961879	5.342924332628	6.42327101093084	2.53907380949143	2.52073919619235	2.18165128052382	5.90899518599929	1.21019153960397	2.08077646773609	1.67270858473681	3.10482262552762	1.93169677695405	4.41453220496447	3.9729372855587
TRIM6	3.05229214223745	3.53867622108798	2.55952830415937	2.62957191448987	3.21658632956663	4.64126606580842	3.06967649010411	2.33283834102911	2.81818452841984	3.91417905285924	4.37270935212509	2.52491762354512	2.68104296791842	4.80251346999466	3.45391710479525	3.03093471551006	3.33471624946649	3.12559964815947	3.66016073189996	2.41448453361614	2.35459627972696	2.57215783207837	3.39151565112019	2.77191957919877	2.63824778091148	3.9910909542037	3.49941073557083	3.34694287000658	2.54941047802831	2.64743643740092	2.39292646308398	4.16387511250372	3.3580578737597	2.95403283755673	3.10426871529239	2.33827504940765	2.62183328949831	3.88802686836135	3.11527329532314	3.44075321774385	4.30309100963214	3.6724140840928	3.45432242447115	3.46628192035111	2.49073692658475	2.73191835595299	3.02936193475484	2.98894906302429	2.83713692210607	2.85181944406728	3.07132694846603	3.21468945803177	2.93180287793537	2.62658370754277	4.08871361894401	2.30844246607091	3.64541296119247	3.24564695481324	4.68817207193735	3.65787013328467	4.56127337974737	2.43068444086505	2.75247842308102	3.97588560199977	2.86225456392031	2.73759770459985	2.56541922216486	2.39851188972258	3.07340271085184	3.75762892010834	3.4712064168486	2.53982955316203	3.12383080707966	3.04752961653886	3.62828479461785	3.80364129582034	2.61603358497904	2.80090304474701	3.41762713592593	3.56230042999866	2.91248925577988	3.18320822294791	3.80971067364378	3.57210358546525	2.17000378809574	3.99795685659582	2.41942166960282	3.82986644842379	4.23258101152117	2.589954599481	2.50779967628632	2.77361021927607	2.61613485137163	3.82795880070724	3.28839307738908	2.48482393938942	4.16689648758979	4.26786018694805	2.64431357846993	2.65098897537335	3.19070636629151	3.28570617896043	2.77061052902398	3.16604562257704	2.28085767235132	2.71631502577709	2.8567213983619	2.68654442299164	3.41949438585948	3.03372174651911	3.77007075716265
TRIM47	6.22646853800511	5.25819210275371	3.66149541708526	4.49808327068203	7.09159921377488	5.64648134562424	4.78589677367434	6.58250723188403	4.71833954459123	5.44582283900959	5.26414849559086	6.5524422726256	6.45734990088604	5.33627144243145	6.08025218369096	5.35739564223477	3.47936991239636	5.80752073647199	3.84356767228883	4.96461590649387	5.95579992912397	5.99033796033874	5.62679221317576	5.61946026601768	5.35646863841196	5.43192063974696	4.5004717713162	4.59683529302124	4.9930860511196	5.86771239752995	6.95363487269969	5.04214770688679	4.72752292720811	4.86634415200133	4.81612630334263	5.27117775779305	6.67636766533101	5.94657419375563	4.7112671397862	5.73545074184281	5.00478704513912	4.20406066041481	4.87329286002071	5.17594850937852	6.69737163813153	6.05248065448207	5.41030880405693	6.44807512801402	5.56716006726275	4.95301282814911	4.69181727500834	5.1644395981595	5.35848736530497	4.56026328552608	5.41790911434529	5.40751689148976	7.26397492805575	5.40396579452856	5.69064667508781	5.46161584302873	5.70156767751407	6.23606831275308	5.7891063154723	5.49156146947149	5.51485287532763	5.39295190550089	5.49662432570169	4.03501155469234	5.48535865229044	7.70725857195039	3.50049629022912	5.09487001113096	4.71572129348042	6.67933293246394	6.02273369433447	5.61815041979089	7.43012968246977	6.67370521819877	5.28832322205049	5.14032444217876	5.96128849745608	5.64823169101927	5.5432684956004	5.6110972837099	4.06534030241467	6.2114214507032	5.95008698983747	5.45816012706069	5.84470848011753	3.83611363859833	6.20196748851981	7.35007643249627	4.85509358235131	5.92781117387096	5.50906439901753	5.4439520046111	6.12769086197022	5.21378047743512	5.8977096639373	5.97418673210389	5.36255871014548	5.70981314788987	5.89669141950729	4.4109826971169	5.27174052835489	5.61108514589253	5.82691712260544	6.36235640201109	6.03657679208843	5.37094319365819	6.53561896846455
TNFAIP8L2	2.78635498668666	2.85586801365405	1.64072591587991	2.33414464928794	2.37729572661341	2.58150978853034	3.0335992589182	2.3637153921161	3.59426697916322	3.21578440387797	3.21754258543211	3.01824304351336	3.23430580831741	2.75928704045271	1.54609122044283	1.86174902468658	2.27624567203248	3.72608673980324	1.5146324264384	1.75088303599763	2.54304668465797	2.95467008876974	2.29969654649162	1.71651771262473	3.22390297679822	1.87315716103955	3.70735126871915	2.74931279553538	2.43628555289473	2.62467333214462	3.90254577382117	1.98223900346858	2.58017529942341	3.00742464116984	2.50262710852442	2.37741378368657	1.61605764676871	1.7987501859274	1.83835573985729	1.89549514118384	2.18756277709225	2.28715781294937	1.64161699137321	1.61853027090731	2.03228480322237	1.7273269496806	2.51911773096474	2.0408318925267	2.33349778420666	2.91255783368176	1.40268836855529	3.31846163875002	2.28186592996747	2.35678267837493	2.53160681962736	2.54064394576985	1.7713539237746	2.82050604434998	2.16454063685109	2.59174111885865	2.46341103588243	3.10416825653415	3.07046631155133	2.70270779465307	3.16690643028383	3.06718652069372	3.53546923303151	3.3965120684051	2.55648270743074	3.97431584363026	2.46971105758233	1.98865803870419	2.86730484954875	3.06987942173194	3.84021392045012	3.70262126062231	3.39887190000326	3.02321521536597	3.0031040730469	1.78347525942636	1.96061012138191	3.40086118476417	4.16303700311335	2.84340994731122	2.23313341623667	3.23564119321397	2.88248398096898	3.06364208187955	1.76485865136416	2.11478884440797	2.58888755489406	1.94500398184232	3.23847483585269	1.84040274513508	2.38745690202276	2.37329323586514	2.261684753459	1.73920600751533	2.74684341054389	3.28965880659388	2.34222955661531	2.33720233526284	3.54521771049894	3.17781218089169	3.21959238329249	1.9841285520594	2.4276993516966	2.55600383047503	2.83378435455011	1.90635588935767	1.60921198523261
ITGAX	1.9753230869962	2.74962031671078	1.9393326992179	2.80410695449924	2.37772265117808	2.03494613558455	3.48207207565715	2.78639960133522	4.16141143285217	3.90826434497302	3.4532748138756	3.0440293530268	2.97844159820477	2.32454722054821	1.99579555390908	1.92844192887576	2.26765800100571	2.86083597070372	1.59619960514631	2.60707525111398	1.88345946333521	2.32293036327665	2.20632849589772	1.98833515890435	2.52912653336742	2.76131035633582	1.81436144529656	2.20106701613674	1.99371812365485	2.37188672353814	3.29195197155277	1.79077261392356	2.79705364412703	2.88058430368208	2.95857886045047	2.07473564007086	1.98898352356759	1.75516489588646	2.32279850825482	3.08150631642891	2.19649050300686	1.54887980328759	1.31400837698666	1.93919329845539	2.34486940015062	1.86773510159629	2.95731894813474	2.20712070243891	2.4090525406205	2.68914376370351	1.50986061634631	3.34860875517788	2.22219934506983	1.94701112189062	3.07783725659778	2.06563293380702	1.97590636040426	3.86446541797861	2.20410655425735	1.96790616678626	2.05606905549913	3.55886317018434	2.82584603592257	2.13601468702566	3.66969462625932	2.99252157328551	3.66972079636915	2.04459326873392	1.79916029422809	3.03843077076662	2.47516528725772	2.67597140854777	2.86778345537253	3.2502457455863	2.73846616194931	3.18609813527763	3.24803407653406	2.63785776654597	3.02757401470261	1.72756405551724	2.08569971322048	2.81853402161766	3.23179740418021	3.32571352160266	2.39291391520453	2.9747906320339	2.69510288981674	3.02326781923481	2.30382841715374	3.01905573723746	2.32541161771026	2.15965327065956	4.46172109725809	1.6071770393105	2.62345049221398	2.53644941717181	2.55418167255795	1.857604778039	2.13304868462192	3.26748808035066	2.4455197366646	3.00725427666177	2.2321860540288	3.61313635525431	2.15019446928358	2.92768029035496	2.47665586262345	2.04907958948228	1.98627291763547	1.76496638225165	1.63793448361282
EDIL3	4.65036422084415	3.29651368289501	2.97933624657668	3.31889932345942	2.58656816952692	2.79712156938423	3.87400922979942	5.3336671293666	6.1419596948161	3.43979820495009	5.34611111642569	2.51608212819601	4.59342145084725	2.469448177945	4.82894503271867	5.90948834018781	4.39380591260331	4.20289064948607	5.28606341186476	2.06722015993948	2.78085800720203	4.68325787769607	4.08522429384568	4.51712293166305	4.12331311270424	4.24682971741032	2.14826269704253	3.583804930267	5.84820035813655	3.98006105209902	2.98143068910094	2.09219614075712	4.67481816711685	4.10800453865483	5.1306757454047	4.96625583608854	1.71843371281639	2.04160111132032	3.21962098052359	3.93128238958323	1.74860904663174	3.9397568032227	4.78732198562482	1.86669004480607	2.57725141925409	3.90304278548363	2.56056963638439	3.89300823052267	5.06133768271307	3.63457499813761	4.0301433551639	4.26631478387479	4.32376870794533	2.57330888824822	4.31279925974758	5.18440129120215	4.45062610160141	2.88971614261944	2.61659803453475	2.01173786279778	3.16561614430434	3.60970097339079	4.38565466317689	3.81880696112468	5.05604786903728	2.77801214157136	4.3424834959589	2.11633197869346	3.68722790458399	4.74908065090204	2.98872127202559	3.12300699112568	4.81598358342813	2.5217026942307	2.97563720317401	4.10583060679596	2.80768059818657	1.82506331108574	3.67236178510028	2.9584049320272	1.9645082774055	3.87092186720447	3.4685759372975	3.95404477419015	1.61626785592479	5.23165171398985	3.96482586383081	4.83702385426005	3.54470513361068	5.12514322156255	3.06694269692848	3.26290382227011	5.39166655330936	5.14225405916925	3.69758205756921	4.03564163419566	4.36159077052635	3.60317357584851	4.92438978618914	4.19546355975718	4.13986981150893	2.8419269202829	3.06689968457812	3.03872093224152	1.84590001093509	2.94866106809772	4.3339614604422	3.62395652690659	3.62322622456504	4.17331225148821	2.46402526914641
E2F1	3.07525590358534	3.64186695611667	3.83823212466534	3.45886481680798	3.32592300397971	3.18961967444934	4.46501111789941	3.83051767976834	3.30484315120766	2.62757765964316	3.01953978554387	4.02255826129987	4.0221313659768	3.4868785445327	2.60189358011958	3.02849808395028	3.81680590457736	3.4109055279232	3.22196662365192	3.84077196842671	3.5636840399895	3.15164482484688	3.95594094574816	3.47877392517739	4.53116836596321	3.45960355140248	2.97822912142761	3.95706974250236	2.77342208496022	3.25395986208879	5.5454699680624	3.12396563617492	2.58333730567454	3.808726328536	4.24473361834913	4.5508520919247	2.69597681689944	3.31175151194492	3.13882442468644	2.12978611502324	3.07739615497299	2.26845070882509	3.56455566037994	3.15221966548958	4.32596569646653	2.98034408331632	4.05875745792244	3.51005760496335	3.50543688176049	3.91134533926427	3.10950008073389	2.87542013745927	2.96511066345037	2.93576484937666	4.01108047973105	3.46353427918175	3.09222226645006	3.65619777114498	3.83683599551429	3.12050686763556	2.94970974354335	3.40005655994907	3.25993688614562	2.64646594678856	3.64410761196814	3.64691944128058	3.4265551378526	3.12109153185258	3.06809004047971	3.27061421115897	3.60764386143871	3.07497929749419	3.70799644674899	3.29022995513077	3.21118832556308	3.02474121248498	3.96061001298449	3.84411592832166	3.05432628173634	2.91732016566459	3.6695562684344	2.49217693923377	3.23796815713948	2.75540477895447	3.04405470883065	3.62765091535426	3.33627163413088	4.01132256972771	2.7740940593847	3.51869056882182	3.08444959579962	3.08443664314787	3.54268773222685	3.12300443149549	3.02037367604414	4.02983573521124	2.69871481654661	3.30027162885428	2.83072408366392	3.44699604598873	3.12681510136839	3.67904150753564	3.48603492696723	4.00857400252712	3.19971012282618	2.5477325182034	4.17594878491346	4.29264793343298	3.48681372986513	2.62465334470765	3.57847647563928
DOK3	1.98250734586898	2.5400788826403	1.52142372431567	1.98092111854885	2.41282842333346	2.3562617138764	2.22567783556603	2.45140131983403	3.36531707142824	2.8621632555316	2.47483123973369	2.52056784109767	2.34205490709364	2.00121531799916	1.71883096395957	1.58412392813686	1.95657666271931	2.63087772393584	1.3421685462289	2.83204601790083	1.99786048780602	2.41191769992207	2.05881504149338	1.51683695146026	1.99638278124528	1.77833687935548	1.78575931771481	2.32990094001527	1.59031935390196	2.14189404439085	3.25906365212342	1.76993660531511	2.49725559924849	2.75327659525994	1.89436226945627	1.73129371609638	1.76212894376836	1.72248575596142	1.66232838522953	2.00087278110185	2.12319929085426	1.825833875308	1.41134718784558	1.62440233783588	1.85950698848088	1.60773349496223	2.07571983426123	1.66114400632886	1.88951372292467	2.8585740721062	1.46147968953833	2.86825256493918	2.11824587859365	2.12429638042001	2.51982305971654	1.70028139924978	1.59111142418552	3.16091898055841	1.86318335977813	1.95841858350183	2.03064999354148	3.08568323046766	2.5521253842194	2.35786646369381	2.75757254132022	2.74359445966459	3.06251669962222	1.16419161110434	1.568274884785	2.62256623988359	2.20450377428334	2.17539506410135	2.80203732233653	2.4902553605152	3.71775532383433	2.64066700324781	2.81705623844035	2.03122969326372	3.07465387242725	1.6544151724772	1.89565629364124	2.69154159730358	3.75591075352203	2.34850836560053	1.46603748757543	2.33609787510949	2.08597835918475	3.0409927448122	1.59463989164545	2.08292442113015	1.92627236939035	1.55261674834986	2.81016629777397	1.65893380816433	2.03802571505865	2.29246787188191	2.06421780042523	1.4650294728678	1.86394241286554	2.68945752538782	2.22124907047422	2.36314847002359	1.96945290364606	3.27608671834543	1.57658193806893	1.63546477992533	2.60543823517083	2.76232325833259	2.09165934237671	1.65421688078253	1.38227130401049
SCARB1	2.95276467301984	3.21933803690998	3.93734802365072	3.80096583490496	2.89006853116581	2.56224163804822	2.91666114246276	3.89447632814435	3.31797396123324	2.78234462021669	3.58324530141633	4.54947142857044	3.40120548749395	2.53135614421404	1.62670486692662	1.97890774475269	2.94631622610041	3.41568139476327	2.64741084364813	2.67390276946867	3.78335837586206	3.14448460633423	2.28997701212365	3.35144547516277	2.66130263141079	4.17903663573425	2.38440211290476	3.76459222163469	3.24974058469388	3.19949432995502	2.70189651951089	2.63871656088613	2.63644641700295	3.26600423831132	2.90742400510155	3.05335884476345	2.7047188431646	2.82759044355605	3.11647147717195	2.95994861079028	1.89251619070263	2.37016263313327	2.91193629491261	3.06385254653334	2.52686061415295	3.05815189719687	3.25157311041526	4.04817855702346	3.9423184641059	3.57302835936874	3.02644491108268	3.22409192238149	3.78864831374838	3.02584894199613	4.03601982452844	3.60078955397912	4.28002030193745	2.49226813697115	3.5942463970709	1.94871699002111	3.12973023258905	4.14114198809419	2.31545701468635	2.93453053893262	4.32220276873861	4.00241594687993	3.02679648783705	3.16846212170567	4.31982980957076	3.125629642287	3.81340164586568	3.23088561542502	3.16216954822316	3.30709428138293	3.6583339296481	3.78814550553916	2.6034451970941	2.64726793007096	2.76437466330266	2.56043673769585	4.01278710107168	2.82796098808531	3.27464882661248	3.56415740094994	2.42338338944316	2.12073739924486	3.21612631169441	3.08135198222669	4.09975209524447	2.68173999291345	3.9993782182313	3.55215482138565	3.16717956948946	2.72502078247082	2.99853233905296	2.96139399548894	2.93816171376422	4.35943357367332	3.42034251319621	4.27672917124725	2.94233677112063	3.65792225583976	3.03214474869848	3.30512008391847	2.86550869822564	3.03334526501352	3.19409475702495	2.81487809068787	3.30521043573242	3.05676464547144	2.70471501050731
CLEC7A	3.15130438346232	4.08622680536235	3.07771305682614	2.85837703772996	3.70153153179235	5.08081234526988	5.7715657272421	3.2531724675936	4.36867473212232	4.31904531155632	4.6843780358723	4.07475957517872	3.26558874241434	3.85744977377319	2.53738927275906	2.51978304284876	2.96749774555131	3.25205662950109	3.50836894177306	1.96677920687687	2.58235637707144	3.36379542206842	4.93756205332107	2.20706886892971	3.43978186622388	2.51298689973615	3.34194672858585	4.15774540111	2.83317014280865	3.9656475954033	4.02537690520733	3.72098923883771	3.71523183917725	3.38695882381569	3.74679217735161	3.02859131785695	2.72547264039703	2.92625341522311	3.95113447331066	4.47718923708901	3.34470940753263	3.82294769919486	5.35801477399255	3.77414110153021	4.77951073898214	2.54436643591621	4.04981628838131	2.51012356818349	2.65644646398501	3.3422264585216	2.30692406793213	4.28707667166677	3.33771639312029	3.29662917767833	4.34849850016982	3.7467069398422	3.53340033149526	3.67049870091915	2.92047759560976	2.89547178568288	4.70463940422043	4.78854699947986	5.40149528270985	4.28427544159015	3.87617319246168	3.09993258902978	5.00373042095685	3.33349370780605	2.82758384946942	4.27336075735066	3.50925448047855	2.90848364812027	3.0699949262405	5.44517272601649	3.11814013036479	4.87782315245135	4.28409108990315	3.83327175358008	3.63679867685976	4.43412227470693	5.54998997546765	3.83892821687873	4.43987909323175	4.47189049429895	3.06895535762789	3.92771629500269	4.18957185181586	3.90870816828562	2.31335179423734	3.32389833832313	5.3034401395414	3.85378476021941	3.89232324077195	5.2193033546346	4.26550412367556	3.07123007080846	3.59414914563964	2.65841903984258	5.36053466521013	3.49315351568781	4.66814963480036	3.72577091014476	3.6694229614844	3.65477820382178	3.05058245071912	2.75177750419166	2.80763164753438	3.30104748660185	3.3163965542007	3.57598434814066	2.0996639633907
DUSP1	4.58037144727924	6.52918661359975	7.04788372516788	5.96210592558086	7.44071056118746	7.98933047785786	6.09873871516634	8.05208802296622	6.57700223918226	6.7677339945633	7.21853275663858	6.60209707741144	7.87720183681976	5.62068164210139	7.77905433636837	7.16622055458001	6.88165620690599	7.18771004664262	5.72610671940793	7.20357199234932	6.34997410202408	7.13057331828867	8.07073321034029	5.28194633198183	6.93652328556239	6.20059226505128	6.3267560474868	7.70206428253075	6.68401748977902	6.79214191058164	7.00514376814556	6.78900847168295	8.29726835851841	7.0190848023644	7.4603296252819	5.91884556892973	8.93471629190837	7.46650645431874	7.7084422710715	6.60934067816569	7.33060481579038	6.81601238609388	5.58372411163591	5.8028697377895	8.08256289475207	5.93149321936415	5.54638451205581	7.25964450379262	6.57818641408087	7.28321017470744	7.32363403618084	7.44535975592383	7.32627795984734	6.65288460572822	7.14451161859234	7.39037136922825	8.50586301142246	6.66282214719806	7.66077780045596	7.92876202050322	8.25311851321286	7.53124032743211	6.66746873086264	7.56130378112553	7.22084638619474	5.48444564617954	7.18347592179058	5.754660657865	5.79093943422334	6.48820380047675	8.38257810449822	7.61035708267965	5.03921492188595	7.81157984279574	7.84900609629419	7.30129354435873	7.37916153766413	9.23064852943563	7.87772466644818	8.7709257504829	6.26812739111588	5.96705992056056	7.14297730910896	8.95603290338643	8.18432027986685	8.08433661264173	9.1404326814791	6.25728976427176	8.56438160506764	7.90778821711853	5.56242470855582	6.42490051658289	7.2784477789175	5.89451912720128	6.77273240111453	6.18843105256859	7.65159486603312	6.91354114822516	7.01679650925619	5.88720224424717	7.57503314772023	8.72332354620188	5.79852974393623	6.82390405694409	7.32077286394121	7.42072278748942	7.16729122296097	6.6685259887665	6.34403640801314	6.34255577246415	6.55427287588695
LY96	6.01816481081144	5.84295475062755	4.40666223615251	4.43800388808876	6.34542533478078	5.92126701215876	5.51866175580992	6.46193485556614	6.71670581083019	6.40487101065688	7.23556883325085	5.86152012253363	6.65875460739603	5.55814849778304	6.34004662073979	5.68946152200289	4.92488365689584	5.90720470684297	4.16957140915796	5.6352929211343	6.12861982203387	6.20014832621483	5.06169918936212	3.57078377023149	4.99384261333414	4.38046588253982	5.13653104738474	5.92555764728881	4.85970265313122	5.97325147871794	6.09533340901292	5.49782929319497	5.84025499532331	5.75982500008876	5.73212037906255	4.52899226127445	5.99971241382524	5.82403032964214	4.80239779102142	6.59962426224019	5.19884568791079	4.58304744019351	6.70261099169064	3.99268328335793	4.54626586195369	5.65255404321314	6.00517129756992	5.87603669043467	4.83667472237911	6.13380320067329	3.16547963456709	5.55720143893427	5.13663134980914	7.02350029922929	4.80306544851011	5.21294516325466	5.35741633834516	5.68550873836767	6.75084456486512	4.40108556232052	6.58188098513599	5.8618831859996	6.2565597931769	5.82701131695993	5.68701746362452	5.2365984028739	6.54411751312848	6.32645458252441	5.16381831264392	8.14794551503568	5.07057232911773	5.09047196341931	5.67796271887955	5.78690715341155	5.93741574543489	6.15649236999304	6.22595157688714	6.59436647754393	6.26545560209697	5.6262533633396	6.51947035630593	6.84968108244713	5.89446831550931	4.72759990027491	6.64768867881704	6.04134288522599	5.82901797108807	5.76460877922468	4.64455268963951	4.68979275033016	6.8555784287576	5.99746928481037	5.84658830711242	4.34593387823153	5.60116417954482	5.12432525332889	5.88061924243276	4.50964731543483	4.94480728657855	5.53313987701711	5.48307408138172	5.43278362715174	6.73556092724532	6.85151145667713	4.75078051006065	6.22731223622431	5.28601878658238	6.33982180596145	5.80851425161185	3.92627994294674	5.02378939991377
ZBP1	1.42577487650395	1.91454505984223	1.18664852039512	1.39125916096322	2.86607758747366	2.31574903230765	2.23647833091937	1.86386678329327	1.72559954372205	1.77569675059931	3.51298247500813	1.74966203462923	2.72842498876131	1.70531821758948	1.16104268494705	1.22637068027393	1.58813709443292	2.29276013272553	1.27895206071239	1.35286716340494	1.89411378669268	2.56155999446064	3.50355959296173	1.18464049217787	1.37991375734583	1.25993893023585	2.28832684454457	2.60871116221805	1.20607855077674	2.16066149728174	2.87190708605385	1.66114204358643	2.36709386727697	2.72609435273138	1.38200352267865	1.52841913241248	1.68556752334226	1.84984000659912	1.1961608232731	2.2654843047913	2.72590836700329	1.47520262648076	1.15585347201494	1.47205405607535	1.33445041043954	1.5941981276255	1.78096911516775	1.55830836136323	1.80962587219014	2.50310345368631	1.21722852720131	2.66160301117888	1.5948493299414	1.83862969918726	2.33394742248496	1.37416346410773	1.35169914820054	2.42514538618667	1.95595215592724	1.82217234351946	1.64680379358025	3.12235883955794	2.12240289309695	2.12935009381924	1.57168301596168	2.39716363081174	2.91338143436737	1.42619754034452	1.20250097555006	3.30142650205154	1.57623893453568	1.79583244128905	2.16875448763543	2.12436244411114	2.78034567286408	2.77102228165183	2.48443843162166	1.58564381338513	2.91671201238733	1.73326641365834	1.88456300492088	2.07667123686778	2.44023525024643	2.10347229755243	1.65259042990616	2.56170015677986	1.57396262339076	2.39672200702986	1.78043772598094	1.59634071162819	1.42896750325451	3.51758530494399	1.51309442544022	1.20688177351314	1.62790474523083	1.69584238835311	2.33877441232217	2.09130985337276	1.70810715413934	1.38121605968172	1.46689513075435	1.75948610143946	1.72612110622564	3.23713498850298	1.37867355693783	1.72102757031063	1.28086368815094	2.26824732594983	1.60923835373557	1.27321537664768	1.31639060025256
JAK3	2.12302300348357	2.83860911043654	1.80641436516024	2.35860648760266	2.98318095948928	2.3797917413079	2.87009633355518	3.49889357864348	2.49779429679201	2.73182482889824	2.80198659920237	3.20849249242086	3.22162237695071	2.23021363807819	2.2220759597322	1.86004721226153	2.40878062095597	2.62865913011084	1.75204944745467	2.40859448258145	2.07015615259393	3.31706907650426	2.10831915376949	1.6880765443949	3.20711169438236	1.86223476194451	2.52879309462738	2.78940526366687	1.9370399795287	2.42127490374354	4.13189250858443	1.87219473819118	2.14468713396195	2.61698608941608	2.35166094311493	1.92528992353917	3.12334530250139	3.25655781367807	1.56073703611671	2.10055957508651	1.93721995868491	2.01277014285385	1.36622173403979	1.47374641486158	2.18802587177343	2.08335414426137	2.94057425461958	1.94730293145804	2.36829174252072	2.929928618051	1.40044410943914	3.35451070592099	2.50511823855185	2.3147534965953	2.74134565800535	2.133200592172	2.38789741749196	3.29794453635443	2.41447703831098	2.0279521349103	2.23547344977821	3.07717227325628	3.02793368602152	2.17599860794682	2.5601553714517	2.75071819232122	3.20960547472544	1.73953496708213	1.68018476075121	3.89734837955995	2.20566012951015	2.33585663181739	2.42448278977639	3.98248250987625	4.20729544062249	2.87867916279838	3.23284755798311	2.75455769211318	3.08803055401637	1.7028340895345	2.79178729824514	2.87285583619834	3.90777865734333	2.76744911032373	1.81236521672824	2.35800023512638	2.3002762754488	2.76857403740414	2.38900155779255	2.06778123598617	2.81781299730028	3.18477119804353	2.60387892272403	1.97218355001434	2.12498420104405	2.53968508314209	2.39565258093432	2.74984062447787	2.45491484872837	2.80015111994355	2.1337327571439	2.34850028411003	2.55248725188937	3.45487104251638	1.96942948395888	2.13202012765567	2.05073999609386	3.13715654513049	1.93894413727855	1.87674562675722	2.69683874094322
WAS	2.85922991754902	3.77302962668592	2.22778700265607	2.83011795790741	3.08324874630427	3.26399242400645	3.58336034630698	3.01085420190154	3.78229460346592	3.64601724587415	3.9770504098865	4.0920266329184	3.6310976842873	3.11497638887657	2.30011119884106	2.51639724394828	2.85525200834117	3.8577352883302	2.15016524688719	4.5102001262714	2.81890752402565	3.70145653445265	2.95076226020477	2.2429229704922	3.03709908095862	2.66635577523409	3.41368978659668	3.30897788363244	2.65793352325544	3.23905602701554	4.1454577689733	2.56947879652864	3.44243599991055	3.69308843387293	3.112169554563	2.59109094360879	2.55628362744782	2.64631040058956	2.04057505443599	2.73498490526054	2.95516660272808	2.68676396972786	1.78467731388121	2.24062046768459	3.0181159420534	2.65668994149095	3.27053753734468	2.79856517519179	3.1967713896632	3.77025155625965	2.10881754996571	4.0794225874988	2.98691859308814	3.18410096540703	3.30113070844539	2.56317957643308	2.24206896771387	3.86040536302221	2.78966395670787	2.93072061750476	2.96010817951945	4.11142487470012	3.59872047180738	3.24654735559476	3.58853664170804	3.98779659458059	4.06868686258519	2.56262378600161	2.66803544262876	4.1156903930138	3.37043752598759	2.85424856269144	3.46546537453862	3.7507571711058	4.74686471233497	4.00807239497695	3.92445383648436	3.18064659387045	4.0635529681125	2.35648254919166	2.35498679025459	4.03735042802028	5.00754261548644	3.51383363384887	2.46755471750006	3.65399837270034	3.30272917518199	3.67215123288551	2.61828044095968	3.01220643598351	3.03757340498297	2.33830925868277	3.63465026026491	2.27620076478549	3.12537754759132	2.90498407091204	2.96260229092549	2.23137387391443	3.14564652161696	3.95776545285734	3.07635544444096	3.40018381751875	3.32843228401384	4.19235318405962	2.97620452335492	2.79175344203828	2.71368358639085	3.02214973812428	3.21716210135594	2.22262955638271	2.00171062891287
HSP90B1	8.56198651322539	8.07030857357861	8.25882613305794	8.69829146357269	7.75263444623694	7.47391636832847	7.28951153393789	8.52206771323781	8.38784651613812	9.33768756018817	8.6796876730206	9.202366028121	8.48108042379081	8.78882084337977	7.43530638787338	6.88760288826628	7.95766321970602	7.40922072711948	8.27731463872935	9.22556567795025	8.84709921265825	8.26273957104642	8.05063705946994	8.93009522425197	8.20823944606979	8.34437481705226	7.42995141826019	8.89404600696459	7.3290812373272	8.2683151009419	8.27792694275694	7.98613377924901	7.63265486649609	8.10440468679525	8.31621113233673	7.4704919109659	8.01581549909643	8.10962979576978	7.66872930465879	8.80532038029838	8.26165859741494	6.86891221846627	8.91836959464005	7.79425944091657	8.01741723502055	8.17229684178968	8.15368550587253	9.15331916077791	8.42710738631675	8.16172636653297	7.82409643511753	7.69696964546987	8.90626084119525	7.77975113686043	8.11279596044561	8.07825798393891	8.09931465690619	7.97092949394638	8.91447974381902	7.48201353845014	9.02940993709677	8.65281615795621	7.70924685477832	7.84529533826207	7.93478656087773	8.52799505704849	8.32155635376417	8.90495902138901	8.8263133469385	7.85577958291081	9.12178267958551	7.93079199757907	8.56322259215265	8.43511693510665	8.20522142557032	7.9184923419525	8.69210799858204	7.98747316839864	8.43537235922071	8.35272825940311	8.54560940286678	8.18586965405624	8.07666873688158	8.08511472251937	7.14628146959335	8.01254562288684	7.78376735115123	9.47127387891869	8.57719470693334	8.26240064142909	8.06914325265529	8.42880395649974	8.43694376546896	7.98359166656332	8.32838042802702	8.51165057982871	7.62906189861201	8.13056241048213	9.16111741002141	8.29982024022117	8.29382130741751	8.47538757835439	8.79322113996209	8.6643077659526	8.84042726944131	8.7270875206026	8.56326772112396	8.22562355628867	9.12005408816604	7.57651853334143	8.35803614368926
TRPM2	2.08026351353706	2.72398326500811	2.71968097406266	2.74693991175626	3.08232535097062	1.56443224324517	2.45789439721934	3.2307118807283	2.77039741818384	2.89669113506679	2.68244872061947	2.87723147602377	2.58303332102445	3.16709363575857	3.17298312485331	2.06678638685054	2.64438436300297	3.1903840323736	2.33550951181778	3.66253077216246	2.89084769228865	2.56446883643694	2.53705353431672	1.97980550680725	2.53970809978478	2.64294829610796	2.47012587987218	2.64128145967896	1.62609898697636	3.04301470319935	2.94777462843003	2.3249073331686	2.39615572102475	2.83661056916845	2.53520156077117	2.68230539078368	2.91859023170513	2.22594160425242	2.74275815731679	2.27534382267469	1.77566182607113	2.50860925937312	2.16221811055545	1.49706159067242	3.0664208601186	2.51355375284995	3.06562605631917	2.11935708915737	2.70611055938442	2.44389339140899	1.32271024680658	2.63027771684993	2.96409862734007	3.02556314220624	3.01783271439118	2.17723159245384	1.89121945461265	2.48348148652034	2.8032204840279	1.44403726776158	2.37782946278712	2.77122988536006	2.19416817326976	2.01174332478676	3.13131861630646	3.3671408378575	2.0185140902918	3.80452736537936	3.22588262005623	3.41378025824023	2.00791571027765	1.72454450919899	3.0301240207825	3.02717250779315	2.36318966177971	3.01111408847713	2.95341661377781	3.27483468175372	2.38732093162636	1.45910502314052	3.04500639823456	2.67007992978775	2.36986277366121	1.99535977456264	1.69946797777117	2.33121318956264	2.10711251300508	2.59722804764877	2.04693614625433	2.37697642423252	2.96613480506604	3.05392173418055	2.69453766791268	2.50787887344339	2.2229842556163	3.21189604236364	2.83538551564803	2.46731111222859	1.7556559381209	3.33072610044025	1.76211343151317	1.7784666060191	3.37748232231329	3.24739556188496	5.0210878619022	1.42086552812497	1.81152479457009	2.66810699698876	2.15978320681672	1.89841934636918	2.69332230916626
LRRK2	3.12370528588173	3.39145542240807	3.14352549206996	2.77602058134947	1.921357333906	2.00978415328684	3.19324972790102	2.08410304209698	2.78825863488525	3.59394856893823	2.5755563033876	3.56546124354627	2.20279721997288	2.15322483952675	1.96623923171928	1.83530098431564	4.00801407853154	2.58485837807609	2.34411931473272	1.82051627115653	2.4050671127751	2.61770764003478	2.36138687574975	1.88260874010693	3.15852582985647	2.00593007085288	1.91142373357286	4.08364405015855	2.85561840988778	1.95372798093279	2.62821164229489	2.87575719146238	2.69386006573028	2.89290168470876	3.09597745042426	1.92764054931697	1.96280336642095	2.01011890971332	2.24766444631507	2.49974653499046	2.05932702015454	3.26850456398865	1.8617739359608	2.06005548890058	2.00704003903148	1.96892678892798	2.19838210204799	1.91968722246446	2.56886083350469	3.21902401099272	2.17755643928266	3.52633048730102	3.01538187570383	2.80365837534055	2.423525874688	1.80327668067092	1.81489521560677	2.57096635709074	2.44321815967005	2.67413019105489	2.48754054035941	2.38744951780246	2.69111116408816	3.09814201694103	3.06604561213242	2.54114792871952	2.47298189678237	1.72861245839892	1.82634154464742	2.45214541288938	2.86576036988918	2.24913306634601	2.71467024685985	3.4463738348712	3.07280413281218	2.36430196345446	2.14062139753075	1.94745995258018	4.22097136246476	2.38646427104131	2.5806233240362	3.67416292068057	3.6158481559482	2.73370799674737	1.85512831464812	2.03940689490579	2.06822697135551	2.53423825783134	2.05056764405101	2.44851086868415	2.12345294487479	1.89701475247744	2.29655743429558	1.91573216695746	2.09200913562264	2.81471350579815	1.94968926102795	1.88754474657111	2.74805139017126	2.43857857014616	2.40316041091917	3.20015133282144	1.94555295705159	3.30195811837746	1.99298429426497	2.01633913840947	2.00755301624039	2.31190679143009	2.23216686767303	2.20403810296229	1.81687231168895
HP	1.43652808660997	1.51292125580196	1.43063805186157	1.49306740587153	1.57737108308359	1.9174894485356	1.5338382216918	1.50184973576004	1.48888230472644	2.61497114322322	1.43063805186157	1.45970252471973	2.27311805380073	1.84147565544542	1.60969705612726	1.45309463012345	1.65453031037358	1.51289019508377	1.47506367679359	1.85952560834948	1.504836637361	2.37479696683042	2.72694756529586	1.4366596239011	1.59620100435142	1.43838939141371	1.64016173374147	1.46092970417912	1.55235585388064	1.43492745593489	1.43063805186157	1.50007949877617	2.97204741122505	1.53188526462843	1.44107841010611	2.58818835079884	1.65716501696641	2.57022805612098	1.43721851404887	1.48805014023239	1.86705648676693	1.541080125264	1.53864427386847	1.44937158543332	2.52124731311433	1.6078254917062	3.11486076226615	1.60804467042868	3.61248602805948	2.86901186832309	1.4434273838027	2.75748086214343	1.57797650886608	1.45495474414308	1.53121005835815	1.47906915333304	1.43063805186157	1.55202684759354	1.43063805186157	1.43534870201224	1.51324998348327	1.45179452608886	1.71636763446016	1.62716498715096	1.45690832721944	1.44399993473033	1.89281265332881	1.43063805186157	1.70795717659357	1.48414674082677	1.48544740966529	1.63426187060533	1.46930067217968	1.43623401190301	1.45997451530178	1.43063805186157	1.47837543437659	1.84504849498318	1.55555807333882	2.03233336517289	1.50740436115524	4.8869450087352	2.20345799994665	3.51508054695203	1.47458432705585	1.45487589960465	1.45332700202142	1.43709046741393	1.65559763613181	1.73175501654633	2.61239899597498	1.60564822954896	1.47534255321303	1.60745306250123	1.48141303786444	1.45287433264648	1.45548206345604	1.46812246444238	1.71064690428904	1.52697329207564	1.55427865743023	2.1573738073227	1.56735490404678	1.91526487232408	1.43063805186157	2.14919274081587	1.54122949370243	2.06737211804126	1.48183642007014	1.52528949882569	1.61181431241818
UNC5CL	1.52839962892277	1.4317756000255	2.14656401536879	2.27243447116172	1.6500186546775	1.48393051174476	1.53468592678689	2.57215498031927	1.4810793358706	2.23842891272275	1.87231063152821	1.31602093130584	1.39423610293778	1.44848646973587	1.53191100573466	1.42602424177349	1.51328562427459	1.48992831840918	1.55689865611021	2.47963305195983	3.86032933600881	1.8991679722481	1.5181740352583	1.41172248472356	2.07595771187448	1.52903260710796	1.4693889512364	2.48839842434682	1.4208000700114	1.44913883146258	1.70746223289093	1.53786228992069	1.38144760626973	1.59710304071218	2.16887450732437	1.55173738693135	1.40037757521659	1.95459125573478	1.45350618003307	1.62070963215404	1.64959049403625	1.34684501702847	1.65484909562391	1.5856861809306	1.98127081595956	1.70954822040856	1.65125743533552	1.40436782377295	1.48614710681105	3.19228288419369	1.33711161463485	2.57040876188001	1.56680242339312	1.36748847360578	1.99437699388101	1.52084806570691	1.4490214508054	1.55338389778418	1.63654889862047	1.4625342646822	1.52887650502452	1.48231471851157	1.67976139600165	1.34779299746727	1.47587659737564	1.51071265329756	2.94020095482322	1.33179287622728	1.60316883847091	1.69216420772886	3.06286671838745	1.49579842573825	1.76113247478058	1.50475147437872	1.74738079806768	1.39883379559153	1.62154404263923	1.56749431971408	2.3621645829734	1.64477444466816	1.69223830397539	1.46725846796153	1.56149920200553	1.51388488988011	1.62637144349689	1.58866127592173	1.76580274562721	1.8821328122387	1.34849949437755	1.90718120329364	1.39742873354796	1.55238833591995	1.95568670044016	1.33336014509346	1.38059488637963	1.8681559001731	1.50707566567206	2.05723793926654	1.54256740241605	1.53146324178971	1.51818388039983	1.63318538601532	1.36845402690802	2.49972621547358	1.64869604644479	1.4875658869545	1.88264609938635	1.91263947908302	1.29307470892392	1.41310478026082	1.40441855215484
HSF1	4.33911679307537	4.30445136357855	5.07475863406796	4.5995731335312	4.35244939463907	4.85730199559845	5.44265544021855	4.81644734411258	4.39798542882666	4.6271922258295	4.54033069127167	5.04147435706803	5.04320314437553	5.12682614229726	5.24490835087103	5.73338070399264	4.47362518788131	4.89016953811084	4.60386311095623	4.49858545547326	4.63131909083587	4.73609792287308	5.48371600181236	5.22717143621208	4.19321448984161	4.84859388778481	4.23595751035123	4.43034955984602	4.13716802730707	4.87393622120689	4.31184723043599	4.38538251580663	4.30621154383977	4.85884956792228	4.17144102312245	4.70986363715509	4.74750878763901	4.07676165945757	5.39752654565747	4.80609779983572	4.91385528502735	4.09711712505238	4.65540396083966	4.6468996831452	4.06055641991969	4.65838170290759	4.72074856025999	6.32284446519726	4.43213613935719	5.22442494007121	4.40608037795015	3.97094741049282	4.83880385427886	4.02621535955241	5.00887632238658	5.21807190916373	4.7921369164912	5.09769117796086	4.75315569496586	4.67485244777417	4.13593450266056	4.42616244376363	5.16546584687238	4.49640566412668	5.09416038484339	4.58294290143963	5.05784224549539	5.42191216254949	5.13207182443396	5.03621395071228	4.57042862816575	4.8976861348882	4.76315136136116	4.47860718060132	5.35180825012929	4.41408335585799	4.37210510869978	5.07202380377505	4.39262347416227	4.16446994595312	4.2374714854776	4.10811546698485	4.49054924742991	4.89571726504114	5.39895795308864	4.75046234626437	5.47647320119893	4.9545550140805	4.94096109844637	4.20089042099382	4.79969215045023	4.49396354014829	4.85435371309421	4.8502379010681	4.30670701637156	4.70669169174586	4.4148755449241	5.27203786453441	4.95638681985246	4.83362286002531	5.4015033773713	5.05983025410409	4.38322752609135	4.93230057965588	5.10012282740027	5.48650754852475	4.80779518141139	3.90528574547509	5.27052343889991	5.20456464294352	4.64040610260038
CD300LF	2.05266045299844	2.54605307572975	1.47193074170548	2.25740505312474	2.29192127547232	1.96029124764011	3.15128856526595	1.93463436243723	4.22329612419069	3.11217471324689	2.94941887570698	3.81187821180991	2.46040178913184	2.14410108156332	1.34745348219125	1.8588087826693	2.2283050788133	3.21780269739862	1.35146496194515	1.40472089535759	2.33644361307313	2.22750338391851	1.85558662289042	1.58385733461023	2.802949713587	2.19593744733775	2.48481291122769	1.91208292551964	1.92254590717795	2.69454697711329	4.11542360901835	1.81289721927629	2.70486131387403	2.86902682297834	1.97472880422625	1.65896501267099	1.44961939375211	1.4057897638213	1.53953175933078	2.01127369367383	1.91643956286879	1.42342133194685	1.21565755329786	1.47804436635528	1.66743291944395	1.5919809075069	3.18177075710184	1.8699524100515	2.11140985235858	2.3503833142117	1.39199190015117	2.90801562649743	1.84544561672733	1.75281901589156	3.15039945812641	1.90420997771331	1.34350243873618	2.75682491017833	1.84356181997565	1.96171351857953	1.95869125602275	3.94247974900819	2.61321067786131	1.88157498088709	3.27621844397437	3.04433060725499	3.20289280070806	2.20529709856532	1.90983970821201	3.22232683427951	2.63624979170837	2.08258050972932	2.8601808417923	3.59419291549466	2.96761599921443	3.6195091194262	3.60490867820342	2.22493617215341	2.92079699582278	1.5935554756561	1.46459824636027	3.23456794836222	3.50829518122194	2.72933854580539	2.3017250409923	3.30413293258872	2.70001233831478	3.13716046106881	1.71056120004732	2.37610140331566	2.58556902157759	1.53927860140832	4.08495705794573	1.58118777805278	2.56368717896202	2.22007208178576	2.37142386092642	1.48927732097325	2.16398346190064	3.62603924374907	2.63861344842634	2.27787557427457	2.08244232985483	3.40038770324495	2.32513493637461	2.10561457838309	2.35385258567964	1.92073487842547	2.74173194038876	1.6923943078747	1.44474931392924
CD300A	2.40388416685246	2.99780238608118	1.97808073108855	2.65488032439885	2.69446848657313	2.44943126558159	3.03693765510405	2.37077071687815	2.84310637962473	3.85494895311122	3.49787463629673	4.05336439664156	3.12394608125929	2.52449443489597	2.0085821338096	2.35539657288553	2.56099269574743	3.40233481437939	1.85184230201904	1.65311326098744	2.49569902288809	2.9837069919116	2.36050735707427	2.25049762107597	2.93350851160127	2.59951393423835	2.92635130247401	2.51853701343841	2.35816092712408	2.92456816591417	4.03490458484189	2.01079888454356	3.04460014063074	3.07883660527308	2.90576629263738	2.07467284810341	2.3235751077952	1.89456900560096	1.65724886571004	2.3531576537983	2.36561147817976	1.78628523736573	1.37352077798382	1.92374214020339	1.82396869347946	1.82670497479464	2.70946433979517	2.68118461160388	2.4426050420662	3.08353155842333	1.71934032757414	3.29392891866695	2.30957244063779	2.13220694938503	3.32279528694834	2.55754708487378	1.78479404867299	3.07256413582506	2.32454208385015	2.32749503550354	2.50948257557062	4.07418626765178	3.213475357071	2.56065115722628	3.21809492293402	3.11785971710718	2.90569499351127	2.96869111822482	2.5413749289543	3.28253423138965	2.81929431357615	2.10201890427334	2.58089088656082	4.35277917564942	3.178469651722	3.52429723228936	3.66494086345057	3.28762228802042	3.3918287545803	1.89740665621164	1.73222864173297	3.49721436734782	3.64074264641306	2.93285272284804	2.63318203116685	3.7033896644027	2.99947070167103	2.95174523376461	2.2118412316119	2.80941638324708	2.41104132007248	2.27402148728842	3.72023187165083	1.90878636655646	3.11269516567919	2.39126632096588	2.13542409523498	1.80744721952433	2.34254361400249	4.09471474641954	3.26469898816747	2.81701549528618	2.82685198868023	3.09366198287392	2.96689694271607	2.19039151047706	2.91377724376742	2.6139861797977	3.60469710300954	2.18223798808247	1.39694028423044
IFIT2	5.77811439486469	4.78954053562621	2.98230353942322	3.99786598082455	5.3156808037511	4.84771619371022	6.23350870953605	5.46937012037563	6.14193620253607	6.27591947096776	6.71562411129428	4.41786613472206	5.33919792973911	3.89435229615533	3.68490004239967	2.84874322415666	5.46471507864541	8.01247678229122	3.69343586314967	5.87350659115708	3.38504763463462	3.69878001420632	6.20302288196183	3.83781165704213	3.89778548270172	3.35593539364438	4.62589390345021	4.21402670397785	2.8499947438	5.48976590883186	4.31837534285469	4.3812003588213	3.99597058675699	4.84517524948846	3.86193835236034	3.22348383845514	2.70732371513411	4.40287235183671	2.4303421002918	4.20022095138647	7.47601768510415	3.23956738139393	3.94030556122662	5.77000479175157	2.55490557046206	3.19242546623319	4.74680860936755	6.42505284851476	3.56163804507788	4.25195206997441	3.00211343288501	5.22086990818381	3.03458612197166	3.07695237018883	5.18212966878194	2.80797747352339	2.373222402484	3.50731898931151	5.72612724115736	5.82060198060316	3.71150135310135	3.56191981701316	3.65191851676622	4.96910114238358	5.431322788641	5.50518542384353	4.84102908160361	2.26193983283537	3.14531895272609	7.05918192002502	4.75125103513431	2.5994374420405	3.77256573495105	4.87976007819784	3.980724358924	6.39378595270865	5.28702854351759	2.01032271957808	4.3411010178617	4.35035986339943	6.3437343863584	6.51219846344861	5.11274594226342	5.20158311522795	2.86715947794752	8.10117145672887	4.19466018874679	5.51626846962091	4.36821642561547	3.89803128062941	4.60904815245191	5.75330086756374	4.74486781425646	3.11357144039725	7.17664650978222	5.94485078403736	4.11771302896327	5.38943449451272	3.47393826648537	4.23116444858985	4.51850327544613	5.67007479384941	3.26222543393814	4.36747377261107	4.72776437560043	3.69857768365722	4.00556689896353	4.31011684061759	6.35603795370484	3.70036316839275	2.70667437743742
FANCC	2.65215620407155	2.62861573881304	2.64831497121952	2.6545801473458	2.75236041882699	1.91781113887915	2.24958161083338	2.65423368412513	2.33337152389944	2.75523468938203	1.87689602339388	3.11164070343535	2.23104879567826	2.50708497143769	3.05659509945024	2.06162269861892	2.97242490571111	2.85167178021447	2.8410515259057	2.13329881395763	2.85279591657833	2.54866949453666	2.52174187021813	2.46148484540781	3.38257353140627	2.81499534331269	1.97743208577552	2.379214547461	2.39235110163417	2.82240643353225	2.93904717329114	2.1096997610907	2.49851196822486	2.62255967703609	3.04556467286022	2.95581768526962	2.32128176928322	3.21953312295874	2.2859696083841	1.9084545364447	3.07792082435979	2.05919702589877	1.89649652213923	2.48247063725024	2.73723175115537	2.09014046088061	2.83694150446295	2.09203794417731	2.62598801231962	2.33979955127683	2.49815588109307	3.11685590960953	2.52967344853012	2.42986449373404	2.5648468396961	2.08449528609489	2.71027272794624	2.67172002221833	2.77803608753485	2.55778846823249	1.94501089853786	2.58392215809021	2.33238159163957	2.10985434120334	2.89130452233389	2.80208149161856	2.28347724533279	1.99139503612974	2.00323479626588	2.85655931780382	2.39353566939354	2.66039775855316	2.50387775460316	3.25638959269588	2.37061266987839	1.97478651696542	3.26028092101511	2.2802031989642	2.51158086961198	2.3043131198571	2.21109605289607	2.50092991046384	2.45109577419464	2.31290725766068	1.96936043144703	2.58552369156705	2.49359432557875	2.58866098356072	2.53193558746621	2.63676484629531	2.86310660984499	2.70301728496578	2.40310313013295	3.19879023113894	3.25844619794176	3.09015438208575	2.16139591246884	2.42711619102548	2.11024542799326	2.68430958033042	1.9066635923239	2.66567741857714	2.30046153722681	2.68305614074371	2.57570249062406	1.76891098045368	2.81695344379945	3.68091792371439	2.51775394871172	2.31216837751064	2.45058629274185
APOBEC3B	6.77692659832383	7.26874371916577	2.42666195560591	6.09273466977358	6.52624156189133	4.64618331144439	5.25992349969471	4.86160617905878	5.2882924041497	3.47845254419868	5.64309682418376	5.81145928097332	6.8216581424933	5.51707870025944	6.23292334609991	5.0898871111112	8.99495356129042	5.13293485993235	7.3431395020742	3.11340483584184	4.10698731419544	5.95059189046041	5.52460740415695	5.74807401868567	6.97483277475631	5.68396134853241	4.31565194807814	7.61229066220196	5.67377660984239	7.87630356182167	8.53723987336528	4.8908581250396	6.43992968641324	6.42704681140327	7.48842381898466	5.90647732394249	7.1503222468396	6.61829047768019	5.69399755599449	6.3782615399649	4.51838769417928	3.17679221431276	5.05370920352217	5.2341158045922	5.69070348360481	6.70645667500887	8.42935553776349	6.48820119138217	6.94160025229705	6.43319271435291	7.65936166866658	5.54882803303718	4.45994101930544	5.65264617860359	7.09422251082773	3.04112197835182	5.85356694149239	6.04011549954234	5.21556782498075	4.98190516826039	5.68283932100292	3.0762119373639	5.10323488416124	4.31522653079307	6.4810174905184	5.72948654413384	7.53595517143392	3.83154989817784	6.71675051628121	5.78674818286856	8.24061368294661	4.58694295110397	7.33203484871438	7.51186539951327	6.23645078679527	5.71582831585691	5.98629635986112	5.83850652869286	6.19552453155192	5.18348747299995	3.60822191760738	4.71626390115714	5.43101826810769	5.64589979477527	3.68693658935741	8.10434583455636	5.555994448078	5.48568584964978	6.06209559502895	6.73729403252318	6.53044445425628	7.09505789101027	7.10666167634056	6.24881187759915	7.73864716838766	3.18313726653401	7.17602092989201	5.82030924687574	4.10631292064717	5.4480504931026	7.12047930229188	5.84802603663267	4.13695640216383	6.82704346783461	4.20606583747648	5.92288502304579	6.22381928917976	4.28917010690322	5.45561141265554	6.55343960294162	7.40026477645577
SENP2	4.22245477433741	5.51706368973076	4.98889246429238	4.86333712168792	4.23888237068245	4.0447575122985	4.83080382902138	4.48887453862193	4.873799393815	4.05310790359151	3.61927423114209	4.20898950468932	4.5940994471368	4.93959056168729	4.29507883221242	4.3946732827672	5.59753209408463	4.14214739175816	4.44408474602429	4.65976407639694	3.91806816744171	4.70523771928041	5.03292938940608	4.69700096961158	5.61871315400901	5.74562405101197	2.69754581418474	5.59869402752439	4.30578220537105	4.50196032510577	3.84464232626294	4.09439581586671	4.98349454024925	4.82150788835673	4.85551181493818	4.35073451310751	4.11041142475367	5.10397910366164	4.62290989215708	3.79254016775161	4.58652445789148	3.38746075981913	4.43725313949266	3.86834486691825	5.18255341629583	4.35713360674766	4.889463197071	3.96844317172425	5.14476957251902	4.6494900393223	5.68949465013936	5.15180804781509	4.36189303581791	5.15835498712566	5.20288671138132	3.82561687328567	4.94034421651623	4.88958502407435	4.66067037084098	4.0334703833929	4.6984278440398	4.18810543596907	4.25605023824145	4.35960235247753	4.36966484142067	5.72579246256144	3.86510313940468	3.24559107368896	6.13053798936215	4.52997313443666	4.68471929520488	4.56410978936523	5.29374387900298	4.8715524570296	4.6857079136002	4.42256231874491	4.39230833671156	4.03130961422293	4.52532696607063	4.19714354153276	4.80609633834441	4.15659898546203	4.1708586729026	3.89853825469498	3.23039671830972	4.25018236402032	3.68829684980141	5.08803132893225	3.7996699371033	5.15043821746137	5.56688934792662	3.87548208258163	4.80640471735138	4.025617913134	4.93953653944263	4.24985189549274	4.49106507772703	4.25982415450169	3.8693688071166	3.8751103966109	4.28560952220116	4.43017883045623	3.47669067413498	4.96092165403148	3.25980704101583	4.01897141345376	4.24268234105251	4.92649160945296	4.29308689092511	4.33039074287988	5.04391242748492
FADD	7.23784190507508	7.62920595106932	4.73928473818111	6.20198951513931	5.39557411455918	6.92843475922938	7.54401222088257	5.06182668194268	5.31398207663357	6.88756269479578	5.83975611219938	8.01947846242924	5.25404257515663	6.14131935502625	6.62150408439115	7.51569731721792	5.41872148059552	5.46785175415952	4.91815004242096	4.76206991683655	5.04103820113383	5.20733039813906	5.76010083976855	5.05893603350305	8.30823107354393	7.14929855535536	5.09467187560464	5.75967102087947	5.25087984684582	8.38497238770666	5.32463850061773	5.33057584637242	5.57141592276652	8.43604774685185	4.93342818904593	5.58004107977744	5.01036796729606	7.00586572374555	8.85974245685942	5.11961968573839	5.89690111776905	5.12893315524966	5.62907913878941	6.26004852150062	4.94950149949448	7.62047886782597	5.46036225344474	4.39583164304269	5.49707554429742	6.30721083154502	5.36446838007474	4.68257766638747	5.09368257690832	4.77996399344175	5.45154994384353	6.54541506495806	4.7746731820197	6.74970694230927	5.54833723790738	5.41269197457333	5.18290423085242	7.51675531110797	8.05162453853817	4.78982075271945	5.02532834785412	5.22755574668863	5.17962313139767	7.98271022686894	5.21285947241564	5.82473249062361	8.62015539203488	5.94313501479721	4.75233320449469	7.98171238752007	8.27812609247673	7.44115507505046	6.61407292325055	5.06787171121105	7.11725393515153	5.59612079053074	5.28213849876293	5.33251234662428	5.18378988273728	5.67933901397904	7.63244548658353	7.25423722499659	4.81683589350718	7.69676939944659	6.08230752495278	5.41160438768068	5.87064813519434	5.76675216469596	7.99272975879065	8.67944913190117	7.14760066476956	5.59121979441153	4.96414383829358	8.40822833909976	6.12949782787416	5.50861797593052	7.83286206345527	6.21111075942463	5.73740926409302	5.77659710617598	5.46328098699383	5.37868205852532	8.09803719331081	5.23860625490456	8.85684085023605	6.91931931335492	5.09622863438353
SERPINE1	8.42726693068806	6.89298581727178	7.21704801568444	4.93038083185863	5.70126518683955	8.73072536032705	5.04110329002928	8.01121344671203	7.00805856473335	9.92431798414988	8.73620783862307	6.84205638146901	7.58662034549612	9.77899155451551	10.2100951290699	9.7760812184455	7.27932916929794	8.39059296081694	8.56825651125401	4.40406250306275	5.80901000454265	6.26634522830027	9.24970110222359	9.7433359214658	6.67875679180965	8.12225357553054	4.48886606011016	4.10512325207636	8.12488793398549	8.33479402830785	5.36920281036813	6.88908821620827	7.63534901079865	7.52673714254685	7.5539220683694	7.66443266000533	7.26400429648544	5.96410571963628	8.48383997127689	7.970070570915	10.4196735131863	4.95316853069624	7.40550845506266	6.59574493852188	5.61740938497699	4.77949154372914	5.11812273113942	9.34175334998914	7.63070852959637	7.63381582280533	7.88019480472091	6.48949598853177	7.95820158391073	4.57619137929407	8.30884509452408	6.70874666837459	8.61157233343144	5.01653807581675	5.82849436947049	7.36232009061698	6.85452037044925	8.42886014990383	5.53121338456041	5.24874423419822	6.53418086092964	5.72213745201117	7.78734170548655	4.30772288580979	7.74395977138	5.78416357301357	6.90435826812352	9.02647177510812	6.27074786913097	8.06542881481038	8.06485605342228	8.16514761444283	6.76065750415767	6.55517651541658	8.12760556158365	9.77863619517762	4.27073475835514	6.53284545755297	7.70794123303899	9.01601204891062	7.628658830949	9.45529454391506	7.16361497799643	7.50157203712578	10.7267514600156	7.82700763288732	4.06880517825975	8.67869223661451	9.55323899731057	10.1640744850031	6.44796257923627	6.32482394967434	6.11939141749533	11.1678101210876	7.12028170358136	9.51763249058739	9.05170906904953	8.93492375063866	8.05848774333838	5.10339008821237	4.48996764846949	9.97570559711619	9.84384093526638	5.93891982254299	9.94261585953129	9.62992743237888	4.65487094906254
TREM2	4.48429866489795	3.22872749810914	2.67035052544103	4.06541309420598	4.88534684496094	3.41024753862799	4.86793579058771	3.3715479681808	6.73666559099459	5.9215406820677	6.56895267230373	4.6272368651084	4.90546259350611	5.55601225904683	3.37003351640124	3.89261999051112	3.78917384013678	6.56983677322027	3.69997418066122	4.54871467731032	4.91534066139383	4.46178821473507	5.28407190602687	3.12277961586639	4.63741452099698	3.5856216618631	4.7451649408493	3.94306458565107	4.69885661230916	5.46548711365747	4.19235774063317	6.55775399916298	4.94211781437445	5.34139733118148	4.71685538701131	6.1363957495267	5.20885482641115	1.95636942816372	2.70943681756205	5.17774570125513	3.06351486016771	3.74953673597651	4.34366337809459	4.3706900657579	6.87683971656269	3.05790258751277	5.24878651370866	4.79246772800216	2.97667672325122	4.70408214468804	2.76261978500314	5.00609124240971	4.36629063845056	3.35960368381861	5.55503722791832	2.56100342241549	5.31458789287121	2.64164078128956	2.89059944033752	4.03952205352287	3.56388007503651	4.04876062761213	4.41900079254984	3.72504643750576	6.01719468032427	4.99360996853379	5.54525570151998	5.98661599548897	3.32648626043296	5.78476760339111	3.74853072107497	2.73784170755437	4.57493638851149	4.82603985204448	3.03693156854084	6.73052827674204	4.145923538345	5.9427912094079	3.0677963725341	7.22381020910865	6.08719528411081	4.8042540030159	6.1258347146092	5.6470250758722	3.7869696640028	6.1287426313691	6.45241445665215	5.51121928984726	2.80221506404544	4.2842614256963	4.48217643110407	5.68233129440383	6.28464475136084	3.72217494094929	4.55192600511716	3.21531716946877	5.74945427597595	3.85493265796302	5.45509103202262	5.65115597805223	3.72163505499814	5.50092196930028	5.33870008880613	5.38441734102853	5.4396737827165	4.16761245273711	6.30797353328924	3.48452047938932	3.47153253775536	3.37972198522144	3.53639987367347
AQP3	5.18943732649832	9.37217323891202	7.90608344496127	6.62547045303876	8.7355115179699	9.96646476844635	9.08935851124256	7.79649923248952	4.10352484257967	7.84451823831031	8.87176018692922	6.44543776298874	9.2947842026028	8.07816660168158	4.57964406246028	8.08727769954252	10.172334922664	10.1622860868691	6.03082814251114	10.1682710044546	5.35079556892812	7.9477133582738	10.017260029039	7.40707796178471	6.04558407666139	7.55669527604777	9.15963471624847	7.50369405260049	6.44283899372716	7.22523155978531	6.42062889346645	10.0833672639872	9.88423328898967	9.26063102777851	3.18024161880705	10.6620357462447	10.742586056746	9.96223862192413	8.46051502151464	9.92319566278614	9.29259570863383	10.455834961017	8.61418830631786	12.2484719119915	9.7329495789579	8.09251504984223	9.03941323588057	8.82379205983745	7.98213332685573	8.44625730720885	10.0277341144486	7.94695822685814	8.16054146259922	8.2114427740807	7.75972085425874	11.0087506183636	5.43823571241353	9.7203053973592	8.53271202227897	11.0223534155691	10.4612560127885	7.4135907889193	9.32024197815758	10.0730410158749	4.52113683059344	3.75589207691717	6.73938860531433	8.22090697962392	4.38596206046731	8.97964903956846	6.47002294522614	9.1622961966432	5.43663819605262	6.44026982692021	9.27973984718109	8.9306941481728	7.35619975100641	7.12625396626918	7.66433542828567	11.8523207448189	6.66740374761365	10.2630682905352	9.20219906810351	10.9494981809579	9.40963250723335	10.66327963554	8.02695234264526	6.98718223033391	6.03330156323138	6.94302361964898	8.27611162145597	6.85901799659868	4.84206235059432	8.43798159521545	4.90804023704705	6.66261729386533	4.09188491348579	8.36797774757796	8.73056501851337	6.61674687800509	7.26849061890537	8.77832416260596	10.1925722733436	5.73153734002436	9.61875414635999	10.0657510608291	7.9036845441968	9.31646645786394	8.4705879522789	8.61704744570702	6.59151440947914
MUC1	3.08160766177761	6.12184055500045	1.43145291096866	2.8441634860814	4.41276651180387	4.69542044274733	5.28902050101417	3.94069181870896	1.91555662705372	5.03217673106557	4.50235248928527	3.22347432256173	5.33410327313748	3.10843501145731	2.93771463625069	2.54851053712873	4.57356767390432	3.20518933436166	4.33545634726137	3.13777400884119	4.09623153427694	5.82030898113285	7.25478507845743	3.03294066067351	2.12535318365632	4.37085396249763	5.03150359953528	3.92194833521514	2.83585807904081	2.4375287118186	3.37031686899067	6.02849911601968	6.00296287824755	4.99408876419335	2.14876931235675	3.89174059898076	5.64506564723006	6.61221992342138	4.75371377468609	4.17028477358596	5.61987813161045	3.40307931610019	3.933887794983	4.32541881977191	4.1171353103771	3.88977112207227	5.10235753040431	6.21801038404077	5.57785866014129	4.20310441714052	4.1961781980523	4.75878306487089	4.15521089211351	2.91199484868124	5.7428786135477	2.54223566416317	2.32510217437594	4.96533320583724	4.38032377740804	5.41979308513884	6.36909197842638	3.184485604144	4.42646451305021	5.09872727073865	2.09786919817813	2.95000053021972	3.8657003245052	3.59404003335536	7.01138118480956	4.5500442968379	4.6207007605122	2.87509527710279	3.87105396135925	4.15033981310799	3.85381909679794	3.75696645299846	5.11019203834258	5.94670738367137	4.87390437930984	6.23650499050315	5.62151745764812	7.00876686583541	4.53975971082154	5.92895489253704	5.73240969065276	4.82921979130281	3.00374856478104	4.90942286920262	6.99436815166115	3.76826887493315	6.99130336656908	5.87950565063617	2.30426835756567	3.11788709929942	2.45650673540016	3.58511728863506	7.09750408780316	3.96398531219886	4.01360765023602	3.58965574143638	3.18881580210588	4.9596199372929	3.62842573186392	4.65517963985311	4.93234050501363	6.31905295824855	4.26981892631751	4.52492371062594	4.9005474425087	4.58444697383988	5.86736141745438
RAG1	2.05061017836246	1.73275680848861	1.78791091190119	1.81407738139261	2.14248569255939	1.66264667450707	2.30821566519109	1.51867375286574	1.45220036198262	2.61074957582185	1.77379502728834	1.57070009337039	1.78348921512055	2.45182855794997	1.87309286429203	1.85861267302525	2.22988649659708	1.8480450776781	1.49404022791337	1.64749432346242	1.65852510905523	2.25656064081745	1.98693560524589	1.43047400338679	1.96030498818001	1.41159745569202	1.20276489168831	1.88250580202781	1.87429458048815	1.71526313956161	1.17644805735383	1.46184625025123	1.62306053785459	1.5460957197058	2.03883761997709	1.24410019465924	1.42223036440222	2.02632526903197	1.42572153051214	1.71646314672086	3.21288894626183	1.5089576740351	1.70535878113717	1.9810208790117	2.03476582919549	1.19710683447871	2.16291334498449	1.56881350700166	1.78049422508714	1.93747738456789	1.15322353548642	2.18891114611332	1.51563711221636	1.49968519702506	1.59177157520892	2.19936861727378	1.82668375112555	1.94838691674899	1.55159086702081	1.78968409772044	1.75755279793843	1.35862412294702	1.98378967366706	1.48575568006714	2.31062004235035	1.67902174509353	1.18824348964018	1.19903927638447	1.86722476426795	2.32821389646303	1.82616357790425	1.63829473802127	1.66418820518566	1.67821123971849	1.43770681670659	1.40170197669465	1.37493978686282	1.12896085363797	1.60215900718014	1.67350220071055	2.86154471812418	1.56230544399836	2.36326396965639	1.86194409460755	1.32698369844549	1.10636047932047	1.7383662450894	2.02807123278964	1.403862612001	1.46815327503367	2.04283535508153	1.79659823008252	1.4777396193992	2.04056498113065	1.69939446048861	2.34073998804286	2.16561464340631	2.11211424224593	1.1788693333521	1.57323657833194	1.22144427895813	1.60839956301211	1.38183613868647	1.92756252552675	1.70622612574963	1.16596393486156	1.43097087575239	1.38442046688967	2.86436531599499	1.77773901266776	2.09690458080399
HSPD1	6.38830873164182	6.51689485832204	7.30728782990542	7.66709557557275	6.88863806805	6.17149206031329	7.41633965833297	7.21754301070682	6.53600505466066	6.50670597344466	6.82735524465096	7.1055393290393	7.5489609627017	6.57453390700481	6.4270482957701	7.50376559397808	7.23273872546539	6.24645057491199	7.53764354358229	7.38481835154118	7.47994121315752	6.73010236554871	7.16874761379337	7.0610094390097	6.54954364729663	8.13571724921364	6.00453356036603	7.62685936019883	6.92847837458152	6.11844264889535	6.98866288452582	6.48234069498506	6.34237728988208	6.88286152652272	6.52382685385955	6.69137245920578	6.48109583231094	6.83086017660675	5.66517021046825	6.62754797567274	6.36102194603961	6.1704590713012	6.52458631020468	6.73101231440225	7.28721183905998	7.46544992543126	7.9334492185853	6.96393249879838	7.23745487268099	7.41130553874373	7.42333304526498	6.10342995595997	7.4606625058189	7.26180655068736	6.94173821832594	7.11246324894322	6.50083198632296	6.69036328854709	7.73502646142584	6.8222584858962	6.78621561391576	6.94607228619231	6.83876214343302	5.92050184870787	7.4626124221903	7.31875748356386	6.16722886617056	6.16905786063649	7.4426056086275	6.89078770546254	6.85264398438455	7.07801034478749	6.93548583542058	7.53395585486701	6.95117533025099	6.61559930629242	7.31623177825152	6.70690990405399	6.4497070662008	6.45244422645518	6.98093490211998	6.42841553246135	6.78754998959507	6.7405698076489	5.70339033340906	7.11060260720729	6.8284519475477	7.24455673186467	7.69156133745109	6.79507197363726	6.86474300986065	6.87959577516086	6.83883460181421	7.29160873365244	7.21403933916569	7.12942263551148	7.24015859459548	6.61297289834574	6.63018343210142	6.58219901819776	6.98814624276864	6.6252001541656	6.17538291865209	7.28458010930111	7.43325211365717	7.22978137953403	7.01971618090844	5.77374400311549	7.60720383218434	6.83212899310019	7.05841836972464
RARRES2	8.51178627505355	6.31903339325975	3.38942873302829	4.57260855935891	6.392483077718	5.55901296525159	5.69741977151588	6.01020523099506	7.47928216609368	5.44705318811711	8.68347517148193	5.49714483406813	6.11139952848682	4.15536707638676	5.07688778436579	6.45204937749723	5.5731376341952	7.36846809190494	5.65738278865156	4.25570805535706	5.98673911366088	5.72790030142406	3.5819512215936	5.45687082149456	6.39880879248296	5.58339680619905	6.04176151606705	5.16726761127053	6.87397798851665	6.79070416770904	6.91522695828251	3.85968767002444	5.8722704026169	6.12929029454963	8.03342348747589	4.82603045550688	4.83950908791945	4.60455084839359	3.53086648182611	6.24691165710003	3.33483054227797	5.92325200482793	3.64916688283824	3.56159768487307	3.94193139286446	4.40978249654305	5.48649064753434	6.92606531814017	5.36584363481262	6.64698161187114	3.73723429690803	6.16814278591483	6.07662030411255	5.10571705378182	6.02255761889986	5.78114450153007	5.88454544150365	6.24367364484268	5.1659024001259	3.70385665363655	5.05686296410807	7.75206357656105	5.94046934616515	5.80277863125003	5.43279774912418	4.86722613983192	7.54017021471633	5.82342298470406	4.03962708222659	6.01408649080833	3.92672960185234	6.8281195979494	8.82775026488178	6.90640334294615	6.61314584035906	8.41801457508045	6.66547057626048	6.1244053070717	6.02337947225187	3.6315195465304	4.62346754821333	6.72249983511847	7.2094687070907	5.03707157101594	5.13907510869032	4.60005524652096	7.01755096100204	7.85574731081421	5.55371170518682	6.57289110650135	4.53141414840094	4.17555409685103	6.56723086027951	5.36271332665651	6.23017015270093	7.2390414942161	4.8762814951156	2.5722930785613	6.08876981072917	7.99736831263428	6.53279904194114	6.1021555206124	7.22493592502586	6.97388521445657	7.11080658870897	5.18718086149488	6.03191813864117	7.05580875434938	4.83390905603182	5.23613567527938	4.21085296920607
KCNJ8	4.20442648934227	3.83152885266405	2.54845770083138	3.04315545629637	2.33156361887865	2.92473452828497	3.17023818831366	3.09417924981451	2.94900053912261	3.77312351525002	4.03383507197987	2.73028838547246	3.02969060008176	2.26827098866456	3.48312730225327	2.84490521211945	2.91112782951403	4.36715508146432	3.28568886758968	2.47945409609612	3.66458035572195	2.43428584048947	1.6652420206011	2.57454921250534	2.9930158626538	2.88723721856434	2.15200567771178	3.02398853910551	2.6209424557597	3.32298970938227	2.99510749855289	2.37647208216068	2.1015888200865	2.9388961014018	3.60438485013234	2.41852226282446	2.38081145091198	1.99052886821378	2.24860287813993	2.92679634090113	1.64712316758752	3.65166116071662	2.30761634502089	2.35163612709445	2.23995473836297	2.35558623708785	2.49252822612997	4.29658966912194	2.67180442449254	3.77815051280947	2.07739977229777	3.34762622712819	3.87662542431531	3.07987596264125	3.21912509839385	3.34570041974686	2.55539238223968	2.56937989417902	2.37959896891333	2.38777427159795	3.16073071605121	2.66427541567551	3.45694015824995	3.13361102846432	3.23629096343901	2.41315513920549	3.25465718104247	1.7559832749207	2.6080944231416	2.06806807029794	3.14307125135209	4.4134284893275	3.77201308629906	3.84942260005479	3.22156899334651	3.7786459375358	3.7542137748169	2.10378925983836	3.74593648001824	1.87581640639929	2.39502248357338	3.69783351496844	4.3851991104771	2.19930280109418	2.48496779619855	2.70572288645982	3.72072056780952	3.00934176533835	2.41939183247814	2.99348467313227	2.55103723950507	2.43798213721099	3.45939185061518	2.34921497679788	3.78961409856415	3.42420567717355	2.04963420417849	1.90475230435119	2.83227761188337	3.83758321434481	4.02312192155804	2.9876867933098	2.59861597716433	3.67561660822052	3.00925992800533	3.04799424264499	3.36727749147585	3.19783097696028	4.39168011129138	2.7891136379115	1.96469483841597
DHX36	5.71953619875565	6.03661012905745	6.37135061727391	6.39002127015419	5.23119992252939	5.1742702746372	5.92467791712253	5.65973429582358	6.38688712814015	5.04004784658594	4.98895350439616	5.52688592378518	5.97136115854338	5.80194222321413	5.8715056446315	5.6952473175985	6.04103621490365	5.43100580958351	6.53255254926506	4.55874993115213	5.42746096918498	5.97550487324599	5.76907783204763	5.79579706598186	6.40907310464211	6.03271906167218	3.95004311405079	6.64248694170824	5.72263691205416	5.58326698936063	5.24722478647561	5.51642700360604	5.95856798993796	5.94849135028059	6.1036594710122	6.01859412230605	5.51120133789232	6.00589652895672	5.44898048735836	5.54342416334388	5.55490164527273	4.96064195099528	5.77181099180146	5.10667181482594	6.13927851845403	5.47648097221621	6.01987756324264	5.25279892361336	6.29082795096104	6.0008235666226	6.55825437416038	6.48649232546027	5.74293442320379	6.52872381365259	6.00928144708784	5.24486413824957	5.97798016766794	6.08708761155932	5.97283344488999	5.20244577548269	5.5411050383682	5.89198059273223	5.50634117181208	5.76993580127416	6.01413357026609	6.23150804583656	5.28975809711687	4.46616512571812	6.69562684711897	5.85303647553491	5.50147388704256	5.45523413469485	6.02978467002641	5.92765893430709	5.86780798373537	5.35500408023033	4.92756153108799	5.05921150022648	5.8302900019699	5.5905708899444	5.90684468043441	5.49442220699744	5.68608431547375	5.47010159703109	4.05901237439219	5.24444499700673	5.01460407836408	6.14659328743923	5.47839674003133	6.40050405291175	6.47137146181911	5.65391745536508	6.61736397104213	5.48880180771999	6.10528836368123	5.54621716503932	6.34348335355029	5.33282450336635	5.30095754453032	5.612088494426	5.57138287484887	5.65332672792588	4.5355239345038	6.12150347965898	4.54949429411366	5.60518986284161	5.50241381741558	5.7917327704737	5.21307918306917	5.59445883729667	5.79675463075861
AHR	9.22733610176768	7.7063439185683	7.48324188952137	7.16344224150484	6.12997546490907	6.78556101422061	7.12745988941264	8.88832613622605	9.0726902087598	8.05633724547754	6.77663552782896	7.57793768132535	7.45374044705323	7.40309849382069	7.97060266470396	7.53741416306692	7.75641311375534	7.64903159472697	8.04240219981277	6.44081247327855	6.28528505806117	7.17219600705454	7.27573829685603	7.98768098257913	7.21705272710773	8.85631247446289	6.10914381743867	7.28300691834732	8.54902746016102	7.63517068505944	6.81042490760614	6.84320133084356	8.18357295701815	7.6707084297901	6.83777853678662	6.93555524103982	7.40701772704265	6.3302930953429	7.87265260401099	7.76642467841693	7.28599288742308	7.40054222062155	7.07105118911579	6.56410096022389	7.23314944551126	7.97231613961564	7.30754865737149	7.29968939682797	8.12314117295333	7.68283832070151	6.90922321474354	7.27046691270757	7.86374203445853	7.27108260955483	7.76991371346378	8.92974849845519	8.37968013860049	8.0126244460888	7.02981205704774	6.29790542523304	9.29296136086584	8.147583820885	8.59484156186713	7.52556849433392	8.55258258357516	8.62774474221246	7.8145781956882	5.85773391278778	7.00670936524616	7.45491212042001	7.91463222973728	7.31755218327598	7.39516784984708	7.88149957582677	7.52364156901226	7.03797806314365	7.44450529822869	6.93946163622971	7.88105909324036	7.5806619808795	7.25053131484804	8.26097345501466	7.76963920498075	7.69628023518376	5.71287691054725	7.57704306676783	6.55804729660884	8.76605737650889	8.10151414250952	7.00845791245624	8.73087379960456	7.71246746056205	7.26542450757868	8.53376361017912	7.45883335718197	7.44612260426624	8.51557836257834	7.3622423439404	8.33619665565699	7.77404296478563	8.20190667771903	7.6135278821825	6.45877533123129	6.60327046120303	5.7044678173845	7.95401656821527	7.61856800211542	7.56446776156135	7.22655576029544	8.34971776298903	8.22051372537559
TPST1	6.11303258041911	5.06892761154742	4.86704041193664	4.20024398232996	5.14257369900482	5.31912729705585	5.32127481414701	5.00744359155747	6.43621634244768	3.60589268849364	5.46474998019698	4.13545147714332	5.70257525571414	5.86096230476614	3.81728595719481	6.57396741644731	5.13530463079491	4.71400058748366	5.25426888397386	5.26908353455109	3.8998101444959	5.6043399119188	4.49269105730219	5.81550326785793	6.77039934395148	6.74911473545838	2.77580794660426	5.94929825291885	5.74636342298941	5.51665496427191	4.69277600343663	2.94371460505199	4.15680574899303	4.2533086682153	5.81556148943776	5.49399011903096	4.76821929603434	4.79608706227845	4.01997324858091	5.65339823525862	2.97311476997751	3.00073154114691	3.93746869647355	2.97159036447826	5.08135125789972	4.81519864932279	5.02588051255342	6.47844751688129	4.89192286060419	6.06025821920409	5.48439929505469	5.06587783392716	3.87319579637379	4.61124565658806	5.00172052476082	4.82677808454905	5.35583275157034	4.91308385306916	3.82116882390245	3.63592877078187	5.56459034859919	6.53649061283837	4.77384084075928	3.57977288382801	4.99800755115287	4.52591689818462	6.15765999546431	3.76745786921057	6.18900794017878	5.44897313707441	4.58465261690564	4.93078250019491	5.43046696077409	5.71250064854641	4.40095456019864	4.98897331208984	5.65265828294847	4.77695007214863	4.27073330255725	5.00937103256243	5.53581721189141	4.70930528237764	3.67514693754916	2.88787220149779	4.62470604671822	4.07774600354331	4.33755495094109	6.17695200990497	4.08305250373474	4.93198752912865	4.23544126684022	5.13798261424971	5.97726840797005	5.77048350049334	5.29590537833475	4.41030848749714	4.51874788174917	5.16318589921982	4.38236716683163	5.29310551403919	5.50258269358962	5.66112197596293	5.63937103330827	5.07814222617333	2.45852983756697	5.74743214806082	6.6767228219393	3.90610174349809	5.15072639241723	6.72483363583764	5.23360672586531
CDK6	4.35803220002835	5.24055043585332	3.85830264744997	4.62641709904318	4.74608971159075	4.95893645306411	3.16901453067281	5.20478223899272	4.95833493415202	6.98519462725845	4.53246526522731	5.18735566250503	4.63512102620126	5.52302550700913	6.08389652971886	3.6198110312007	5.34997355508401	5.50083590908927	5.76176802709174	3.95108594624811	5.18063487672953	4.70847442691855	4.93154399331153	5.73853056753762	3.75380998663675	5.91938557162448	3.86835078174639	3.95745817016103	5.00087210191134	4.71346049260163	3.60401396614732	4.41872336927862	4.73738019062222	3.96326234375623	4.23261686664686	4.88551908796939	4.60602163876049	5.67383001425639	4.1033407001183	5.85418759758749	5.65785642371143	4.99526405750208	4.96231565032771	4.27067171123877	5.18660781654565	4.4904372515502	5.07230544539674	6.21687972323226	5.08991216060114	4.74162024772985	5.07836303729614	5.51949334816108	5.79340060420386	4.25160690175346	5.22120631259291	4.40861823414133	5.36355805603417	5.56607846309454	3.58365065553634	4.8258060380093	6.01650672628656	6.48669777291434	5.59885051383053	5.51858071740138	4.79412772170576	3.66672235084232	4.36319530445612	2.92827894034918	4.09091449346889	4.43265521778822	4.26078188525643	6.26002689390424	4.6798367356552	4.71329194449361	5.75669718865061	4.7360994089691	4.91082866586737	3.66173147665483	5.17029795618476	5.85732083593475	5.30596019520659	4.95904413598241	4.69862330086274	5.64637672349407	4.65276542796865	6.38562735606759	3.75197620444753	4.9702274236926	6.35027160238431	4.89769352624478	4.80770803945257	4.91542216043011	5.35352266966269	9.21726484356547	5.13325264822214	4.36233535127594	4.73133907441234	5.22527659366497	4.79881361961845	6.07603463337963	4.66092705614101	5.58132991264401	4.25239483302693	4.08081276335848	3.81401556824424	5.60311318508044	5.87914579416943	4.62442736101191	4.88748458176649	5.02352148497431	5.21442912259617
PIK3AP1	2.97971486025074	4.68836030165825	4.7931113639149	5.42997744203137	2.30098966817757	2.16889189693353	3.42178720010408	4.20721256904238	5.16710214725264	4.9515520563258	3.34149977000526	3.80542351954356	2.89844757271512	2.66303452840777	1.9130794718562	3.20080995747496	4.91204491387438	3.80427603419093	4.78977429961281	3.49206037148553	2.48002673628097	3.06774130679057	2.51454480113964	2.04754009524315	2.92610601988479	3.71972492337811	2.07758630390981	3.86158588147523	3.79857986158244	2.66434086607024	3.501765494161	2.10085897496573	3.60471131595117	3.51354321152249	3.17472819188632	2.82395187565293	1.95353193008134	2.2002164581309	1.91472370994275	2.86073922224548	2.72558606000538	2.20400136043731	1.69900074673423	2.01028139281084	4.65221890534209	2.11261518168076	4.25373907635382	2.47692051910154	3.23350453615903	4.32445776715015	3.26135014447831	4.08539377757381	2.52858063944478	3.85502937630017	3.19507057798583	2.17535586086106	2.36254010459402	3.04614374790875	2.49822189442722	2.2825302075906	2.57322705136059	3.52308268622419	3.40642989577699	3.10869864548978	3.91524633218547	4.45197597627809	3.11317705176729	2.51045307703448	2.54550832303481	3.1861262022269	5.37474823446034	2.43635311686794	3.79923054579355	4.14618645242405	4.51138237027463	3.82422373130135	3.4865824021453	2.29125444154217	4.00432212746597	2.28854182587915	2.01698357714587	4.2304980995359	4.77376340549735	3.51460013662718	2.03884657283761	3.12902157864261	2.69074580370737	2.74399202154862	2.74615019894199	3.40053716489577	2.83633659903416	2.58600590512666	4.81981757588532	1.96379328429488	3.27820694412539	5.46951842472464	2.53214961597132	1.8794116773018	2.32017539259605	3.87475649610468	2.92663793977692	2.65906117567103	2.0336833783981	4.96000047767026	2.09776385560111	2.09017602119071	2.60281966088464	2.53658626235073	2.91720220497598	3.04248642083639	2.64215843298012
TP63	7.6159660731408	6.7237804511926	6.27707275715966	8.32951817084567	6.71867062335506	6.67894694193497	5.70621876587458	5.57593677947107	7.98105652279603	6.21365860819321	4.82950210719172	5.66260164893353	6.09303482695679	6.60483871435247	6.7517115044396	6.64244548371672	8.33632250971245	6.36597565339669	7.8468508578406	5.90592048319275	3.82754821967703	7.10560032688232	5.32197705434337	7.38453429790098	7.43082372742335	8.1385369887078	4.72787041148672	6.31072776048818	7.49377178637553	6.75529448549905	6.34139018475717	6.22885520112234	7.47510141640697	7.21285457768129	7.01257989339656	6.39084262850431	7.01884776405308	6.67410585184059	5.38372744678171	6.37795515744593	7.24143716397091	5.92277545685596	6.49375389353643	6.24288293873668	6.18197986943307	7.78756391483741	7.19608799637311	6.02775010818643	8.60987888607533	6.75226615993537	7.43237090274949	6.93217244819112	5.54541421087405	7.55900563948928	6.57927897209985	6.80726842829882	7.80777783914389	7.50995413298226	6.69034710248142	6.65373011941637	6.40472427170395	5.52202561260007	7.55327851859282	7.28350154698298	7.76126539249955	6.90799013594982	5.63857073606326	4.56436277533892	6.78607621738739	6.25408199200356	7.62642304455994	7.25377171121595	8.17358486041171	6.89637615866447	5.87533221727906	6.22601488882779	5.28327507870012	5.34360141483489	5.63175468868585	7.00134572018306	6.8120292794878	6.07053590580165	6.57025841711194	6.17491437819777	4.35997024664586	6.95311169635188	5.16226060097612	6.88517793994431	4.62865220567543	7.93279402565257	6.56172471537577	6.87789658856926	7.25054436839075	6.67522589471981	8.08859596951288	7.0876297435091	5.83923737671957	6.56286429336872	7.3430239795722	5.64755685480398	6.30380913245687	7.28565718861867	5.00347462930824	6.75240664579779	4.84324580651818	5.99328417274372	7.21000476684114	6.93243963107582	6.51166519637149	6.65503273331119	6.59041901013163
CD37	2.56135762825113	3.17728646813666	1.85300836965315	2.6364750684094	2.67122398808717	3.02481140405682	3.15035443080447	2.6640200412785	4.21318382734183	3.4281863994967	3.89215669614513	3.58729643408448	2.82959431240309	2.76161300022904	1.80634333392278	2.32851043342632	2.64945833189293	3.50370989776299	1.85363473731312	1.80410146825772	2.17237679149425	3.37338846477248	2.63287959917153	1.86181216346239	2.91777974119413	2.40181037607357	2.54243204084376	3.1082182654961	2.38120828118221	2.76193837640657	3.66773224868485	2.38360798962657	3.26698320661261	3.30363744015368	2.79136921889939	2.29816458382318	2.24707812017947	2.13390446022624	1.74691089911082	2.68339739679517	2.30487135660654	2.54988531963112	1.46511649827171	1.5699267483467	2.05268118271249	2.44765460480145	2.92064863953784	2.27274919749876	2.81788921271758	3.9253707483311	1.50457956044298	3.88317712883964	2.76676358003097	3.04855335920036	2.90808399331	2.10797641457193	2.0865853883542	3.54704457480217	2.49487639643079	2.20962254616948	2.24141046394988	3.83409935761682	3.22043116922927	2.61126878692884	3.7505506413037	3.70916691786289	3.9472845162871	1.78691796901784	2.29547283023837	3.94468679254997	2.67197479071395	2.49283219920288	3.16943743034572	5.29918822588821	5.73377901631614	3.90527595848687	3.58729954171513	3.04178951556679	3.52712067151106	1.70590784127262	2.16566461193499	3.48745655513755	5.68897808547766	3.15290826810882	1.87006370380287	3.14666051078083	3.14716733394268	3.34663123135135	2.20064989250575	2.43091294257172	2.17977451287221	1.69864596807206	3.8773136370979	1.76993632757029	3.05221344688978	2.88619937341415	2.36395843002629	1.88896114279283	2.91326421213658	3.10117268769303	2.55339336885463	2.53744832899436	2.71636921186703	4.23160233818799	1.79358971058045	2.23469273147679	2.46062162655937	2.53708960126213	2.8459708727843	1.84149776598636	1.59907259183139
MERTK	2.51772888206258	4.17194829525387	4.73992161518751	5.46584431536007	2.87576552515519	2.01354746312631	3.16955838221731	4.20247990069623	4.22219443643455	3.41763639707989	3.82158019401378	3.4613716160823	2.59540456830386	2.02463863941741	3.89618030535998	2.59976580151221	5.19206664851792	3.3627798018442	4.39941476354918	3.92425609039895	4.0711331401731	4.11053456499226	2.79497338518259	4.24890436198166	4.22454782699282	3.32375470741139	1.80093863841242	3.88996998076973	3.15122068618837	2.23389803262299	4.43984095015905	2.23671972133143	3.2121564060091	4.01795077368117	4.36447775968831	2.18606408506395	2.50760392034809	3.56161496433508	2.47883672692299	2.53840498202576	2.11234387040273	1.90109530985447	1.66206442727715	1.92891126551871	2.06179585317545	2.23519272398218	3.7188950580761	3.11182080056012	3.47461721022748	3.36476518164495	1.94459636545509	4.55569780414472	2.70245779586838	4.1889140263955	2.77111641813155	1.78903173758682	1.99379064943054	2.67137567026258	2.13762131537452	1.99907909040103	3.50234682609521	2.72010453457729	2.97476153276849	2.51407177977777	3.17486553486444	5.56685389986567	2.64682145824698	1.41751389213045	3.34140483995071	2.31791013822937	4.21578507450335	2.17702762777271	4.3647957489161	3.92668002097947	2.78103890221102	3.03471955952151	3.47658011404572	1.93042868531208	3.38481249785522	2.03525295707729	2.45997372627068	3.1385185587336	2.73303975925813	2.82861160823028	2.15879279056988	3.35794260566046	2.80951116268495	2.70666619582078	2.27184849082593	3.77276874372068	2.25894344039785	1.82870093481986	3.08487415138902	1.89914491452652	4.02504295462557	3.74875804644894	4.07903467118384	1.77907548920314	1.96688107206429	3.06005085500655	2.37678331557592	2.21522386233853	1.8499429427473	4.76427650330702	1.8209069709049	2.27756790722459	2.36797861668803	2.41875609318535	2.94301039927164	2.93511862300999	2.52794777880585
MMP7	7.87091375887995	4.54483766338717	2.99005399977622	6.45040763777562	5.23488653149506	2.00732884288089	7.1039338094725	2.23951210082678	9.62877936389603	7.10794646753957	7.0149192094883	9.76354488047415	3.02634957222054	5.38411412093778	0.675369775463356	5.58995749588956	5.11428567604636	7.0120932049427	2.55906881888494	3.66276461347671	3.38182606987696	4.40501412323347	3.66132006226924	5.43554839164996	4.32662715457556	5.45636604504199	2.80746580961675	2.47871631646335	6.68140153782179	6.01794047496598	6.71690362912199	4.69709554014407	5.06628044707633	4.99297160690279	4.95779171651529	6.24220548548456	4.34198947359994	1.89583362750705	1.42690758419942	6.81657480603936	4.33342849682251	1.32183198063414	4.27614177602471	2.6931480439588	5.76093668604734	2.51144751804633	6.02506515652554	6.84651897566543	6.20098505645486	5.81576226743421	2.24751725630857	6.13469643389954	2.8900031903934	1.38255070699542	6.12703806526774	2.70915698778551	2.82015014606775	3.5046989374406	5.54215096940847	1.3678191457251	4.41089327225869	9.31965219158769	4.95605716448668	4.85134267960247	8.06383680861191	5.63236217066411	8.85451890284374	1.7484533286714	7.41375396651311	3.52710599492791	4.2615256742103	3.3898282402506	3.60842318383687	7.07001653713944	2.84930093074369	5.48172859710628	9.0227561551524	6.69032830900593	5.56797992597076	5.88513321014761	1.50565441825387	9.12853813537163	2.91598670206118	7.6104286626232	4.25532197843546	3.64699167110679	3.8523237091207	8.17813929773188	2.15544335287306	6.4836061166677	4.1868252977874	4.8783647615351	7.20644526517841	8.32970149060718	5.63061631853812	4.11068359320092	1.66069990998716	8.01710254244844	8.47472822461551	7.05562934988022	6.07508478118654	3.98140523602943	5.97551247112767	4.5496729978746	2.58575178933041	8.13634806942062	7.2771861272069	4.25566028233474	4.28645596416725	5.14771757747907	3.65092008633605
PTPN2	3.31095994450787	3.90804043709329	4.22077766674662	3.79858775941725	4.28041006794507	3.10728405065025	3.60387208709192	6.04629667562562	3.51551174344231	3.91591741085028	4.0346680291729	4.12349965213913	4.19329414946981	3.71791311668641	3.26958559152644	3.89755323105351	4.40721740974772	3.16865837088796	3.36498115269996	5.1068176774185	4.08654254859406	3.85079932972318	3.95286605794839	3.61084429014393	4.02878998000608	3.26244251711713	3.23130710345016	3.53709993489857	3.24411805980753	3.84460340673334	3.42745994726655	3.3758874768037	4.09864587340757	3.54784155111893	3.68991092560076	4.40338052202975	5.33246842964753	4.31270125920844	4.65834610029816	4.94964746842676	3.99220054602167	2.96576539355877	3.7893101906039	3.89483439825831	4.75299806703611	4.71237783328093	4.59626382466443	3.67929064132893	3.17265634717169	3.64463049209989	3.52835696283314	3.81520464044714	3.80204898088773	3.72136377590637	3.73823472587502	5.15425043165139	3.64926991421719	3.62783627006775	3.81976908833244	3.44433710104458	4.16712706659348	4.03104946108584	3.98075720636595	3.09113576192023	3.69523019739371	3.49474512823726	3.46061119398817	3.6030796830969	3.526910584478	4.64606730610533	3.873994014883	3.84316635974655	3.73344608782204	4.07106338544403	4.08394226167435	3.30256257361179	3.56427967737353	3.86184527106055	4.06407049322928	3.58465587447696	5.47324629589893	3.69974161164022	3.70483861133625	3.65024459697164	3.58271944418456	4.07382880011376	3.70326775139616	3.75068435456756	4.3648846824085	3.44157818122881	3.80197131472166	4.64730871906273	3.52292943343813	3.8831387520078	3.88856360592584	3.79013102484541	3.58239348818075	3.17418518695235	4.05488512486507	3.85910439488712	3.64589120926424	3.77195837215247	3.4686598783836	4.53898503664312	4.21525348172696	4.24126728074874	3.56457288828644	4.95041658576028	3.83284083289064	3.85163305349332	4.70517123760205
ABCG1	4.09823420237861	5.42358745795051	3.74840102578587	4.71733261961034	4.67969813103854	3.89094080479529	3.54655246769409	4.57098889826814	4.86849590028084	4.81073610515063	4.68880046419922	4.23790032911831	4.44610381714615	3.27874641475655	3.87856403483243	4.34081644089647	4.13441071700729	5.05749136123645	4.18942559543087	3.9699234372366	4.37411611963094	4.02999558816343	4.10010997076997	4.72304861373625	3.5895371247044	3.5181043134364	3.80279412456989	4.15963586205437	5.48923635347085	4.82490918515291	4.72846214543018	3.72904228900383	3.77759413569053	5.14976600331246	4.51441668470225	3.68933500198629	3.62213791628449	4.07249172337433	4.08244030289154	5.21890055804691	3.97760642650371	3.75167929894336	3.01008596192632	3.45078488585308	2.68077360320102	4.05521819870761	3.68430722521888	5.1021048560379	4.68422559031869	4.25271106017853	4.84938105410727	4.71583739573567	3.11377234968512	4.95674157441912	3.99505205491432	3.40521749318467	3.95013497188846	3.43130551067053	5.35826271552215	3.76060978406759	4.27315408131431	3.38100900554975	3.3412959922978	4.39128658233707	4.15289363224863	3.80278968674178	3.84261651164771	4.00410159393766	5.17470508700663	4.73771965723859	5.43327321073397	4.13681657216516	4.69350282944878	4.55077723855211	3.93747156721356	5.11894709500974	4.33733676225842	3.93434405650273	3.60873981297353	4.43774540746992	3.26620251051047	4.62872374842494	4.15081888559993	3.47660496360829	4.58958691245387	3.58304376209042	3.44970422784336	3.59122074812974	2.27176980135878	3.59391199397991	3.51388230378721	3.63938526466847	4.01883367990937	3.62551156302967	3.74802561954453	5.10401375072705	2.75852130778016	4.10258930632782	4.81920157013784	3.43707704932474	3.91753070513728	3.96430412171987	3.22758792004658	4.40623834138867	1.99497423369452	3.64442161018465	3.12009487136797	2.60806255109361	3.71394804781035	3.82689477818172	5.04299050184423
SOCS6	3.74711276092551	4.80779727799113	3.21742414710462	3.912653840246	3.26193724471714	2.80110421910666	4.15466016635676	3.83817537376315	3.52926468127834	4.59518827619764	3.4211106345865	3.8283408126118	3.42765659330715	3.62701200197306	3.47709481018234	3.30635555936387	3.89908991876496	3.6162896582331	3.49229226876132	3.59030749525733	3.57737672190995	3.60196738753828	4.16351631277972	4.42107800310546	3.8303009270817	4.57652243127875	3.12718445021454	3.83255302775439	4.17061488326656	3.51143935481913	3.18262084587044	3.90634791412235	4.4404629400116	3.80475023032	3.46571876556507	3.30749249247476	3.9894604616437	4.59428454567286	3.68760550392708	3.75173890243603	3.37323536547003	4.24940788332938	2.98878926353378	3.7034872479218	3.16736252518507	4.02519076562421	4.40223246999758	4.03007050882074	4.15922568910957	3.70601971163293	4.16069536944421	4.60013262959164	3.93485644634369	4.56591945649396	3.33803672939126	3.24882629793077	3.03938725487171	3.85660804927909	3.5870697292816	4.2992332937901	4.83646930648926	4.21986337552378	3.86483047764753	4.25725565547138	3.69034259151032	3.68395855464658	4.0889256214302	2.78176632704555	3.4953393627792	2.99243571991238	4.23680156371718	3.68883322909857	3.85409127228687	3.46566490403587	4.64946169161106	3.39265504021379	3.84447281245899	3.2200588965532	4.14956924772405	4.71172711747198	3.4257793110708	4.62146113733223	3.08976799090763	4.35513416703085	3.57416642465623	3.67328342794771	4.08354341797201	3.83693915378707	4.40082396236558	4.2405750570838	4.39029158364535	3.71978390147808	4.1708250426969	3.71056597030898	3.27269229377945	5.09563354716608	3.62405052470927	2.51244333197268	3.91283744902341	3.67863864873973	3.68500697613099	4.1706057868159	2.61959066073698	3.46231349621716	2.78760215361382	4.01520744658133	4.23039789709528	4.06379734646137	3.66022821501242	3.89281354717114	4.61419807718324
SMAD6	1.86902146299299	2.20692695397888	1.77296163938645	2.0570063651509	1.91649328025834	1.74427765051515	1.70044546432603	2.85245100160601	1.91666289157634	1.71793758568353	2.03169394298847	1.81547244143015	1.5945136424658	1.51338324048502	1.4722439753117	1.58263436742109	2.74980718052086	2.30915559827014	1.4714248532663	1.42920552399747	2.686945784196	1.62027797506461	1.51340342671567	1.43747275483163	3.24406571920856	1.65155964867787	1.70668031280353	2.75496779840661	1.85624291485871	1.98484114081731	2.05381215679787	1.79141462236292	2.06020841014163	1.85968574920616	2.16221993466299	1.85161267117529	2.20706051690536	2.17520278510857	1.52951317768135	1.85546595387232	1.42721419550709	1.98329640510774	2.1079962028877	1.46606717377646	1.74744014993992	2.03140910291816	2.21306412342697	2.43080022039391	1.84412153438469	1.96343694828297	1.48031936364715	1.98791723798927	1.9619415423858	2.11937825950793	1.80490729733564	1.93528830262571	1.89698290320715	2.05745811211554	1.49286564850311	1.52032731160991	2.00637277103264	1.64218844580558	1.70454766142487	2.14748095727197	2.2845210270366	1.56908958496367	1.76472699825829	1.41200730437299	1.88554879634045	1.72367287297349	1.90090473384048	1.64042524062343	1.95148269301455	2.58484876387665	1.8484010173117	1.67153989585394	1.8147821023597	2.09967496635431	1.93584959527296	1.82210721374485	2.38914630463338	1.86920791311619	1.76472020013644	1.76678243215549	1.39476214168931	1.78095964412664	2.08453150523094	1.76980200194448	1.55878918456682	2.07156520086683	1.83808646313007	1.79851657313207	1.85822201098436	1.85493575636092	1.53115804200241	2.373583724121	2.13442034258508	1.9820069475923	1.9463290271816	1.95290147967904	1.56930920390053	1.78223939214598	1.58789121783413	1.83424351158423	1.44667640979153	1.48583357029529	1.64049792259453	1.71654626789512	1.843530523422	1.54410203114746	1.72575180591814
KAT2B	4.98594624818069	5.33741963469452	4.86843640370092	4.45769086308112	4.04208698559324	4.07666388770391	4.87407127379043	3.88152980902119	5.16836895558262	5.4978888803869	5.14162594535051	4.77174680818227	4.67700204853011	4.28942835592616	3.11020988728799	3.76278331337445	4.30157342904776	5.60450492408557	3.75491362432983	3.60799092713964	3.7509487439321	5.21050425641805	5.39813542078518	3.79982256160316	4.78571146781103	3.85233162553731	4.80975341313853	5.38784916899824	3.68181254300504	5.14676733967976	5.17101425267243	5.25854264698039	4.78575032359639	4.59942864464838	4.61480866536682	3.72620149666414	3.91110143052921	4.02245268448872	4.24676800603788	4.43850153713817	5.10019153396695	6.27000985939905	4.61549482088439	3.11038000463138	4.19973297897825	3.96299903662188	4.95235480574424	3.9806010751018	4.670278466001	5.26116314486974	4.52770349976905	5.62314587909029	4.19017939298131	3.71177765424125	4.89493806389204	4.36946134051145	3.75814659511472	4.99591688602682	5.4310715127471	6.05896386276947	5.13205293777505	4.85098221825467	5.35071595771291	5.50727291915831	4.49392616882548	4.72068317403293	4.66290472164792	3.57491441772015	3.37925694137037	4.16954076194656	4.55385740754506	4.18352662215337	5.35724824239449	4.27056842469648	5.6502180441999	4.71892335448619	5.02363935524374	3.96386924696943	5.58767910393644	5.11900482284408	3.68849592219655	5.43491403347025	5.37602377101842	5.24851086804551	3.96311241930903	4.47248914112251	4.58482084032193	4.64699778185558	3.91556289958288	4.54688127411968	3.9244196856197	3.84262972315417	4.80165771536006	4.00415364884281	4.28079331360688	3.64530725471248	5.41977261311672	3.65153943642765	3.80356297998675	5.30568818082463	4.52631598527365	4.43559906087488	3.30181672747287	4.95731511343657	3.10368810254053	3.90952032738819	3.9234900413838	5.05997535561763	4.06487162997596	4.56621072021172	5.81423610598362
NLRP1	2.49847186097606	1.92870968019865	1.29225885568273	2.00848305750947	3.99723957391003	2.91113703333461	2.13081623210193	1.71782183428551	2.21860922492123	3.41039165913887	3.4614974485959	2.62559358912888	2.30160154596084	2.90918118672233	3.29664503816242	1.54290610229665	1.89882995050611	2.75507208930418	1.40138853876607	4.64337162199	2.92649530851607	3.26383161981783	2.78345090625944	3.19236664417098	3.94571063158306	2.30041160273919	2.33045848337098	2.32683932178554	2.26813588331906	2.95850123784361	4.0497053821655	2.55457383595838	1.95511910212391	2.29474826971127	3.03867805377565	2.63372342458712	2.90709311418024	2.80043424207764	2.82144279624021	3.19978089226181	3.91084178255348	2.31626441455311	3.58937977626242	2.42207113752522	2.16414447975409	2.97458221699551	2.78106168195768	2.40264887934385	2.18912063163723	2.31354938453291	2.27633492099978	2.67025151794531	2.56681319205577	2.02976557492334	4.55655810898536	3.23647808839967	2.43902909164433	3.15756890081431	2.60958289740595	2.96853804359114	1.74238115776216	2.29638224695503	2.55749952331709	2.73953737083505	2.77905191178584	1.70043985335347	3.47994214707722	2.93969374395023	1.51562958149126	3.28162529346347	2.05954549533563	2.89433652299054	1.93937557471977	3.00293121766512	2.92018156451789	2.25030538829082	2.47359243424685	2.36577847597183	3.06814873493232	2.48508593066963	2.75980251658429	2.57018157454326	3.29434268365215	2.63660969424795	2.65166487885955	1.95295398777197	3.01642806257968	2.55881673518092	1.79925112406514	2.16878783018763	1.79059619781288	2.77051937698374	2.51847859237813	1.90615263972203	1.88279709063994	1.68949111071019	2.62794189596239	2.64880159110067	3.32989955337759	3.02110758882687	2.96183966401813	3.14758267220684	2.66163616970438	2.54245049143891	2.77698225911704	3.35533851045467	3.60829381994337	2.87700022743797	1.77128590556505	2.00666640464688	2.01861663314381
MTA1	4.11874241877189	4.3847832400229	4.53283300197481	4.24926331763318	4.96078417770273	3.65961345655928	5.38456839781715	4.75003767272235	3.75233960315146	4.71119218780891	4.40157561302251	3.97931525153772	4.48643284605278	4.37400688355885	4.59365996926133	3.6808223678146	5.26629933309211	3.87264826111092	4.99758460784195	3.92694352275395	4.83934095035323	4.5414136894479	4.96666320101618	4.8322490010842	4.11929525651562	5.20483515640926	3.14100763051119	5.09928970991179	4.50184677141631	4.33777508492148	3.87621287587826	4.25620854464013	4.88990969386716	4.75205371735965	3.98150258927649	5.37359124468064	4.25726122645276	4.68713539232437	4.58332580109625	4.31690525934687	4.05404727838444	3.41100499505807	4.88623859331355	3.81892982994487	4.66823213225091	4.07611508612787	4.86268622122694	4.68291977182348	4.80227004675252	4.12243554808191	4.06873068911448	4.5749362908443	4.81495905131487	3.70112768012512	5.0774854274855	4.59654946597614	4.33644047281685	4.19126844007046	4.15323349537167	3.90703708373827	3.56311672910141	5.27872648918072	4.97756888744984	4.61101012761133	4.27626136336385	4.60982895293276	4.57329125290565	3.25710480871971	4.47110119269445	4.52518633718776	4.92925014621307	4.45261108119005	5.20739458240209	3.88209077795418	4.72267541914703	3.80195741963639	3.82652293452889	4.14846348799679	4.48221989853042	4.57712251793399	4.70250997279978	4.13879208487089	3.91649601233396	4.58043050631009	4.11484526073589	4.04347885446616	4.80328725943432	4.99661523202764	5.25308228038088	4.72317398984302	4.72522700159363	4.62200938206321	4.80646837878809	4.29084849381001	3.87670397729968	4.52362927130796	4.75570615326258	4.43920325788828	4.98064870076139	4.65500142125129	4.55370296339516	4.72962066935139	3.8759707934129	5.2639846725704	3.44013527807209	5.16716604430326	4.63991248402336	4.441055058215	4.81418900239499	5.24273714679627	4.30187428494433
CD180	1.88038541927317	2.56066363194134	1.62032062638509	2.03819610077946	2.24833574615187	2.89620844937666	2.67192661690535	2.0620507279773	3.12588941452838	3.36156770035161	2.73148567922461	2.51386466417437	2.14598924896209	2.4413243600556	1.55179602408548	1.70927014850086	2.06657761765078	2.67163351452721	1.71302402573135	1.60361992643506	1.75062970429449	3.10445443141955	1.92898518430744	1.65707247204638	1.99808086444353	2.03406010181592	1.95600869786659	2.74291029110813	1.95539254362333	1.93494066426223	3.41402681848111	1.9218979522138	3.02594221345654	2.71474806505948	1.84508119952555	2.11237671083122	1.8260093510325	1.66399169748125	1.53871320830327	2.72635309578797	1.98180277511272	2.10375342901739	1.57197607041771	1.63089381083399	1.76361096863693	1.95875004266411	1.81219627913145	1.74086721707018	2.69802873252737	3.44789039474961	1.63459347644459	2.87282363873045	2.27167898940224	2.64885611460138	2.08102764973148	1.75182884098395	1.52350693044717	2.73932600413393	2.03881389359122	1.68778750076748	2.14967598421809	3.42562515505557	2.89516154869905	2.82692295903065	2.40291158164414	2.74390926568167	2.72274937700476	1.89726859274963	1.71422023005529	2.224496515509	1.93757453051269	2.2883558684202	2.87743636951937	2.50685656332236	4.42899134547367	2.37417358131268	2.71873709370521	2.19100430248986	3.17492217109687	1.83663500680785	1.69405014870634	3.24007011184334	4.56610352655411	2.64560329945976	1.83881063789474	2.17489535021063	2.00357066307726	2.57096031759247	2.14111494304913	1.99963733143553	2.14334932893789	1.59970429708386	2.64383885878015	1.60278703610015	2.37459703890304	2.03173574354783	1.80995042369575	1.59563968224008	2.17590190483819	2.76739541105415	2.40280714566766	2.16971991899505	1.91113241097258	3.69673639513136	1.68368286671416	1.8814411355902	2.25755767672609	3.082734487913	2.40719353956792	1.6216650548079	1.54892039999274
BCL2A1	3.27027011250597	6.8168007932353	4.3195267763448	3.91216873498812	5.65516041388343	4.46762815219206	4.56044793347395	5.05439108994453	7.99591586730158	8.25370676225811	6.17978494356259	6.65835938473733	6.55599773006241	5.10006154757828	5.99935680135686	3.73888764325204	3.9471683680511	4.25876652165901	3.57717730381893	4.46437964673604	4.94346049290102	5.03690033000955	5.02506709788883	3.18248638144435	4.08048649488017	4.04609987971647	4.99694682683906	4.00784311952875	3.36992140756114	4.55115469088656	5.62529812755946	4.20860994143804	5.27603628839733	5.00969463740306	6.15158524196211	3.67715571275744	5.08865125253104	3.66535322884909	4.65989955110948	5.40460695824223	4.71376185817827	3.11611228939385	2.66840469695373	4.20817653718783	4.33508116399609	4.35108388834551	5.83261315072254	4.57819775644778	3.72729131994288	4.99589236724097	3.2879444061209	4.59691356774453	4.18289437358518	4.49922727978513	4.80106527845685	4.43029700416508	4.45901003078562	6.44850786001239	4.87742679336054	4.03204657484893	5.90476789407451	7.35023124299687	5.46563658211437	3.8661432523798	5.98280211725115	4.41204973641475	6.78623551081975	6.67992046329987	3.86447088518162	5.73762524300816	4.33931483280864	4.5564119706796	4.93125004189112	8.08230618695535	6.06788155260751	6.0767701440585	6.02553784510821	5.63845018967152	6.46850289091227	4.13956932069295	3.18383517923333	5.91959159950236	5.78240090581721	5.10614872091486	5.95820054106335	5.6530737651353	5.26960697627635	4.84763404266363	6.64408966639017	6.85244168950123	4.08842714725603	4.477854712824	6.95536267147233	4.52098593838471	4.99218493787576	4.77247491517493	5.17701345455595	5.32956515400719	4.6944032761127	6.50634904604709	7.01981105797932	6.64941470859981	4.96796997032003	6.51939450164886	4.58589119842683	4.93911215031415	5.08216157143948	4.35045511721052	4.68365602139767	3.76568096283963	3.72214527943495
ITGAM	4.14955152935923	4.05076552679218	3.20984564759466	3.63669916858621	3.06798011659391	2.8580442277168	4.43583927491448	4.10680635423978	7.0908413769082	5.85817628502816	5.16273846554061	4.26086491301269	3.30384899402662	3.59856538684295	2.6185992644413	3.45621487021615	3.13549454463882	4.41753097867078	2.74010097726729	3.78279344305598	2.52140474300444	3.40943241513476	2.5833142625691	2.95404103606212	4.1233829265281	3.45175866495268	2.77275426496475	3.1306217309063	3.52008354947745	4.12936400847963	6.53479719379691	2.75563811849351	4.35289299374258	4.16793694215885	4.10257012869432	2.91235497954152	3.05010151296442	2.94272920628008	2.58767861730615	4.15401348639481	2.7131264559531	3.17301158761449	2.51628537926564	2.46500288070069	3.6353370503051	2.55215387998092	3.70881833877161	3.11890301444505	3.03807974260351	3.77316087357291	2.53693488064589	5.20308776697366	3.29913310724118	3.03627451762099	3.19195231087704	3.18120698049132	2.96341476592355	3.62733213267174	4.45910052589156	2.52040847761722	3.55476235688767	5.72682289913993	3.62312469863483	3.62874731843856	5.67774740236784	3.63167186376742	4.85807133251483	4.0841699043226	2.80470407964132	5.27066156636102	3.04125134106772	3.44711210607187	3.83993038823042	6.2594328908768	4.63651674634557	4.83481948674604	5.01655303725162	3.32344244273566	4.4701463290576	2.44548716897326	3.52177561906368	4.59932060549314	4.01023697210175	3.56626516618364	3.01163224092163	3.05906301342271	3.67974756230442	3.58771165871241	3.02825555602444	3.38615915945988	3.28459223266281	3.15548664364715	5.97562266970012	2.76792598572796	3.94559964194604	4.03228286970103	3.44194867179166	2.37598746777554	2.83674501373211	4.13661016147113	3.75680015781507	3.74518843011545	2.97778480313753	5.23632050493551	2.70400357571655	2.74952169368576	3.89902798374485	4.55779779807675	2.90056591400023	3.46403259871998	3.55514705608711
SIAH1	5.92220385326812	4.55318096979644	4.49509092292447	4.34935614007478	4.71358261771359	5.17437233012639	4.07696639257301	4.26057710623357	4.79648866400865	4.36074027971711	5.75324635868557	4.02446158136235	4.42634363429103	4.23986730726864	4.05755144281585	5.713405016119	4.43943172340476	4.55882107277995	4.25887533303705	4.50773272830725	4.55452197409951	4.72527977897108	4.87423752221353	5.17520298181844	4.44634993770203	5.25131013954733	4.0712158461974	4.70718452286033	5.17944753768798	5.97873747364439	3.91750048196925	4.09490441325619	4.48614185696203	3.91779148399166	4.59799961577332	5.1759058087472	4.37997134813095	4.50822187723146	4.62165107341936	5.67010185229577	5.14334462761279	3.90342809580389	5.32158749674454	5.62990591951663	4.51899118972317	4.19650397950731	4.36379365215884	4.97350592095959	4.13643327530972	4.61278336374999	4.26393985384077	3.94727788693614	3.72286936457374	3.62399094814036	4.14791798810126	4.43727972314441	4.57183409171417	4.0622602653959	5.40511009046654	4.12324456007971	4.15948143289662	4.04707514440077	3.95010005513741	4.43736574761624	4.66950152558362	3.78389703606448	5.41996831022384	4.57476481446551	4.62680619992079	4.47769110241036	3.89647298664898	4.18475658186741	4.49254798880351	5.62587981244129	4.50989881602269	4.5411870481682	4.44731425827505	5.02816371859604	4.41697449879251	4.55791531665112	4.50429626104026	4.21415497887037	4.59926394913033	4.56473527151133	4.8656277108595	4.85355995603276	5.11404158850742	4.98344555888888	5.1974867460299	4.61468165402095	3.87575828517222	4.89622014228006	4.76492234675837	5.04349867828133	4.71064411562516	3.68753156562455	4.40053813841281	6.16571821506024	4.80106449217202	4.66584954530644	4.73848836323179	5.6361099189115	5.06229687633023	4.32023028539991	4.1228497589139	4.68230638572934	4.90159004435092	3.997316013302	4.66476051721988	5.72338107609788	4.10223363579583
TNIP3	3.64262153562139	4.43187012249029	1.38582462635241	1.38518772760291	1.51927334506888	2.80194367528808	1.62748138578299	1.81359712413669	1.69922754449145	3.03668928213202	2.07436388693405	2.0903105976641	2.0139976367171	2.63939917775513	1.5841724700928	1.39927191709365	1.75232739226947	1.79629944399971	2.28030871492334	1.35135102357834	1.54434278582899	2.2236238971724	2.47371191512517	1.42241363718306	1.5888997681694	1.75872426476149	1.47883585383863	1.6677336133329	1.71364327180989	1.60090830772137	1.88452637890414	1.8161266814743	3.38096681137766	3.40469463606497	1.49540120706272	1.42656513544691	2.65716370362313	2.98729024292836	2.01342325776779	1.66683631089315	2.47142938835936	1.79294037968925	1.29793567327008	2.63971050959846	1.3902557244186	1.77285717564074	1.67724988586923	1.4833094814186	1.75184924765167	1.54425142800413	1.39304055690979	2.13194727179681	2.09009749583379	1.50010343616681	2.8097161489136	1.50812927766264	1.5444534203368	2.1907587297627	1.89403254240208	1.65542228215228	2.1740424291908	2.42470273721998	1.86784030846371	3.16962862411241	1.67329470945108	2.12284576051304	3.47148865362878	1.44057702533063	1.40763142512469	2.0064287601963	2.14655277172589	1.52461790709743	1.73964251348196	1.76977259012283	1.72333801300166	3.72761583479879	2.17930643488495	1.81017432025731	3.51347817468925	2.48132819193002	1.47531656799921	2.57043008533863	2.45981766352822	1.93235109906774	1.63154159445393	2.58769455837253	1.44386068880505	1.90777625635454	2.39841857918931	1.42134140105006	1.61194742240398	1.89553124825165	1.70674269346897	3.1353385696397	3.35047161123636	1.52927889321845	1.66906135333722	2.41978825899063	3.17265945600826	1.93936702593621	2.12787279498051	2.66946417788144	1.57203400444428	1.71905699545675	2.20234733701718	1.59410183305599	2.14332261670887	2.35214769048653	1.74419481103951	1.45198705546532	1.32129223872721
MAP3K12	2.64787642751191	2.58635808663915	2.5464022870674	2.75494131658743	3.16770478522015	2.28830449712773	2.50315344729479	3.581219513586	2.67985423777518	3.00516279227816	2.89647406953613	2.65764211433885	3.01264252336988	2.24333330342949	2.7539943490977	2.56054240678563	2.98571125704094	3.14745326641511	2.24759455017316	2.81936408596922	3.61591403868373	2.77843267550129	2.19997186774493	3.46999925379432	3.53578954360381	2.67715350036885	2.00621844271187	2.7948092732397	2.42029130092941	2.51795790935694	3.23211423161057	2.20227568776164	2.52470020113572	2.96259975826044	3.0756477360218	2.30283640619642	2.7579967599679	2.33095443210391	2.88061113286562	2.49200471194687	2.2023701475126	2.37108135885046	2.32421455410143	1.95473555224207	2.4874621740227	2.14490534015094	3.11194289817684	2.71807101026087	2.80111917942761	2.85601945779848	2.31519367097971	3.11343164445106	2.58077736750096	2.48769127024276	3.30663010620137	2.94967967601084	2.53754320127122	2.71221040210897	2.51431030217878	2.45348312993473	2.43715366271257	2.67666213320007	2.45673986681657	2.35641217735211	3.1545772935358	2.66764107366899	2.78440915500964	2.20395472231977	2.14008230695274	4.43442772104088	2.79973415572265	2.70587500285533	3.18742065424242	3.35038776710865	2.77446139628432	2.72529234679223	2.68254379272047	2.24128713697407	3.43539954100008	2.29620660622065	2.86355969003102	2.66442227207165	2.73472325747231	2.55381881475692	2.0414363918957	2.52797092051774	2.72395807222074	3.16748116944484	2.4829150582175	2.57912351694309	2.23178017758295	2.41437489306211	3.08411268002063	2.24682131349623	2.39178277616658	2.83787172174031	2.40620739737558	2.83129655671667	2.42525058524508	2.87627924016654	2.81469299643332	2.69980199707303	2.25309755512446	2.94881967193925	2.04166327210961	2.19916604362444	2.88160422064549	2.70026679415144	2.51181126822873	2.22359156508234	2.86167067403675
CAV1	8.64804999189053	7.52688987115704	6.23420062344147	7.47760235993014	9.70820356434453	10.0402148774103	5.852212423689	7.95222694276068	7.89420642247876	10.0987251754913	8.93726509906726	6.58209598665774	8.75850903478735	10.3540323369094	9.9012129639614	8.0434034952207	8.73730687377008	8.87086054252991	8.91579441330264	7.72921338560059	6.01978724743195	7.16123970324565	9.3619157532026	8.45567659729005	7.47727335908061	8.7714815562418	8.40902358184554	7.25928226329869	8.1953679469959	8.29295322675795	5.97128365855029	9.31778011688331	8.46855219750538	6.57851875027495	7.3867245248243	8.88556456199059	6.94628547755184	8.5056131999082	8.04636555838522	8.70895579434907	10.8777844348377	8.08712173694365	9.13379017690801	8.85301747304749	8.57297250033332	7.29399087259751	8.52857459056944	8.62068991387658	8.39249146780711	8.05827837464568	7.81525393091305	6.4223931494101	9.40691951546739	6.15641058064771	9.97980308486469	9.4447081766399	9.99063385462058	7.26169772223874	8.03623638275545	10.0805984031327	7.96089206257294	8.60320884893267	7.88952116964191	9.59526148025255	7.90102908264537	5.823096974644	8.46373356830091	5.90371464599447	7.86053317519966	7.78629964327037	7.33536582940416	10.2125219844119	7.03010245810359	6.78030902287936	9.2916412057058	8.52733765749217	7.14021237845575	7.65762036987014	8.08752581813681	11.1743515054324	5.81175794977908	8.80424979323167	9.28619126436933	9.6250433380895	9.08077485581494	9.05187628862316	7.95356875039922	7.88106431941162	10.8278759956548	8.36731660416513	8.17117692947171	8.81445368107618	9.07420671369454	9.78764192963772	6.50806689880017	7.53943567793252	8.56485563954339	9.4661967345515	9.51289309846559	7.44215942576105	10.3761793256166	10.979893874153	8.82397402749504	7.89964859876054	7.66160484596051	9.48711118284275	9.39414201334358	7.90209977166305	10.9904379434098	8.24721585083047	7.79959826568755
SIRPA	5.94120782045417	4.71685161698113	4.05980379481628	3.90875690480032	3.59614488204036	5.16155744889539	4.63164952089627	3.41388175183507	6.06276051008159	5.70255613536921	5.33999138252802	5.69991957303365	4.28841962729709	6.65911129441387	2.84271755397308	4.4535309889072	3.73991323220267	5.84003033177878	4.0175769423041	2.2394193862446	3.05641868181431	4.27320807302021	4.79430697882552	5.02895457531975	6.53741640406575	4.47353665055124	4.47604944185647	3.88704917426058	5.40493511188293	5.67916173201911	4.44777537966307	4.55635253563505	4.48260306157851	4.63644802044584	4.82592136469887	4.85816342859837	3.55807123392805	2.78691279559442	4.17118891048913	5.0290899801748	5.1403303817521	4.88816803696236	6.0037630823296	3.95761513378445	4.69661315176421	3.97810791563372	4.66695791324951	4.97581364338515	4.94857343088829	4.50104786428615	4.47912214525034	5.84925064358895	4.42695457325656	5.05568448580526	5.22840794477396	2.7783443638729	5.06403086628174	3.85236555784333	4.34284679944757	4.71634481743697	3.915757922508	4.84911879923056	4.39633935119236	5.80523140426176	5.50315421320181	4.42996691580252	5.53890609006815	4.00760624302818	4.61019900362969	4.55837441740958	3.85570164474841	5.74176807959557	4.30562198222459	5.23528547712737	4.8648917079426	5.62838085588363	5.61034929557344	5.41083056825487	4.90998826072932	4.67893223992498	4.07360765178632	5.35642244549441	5.29147885806031	4.94259889459836	4.52114986359882	5.24478647497868	4.69983695039789	4.93289717701689	3.86868912354407	5.04277118677557	4.90476006065235	4.61136159121185	5.50477572470622	5.2810605656743	4.61676206140178	3.94477898685512	4.1715485734437	5.87806971281308	5.21861853757056	6.35629737752061	5.37329507980394	5.43660204565799	5.6354488579577	4.67568454691266	4.46280777018456	5.67908304131779	5.22818937754921	5.2457799246665	6.0096428730714	3.99331242071826	3.60665515872967
CD274	3.10240250963163	3.01799997801927	2.29457193315732	3.82791476280709	2.96996541883314	2.21331494135699	2.49521563523525	3.00650384298956	4.49538463563659	3.05863793773587	3.09234680456104	5.48964569621123	3.1265350427733	3.25210853562756	2.6151023483409	2.81670598052711	5.91183334441678	3.30553546124325	2.68457109011258	2.60165770064916	2.53276075889072	2.69369087875348	3.65094184735586	3.55978747884073	4.06208459298071	2.01989909683033	3.04158325082197	2.28563913507775	1.96812982489677	5.1354393975721	8.28001836544589	2.24339684304747	3.33142003503707	3.47727623159872	3.93671448783791	1.87891490442705	2.58450208363312	2.26089591908219	2.52835349852799	2.07866583885809	5.1146288687907	2.047797898118	2.31040908794179	2.00231838749202	2.16027602358724	2.37427683402319	3.77805188144037	2.94423700445128	4.65391693043316	2.65790022166326	2.03276736551996	4.57689889420416	2.28110730878057	2.12537435295147	3.24099933746523	3.45060427872037	2.05731499809486	2.57083420848254	2.26338924962686	3.93645926153916	2.93583510066503	3.93477220224392	2.41907866303133	2.54963953428237	4.98134435612691	5.39564799892279	4.40880077218452	1.72134238508309	2.47389857684721	3.59055570568218	2.72516382357393	2.97651509360221	4.14357529468309	3.36917284136247	2.98620239280378	3.65574999159518	3.52508386811965	1.92426838061296	3.02142411359719	3.44060838835198	2.31702739414621	3.11905990068596	4.0457499971193	3.38866140235782	2.31568081141025	4.19421970304276	2.59310942848922	3.29434550894354	3.14834139002034	3.32533348911256	2.33778915281444	2.26147315028859	3.6696430699975	2.27776435297256	5.40899865062292	2.35883008369507	3.07932897752001	1.88662029956883	3.08824471944409	2.90621294507521	3.53179105617644	3.25177196583424	2.51010035976986	5.42135191167806	2.4896788535325	4.3777394248962	4.37857630656773	2.44287168704752	4.78766318679472	3.13528416260668	2.25857626323837
PDCD1LG2	2.33684306896981	2.45882920190467	1.52111258014993	1.73527264325336	1.76211793728194	1.52894014510298	1.61378196766028	1.89396727826869	3.29983011432389	2.76638583054857	2.70405417322968	3.24236097964783	1.85352365665558	2.20930011193748	1.42433683576296	1.52803946862589	3.02455328127946	2.64462128226745	1.26766071795115	1.37428417865889	1.31973968585711	1.83965065072396	1.68490208246851	1.55901138993245	2.38581671924082	1.26897938283556	1.61452931095269	1.47075875854726	1.98690950435986	4.79705017794753	2.23875843068512	1.37497368961136	2.0745827968804	2.0252392152051	2.16465070383745	1.27938104001613	1.17317683138305	1.08312792153312	1.72410756014876	1.51101823554	4.81005544795143	1.52610967483819	1.41222679236168	2.1055533740788	1.17020866743616	1.07312265740728	2.29416776674114	1.83154538853819	2.02727458282445	1.73807082299764	0.855159203595451	3.34400322246779	1.73530011752094	1.45276553393284	2.35791559350722	1.74918395501136	1.65715028078736	1.52715385414862	1.28020740142066	4.05083232285725	1.60606877756578	2.7842928486889	1.78016122958531	2.22404088428908	2.77968059683653	2.90486475421382	2.77423581619497	0.758281132748679	1.42016081622276	2.76851056528031	1.70082653798067	2.51821660828622	1.99760128926319	2.39007675078832	1.97374403222423	2.88171373662474	2.04205945797577	1.24240586134114	2.2234976572685	2.22004451724724	1.37433965893272	2.96589253670968	2.75394532663612	2.28198701361281	1.81948487183418	1.96314116253488	1.76592590035891	1.7485579905977	2.06535452875883	1.99257765265834	1.76414573575183	1.18091562152328	2.62538122758763	1.41897767979468	1.87329190480576	2.20982424922451	1.27095235579707	1.01135701807664	1.59410012996618	1.72037296325773	2.59264737505845	2.60243134305222	1.68541282567191	2.98650062874609	1.71335840246052	2.35801293383623	2.7068032451712	2.04528239400291	3.83161598342262	1.31034514147926	1.16289479251251
CCDC88A	3.31910207899114	3.36494661762828	2.69023055152111	3.90564776326482	2.02939353141221	2.52258919677456	2.71768241719594	2.20835061075595	4.1308885296454	4.3240406159835	2.90530529027664	4.01222253282218	2.77197685566421	3.37508819904466	3.26238760116385	2.28319827573455	3.70024266387398	3.22565876897075	3.31827453957479	2.22035268333113	2.31064754290038	3.24517716864668	3.19722924231037	3.54162406000827	3.51962243831226	3.91719503464636	1.8180117057617	3.2093863671576	2.83617557400223	2.78471995023916	3.55251018266347	2.56011073839765	3.18058755396303	2.86516946095643	3.52145727205086	3.28851173309679	2.79167071391806	2.74788369779325	2.52065252583627	3.13796431519653	3.28864747401593	2.3883144872834	2.68804004689175	2.56975972085878	2.35367359445405	2.56362828222153	3.45926959295619	3.48639914695781	4.1313111158665	2.95414647403447	2.33598595862884	3.16647477051119	3.65661665947792	2.8055440475741	3.51835629630963	3.13223870174137	2.53058095894706	2.57761899381765	2.70379761711691	2.50994675883949	3.21742324158884	3.62599686232685	3.22621111720068	2.99191141126961	3.78735652016819	3.77059634912401	2.95155561272062	1.76949749121385	3.75511811207447	2.65823413031926	2.98269155859044	3.25258135341075	3.03565779628822	4.20792886489851	3.25655170288965	2.77269789587739	3.14171721629684	2.1430987781198	3.47685211454046	2.63706029659538	3.04521731090782	3.47635096990266	3.12613971749227	2.72666705163587	2.17722916938262	2.62191638395941	2.86932494930473	3.46416767775202	3.23491963401974	3.49592858168755	3.23359247906483	3.17494578324637	3.64454403498858	3.24765129122381	3.53549279803698	3.84201380645218	2.83168694528656	2.95556067545021	2.80458198618866	3.67392290413357	3.40065827664251	3.40561012577946	2.244411746793	3.12362841065068	1.84299742662784	2.80006727473006	3.78795897910002	4.09504548920313	3.31153915856903	2.71529865741301	2.0183006350133
ITGA3	7.31017151589834	5.88071631745607	3.28855207347679	4.74370909934026	6.76512599697312	6.86628339040917	4.69713765614844	5.97910479659632	4.36180266046561	7.5424816098538	5.83353259322627	5.15597380596023	6.05613878359908	8.14431462002525	6.6201818229551	5.40058646636708	5.71827729561525	7.21222593670842	6.68962393297634	5.69528339210038	3.51889175788031	5.27469698673838	7.18708794640851	6.83155951328668	5.26286025543604	6.14412573524042	5.68031935111271	5.44770371103719	5.58472074149722	7.47954845972105	6.35225424068433	6.88089939804455	5.90169480102026	4.59144556039591	5.18087379612893	6.65201313887031	6.03761749856845	5.53523726507743	7.42734265048414	6.6427546140584	8.78659076607032	5.50915482186171	7.90820631059931	6.48819950489949	5.64212262631745	4.62297906187528	6.36193651679226	6.36229924253685	5.63219364989944	6.40446892058808	5.62412406923329	5.685885533338	7.73185929551401	5.08519296048086	8.09356925470058	6.29246226335544	6.45038989427377	4.27125854357721	4.80341698036459	7.32307926153579	5.66783491545292	5.59969037099833	5.41482577624466	5.64727519433636	4.78397387360485	5.15210628505631	6.01585970921283	5.43414323934883	6.87727963126822	5.63222052159348	4.71477606184597	7.66050766173055	4.79989632649846	6.18317326199302	7.25444603202404	6.73959360997407	5.53056899003822	4.56257229437177	5.52681367224713	7.65269827111219	5.41603169580408	7.24742260261351	6.65286720211478	7.44186198028353	4.71533788220811	7.32693458587026	5.34264998492319	6.92455782096387	6.70578575400325	4.93251638565824	5.98179879168548	6.50486467540462	6.16142742934777	7.58089121185817	4.48911036227	5.48130996808409	6.10256946949113	7.6805358259311	6.81715767636197	8.00499634502403	7.700275821668	7.28161724355523	7.22648474634068	3.89679882663261	7.12040074483392	6.65588868694887	7.8841197532235	6.07187663794559	7.967364668501	5.68251249884518	5.33554636124133
RANBP9	4.77120151539516	5.4678621073222	5.78337952114207	5.92395807588331	4.63217084748753	5.15231592277094	6.47812000630488	5.65696694802081	6.01250964648068	5.14446709047577	5.43019020871506	5.19347746893919	5.08930346628859	5.13331672745918	5.44710022501303	5.846290352552	6.11494057443263	5.22540473679705	5.79158000801102	5.76668570793998	5.82818334738338	5.78326003215961	5.77034493070364	4.43570246907908	5.17395491409867	5.04496388499867	4.8485473468995	6.08628183615418	5.64151526298361	5.64009014085838	5.64101508826913	5.9894823575452	5.49254866169115	5.55328151592657	5.68101511480094	4.78423236988604	6.40901716637469	6.01922035709062	5.56456025319056	6.35189489067199	5.11128346866515	5.72939534947605	5.4491244780282	4.53506720686558	6.30004568575157	6.49518414149882	5.41119181981061	5.84703263381143	5.47082773337266	5.79545744163448	5.34849439855443	5.97638461686793	6.13719008610137	6.01910072355185	5.32668571815537	5.66996801335849	5.34196375972647	5.88460985138721	5.52296262043259	6.30134073560141	6.21655582062156	5.45076378656379	6.12055230805877	5.96980944785561	5.78063776386625	6.00724061222518	5.25814890786257	3.52323887836218	4.93359974734663	5.70470153503248	5.38388880020261	5.21747800466278	5.82190010440449	5.27775605855128	5.72025983695081	5.27398882229115	5.97611836659571	5.38440620547124	6.44252089462997	5.71637837016605	6.36208211587743	5.74623347662914	5.53410441642712	5.14015293007932	4.93753392957829	5.49603130108444	5.56267262804656	6.08125851408905	5.31874211224502	6.0514628439994	6.09159632072094	5.69200388263787	6.58247099628142	5.12045720447591	6.27087430361894	6.17409531705776	5.90410742084108	5.11561029023121	5.61264259748952	5.53318639604762	5.16641252914378	5.46253734445392	3.91792672286205	5.63577252690523	4.53427447973248	5.3310924579531	5.257110081414	6.45570886752386	5.73437754832241	4.94194858437684	6.05446666241609
CYTIP	4.00376349815264	5.71502725537972	3.73246355640505	4.0448347736199	5.34171065367736	5.80121554338013	5.77327847382228	4.9278256475926	5.63811478677476	5.96861005949283	7.12579337177295	6.79402638086411	5.2714340174892	4.69827114691628	3.72292414556096	4.28474713765216	4.61419156716913	5.2166749726859	4.04021149933498	3.42737723395174	4.55193120853102	6.62431259084656	5.49234868041538	3.38434837953665	4.50788673724262	4.18462055192361	5.09004373187061	5.53722979683109	4.15927355645816	4.89928391130792	6.7141320815699	4.27033445209187	5.53278594792448	5.18455270273379	5.10477541766165	4.08144941281387	4.87142689208379	4.396742064258	3.67777186789876	6.08528071416505	5.07465020543031	4.28792312453747	3.03886332383882	3.26404183723813	3.81925838789327	4.28139932835581	4.70424637814077	4.02461935247679	5.17569957818344	5.68596416697696	3.35478652033118	6.3578851274792	4.71363324948803	5.07035077399033	5.40825056105163	4.10960768515783	3.865491931989	5.62799519328551	4.78566297848562	4.08225028635205	5.25270294734504	6.9197724856696	5.64498814047	5.0408112391162	5.62450230039254	5.94517953938645	6.37817382971409	4.56573903823066	3.80197304451202	5.9063613164563	4.78650771886431	4.95691948067529	5.61863295474595	6.15521197913217	7.55146360005422	5.71099321736921	6.08617651881013	5.01804885922701	6.01686904674428	4.00936365975269	3.76381526919566	5.65521407707577	6.9960274275153	5.25830514436615	4.0707908172852	6.03872230192452	4.82347103075359	5.11219829566355	4.6439571267317	5.00408944439366	4.11109359593242	3.7812589758035	5.71741199235853	3.17771909390697	4.88559740642196	4.89850219395077	4.0466394584904	3.50655669195679	4.91334350046816	5.0340458080132	5.49402738798721	5.30856866323218	4.46315133282989	7.2717882666005	4.09733667259525	4.83286788405962	4.54880189939634	5.58067975008777	5.19527049523541	3.70973495391769	3.15550565594633
STAT4	3.08468175981872	3.03839468005641	1.53982653054603	2.08602573664195	2.6634828755172	2.53901063431158	3.06883209136453	2.33237403989566	2.61824230451023	3.70964516805569	4.76834090711001	4.06341438817795	3.4831905215413	2.42788700306795	1.86501645679794	1.82356165861101	4.21037647920765	3.55134939060205	1.80534332102968	1.72088708296805	2.02644579109905	3.29995328863643	2.61565852012711	1.65787725202082	3.21784599837702	2.38555794125301	2.56226981251251	3.69116273415446	2.37985773311858	2.79588154174021	3.72784286559358	2.39711581644069	2.47343579361596	2.74170735077882	4.2597792720646	2.27884429514563	2.17868379433619	2.51788364430378	1.88367447797428	3.33456299690222	2.78497969130187	2.02175296336331	1.79675106789511	2.48479425965009	1.90116167492015	2.13067524851921	3.13710944224942	4.50259657825785	2.25059021350165	2.55508057206059	1.80780198721533	4.1193259691075	2.14095336354695	2.07524237210792	3.7652722456755	2.09359493223357	1.72836061441747	3.03578766106082	2.54153761499152	2.2405265006985	2.43794058374311	3.99647986490272	3.27159683555066	2.58464160214394	2.77167173620537	2.96205405349879	5.73857880816842	1.60690472849659	1.77299586811448	3.99953674063183	4.51513466622406	2.41402061739225	2.67656422904242	3.46144399767298	4.75057665505051	3.15270380224183	3.83457130635919	2.10850160788595	3.16860487234291	2.39818731867544	2.16320775794944	3.32097937136207	4.60603897642699	2.62811015387686	1.74259711959945	3.81078243901989	2.38933975500239	3.80453679304219	2.68948123272172	2.44185276526356	2.37888967145838	2.34376910532364	3.22342694902393	2.73669466692058	2.42705066976587	3.04602205262431	2.33511956698408	3.09268784424146	3.08052761110672	2.84752070521346	3.20982862166875	2.31638502712197	2.99081715166724	3.40515324446063	2.94374436240839	2.85777876864391	2.74658226251105	2.62808433289107	3.52116811805129	2.01695907671397	2.26067476948174
CTNNAL1	4.20856352339082	6.31561818878944	5.54508642827605	6.38601064355148	6.5307745050107	5.88716476439412	3.71789942662326	6.42901441869078	6.27869726702079	7.30305280379059	5.68284706315542	5.8528813115017	6.51038144455257	7.07932035318818	5.92942918649873	4.53496135574446	6.26623946425774	6.91327427151369	7.60182598435349	5.48566892437861	6.3563970233302	5.79700102789328	5.77571834412066	6.17827584774786	7.04064448624516	6.78804914805787	5.05723101620602	4.8459543349394	4.23247264311309	6.15136125922335	5.98547066563733	5.60920885197375	6.31819107084858	4.98648857002263	7.35163253177011	6.47540786200461	5.27641514048353	7.30550304601658	5.93133381979922	5.33466974255892	7.68974793136308	4.71552374067937	6.10251309174214	4.84518517699662	5.12779393759002	4.45488864885782	7.32996913373214	5.87966927454103	7.01802492868951	5.83941000068078	4.073860329657	6.54558892569726	5.36740052991986	6.04125354967733	6.81667339254531	6.15084826486162	5.71078193985844	4.86556881012072	3.06485874383226	7.87669966348095	4.8042729953588	5.62070987564707	5.79892455202464	5.53474220791303	6.54554889451347	5.69739457158993	4.92361042542862	3.5341005636166	4.4013447689559	6.64026999048708	7.10378880701937	7.59674721794089	6.26292812709792	5.98506026498211	6.34669259104531	5.36826166728728	5.4307963181118	4.97164619389232	5.9837902306661	6.58750799045198	4.32009040511106	6.53044121662373	5.69629078731902	5.33328253215917	5.4610953319998	6.22835364991218	4.85110535827912	5.4643910630173	5.327834941242	7.13846787663719	5.92986571982718	7.2852791862061	6.26001686222458	7.10552231446601	6.26369281109269	6.408361860795	4.58166256963673	7.26834250466968	5.81487314218914	6.9264939061809	5.7449612438516	6.14795346222693	6.04409290677108	5.81964439285162	5.70849239408935	5.13403529231457	5.66995462445823	9.01830299643365	7.70326787209579	4.89706505556642	5.07703781063742
NFKB2	4.34033897331654	4.4483514105161	2.65487217732338	3.93071174250946	5.16756573895196	4.52827260011864	4.33558477818244	4.53163548853537	4.051934298786	4.76730403409602	4.18850623904371	5.18326147598661	4.46599266587304	4.11925226244463	4.03859461620377	3.81846058112502	3.72922537097201	4.15855639527967	4.61075261582163	4.32281078246827	3.99162223030698	4.37134642595091	4.14458141179304	3.98355120694455	4.0490985571419	4.25050737739853	4.07269501096086	3.58881482322488	3.68214703831758	4.60165855616645	6.03089746603465	3.81970614640832	3.8786066520268	3.85627477964817	3.78111358037672	3.36203475293243	4.67523905550609	4.47685272517647	4.15112839777221	4.64675885035583	4.03164219590743	2.85576109728301	3.53014348222546	4.65206035182231	3.78742202504221	4.78015127951046	4.04313926191088	3.93814799841196	3.53291719523241	3.95448282035723	4.48981927725837	4.22457459310915	3.92784400676734	2.95679226473466	4.38622925845893	4.66553354599494	4.10502955196722	4.64534038820301	3.96602908101109	4.07198689255364	3.99992985480434	5.40287940676214	4.46268128478078	3.36140597547857	4.1462388118935	4.54105814549546	4.58589088736514	3.26955032721811	3.82155112798952	4.7232292327915	4.11786328838908	4.59553189728699	4.10038351897751	5.77101666904699	4.73107797892508	4.60716745908929	5.89425546749805	4.28203658594214	4.6988296446388	3.46458610572246	4.06374573713825	4.21193586600079	4.31651381738394	4.39628261426372	4.41352376072381	4.43717982701452	3.96751938302283	4.79630470801444	4.96221227412983	3.19487006757301	3.48622029126503	4.36263919597749	4.53660462726361	4.18121661098386	4.28060025285375	3.66363398336308	4.45827955537438	5.18863201667154	3.49332157885612	5.03580696587038	4.25108541289044	4.82189138118106	4.10346896522149	4.15863161752886	5.24267643542967	4.21231824272645	4.88146307016438	4.33248726096541	3.99197615651621	3.83962953792119	4.38077382172863
GPSM1	3.16826953796064	3.0256797820801	2.98821059596061	3.24306277755426	3.02792363826793	3.55746915504705	3.63928200634536	2.98185871318195	3.03561524339873	3.05570863953226	3.1205694358901	2.2503405384842	4.24196163243624	3.47371045266723	2.61286297514602	3.54163297507495	3.72268394804154	3.7774505776289	2.67749601074029	2.5563605121349	3.29222364356587	2.86973075824645	2.90466298199125	3.0534361635054	3.87207361195849	3.62556206264484	3.8762892704581	3.2336454880793	3.7202175769292	3.62120899050351	2.14896258930283	1.92797627434076	2.65489597336751	2.83595697064674	3.99016264316691	2.15355256102217	3.27948184784818	1.83470272809401	3.55469509280556	3.01964268744239	3.80709252420813	3.44041731135062	2.60649137105401	2.5136358411652	3.13548676432438	2.42965471183787	3.40420251320539	2.56688622632948	3.13892892695278	3.75101170764107	3.925175515795	2.73641119119418	2.65890741327775	2.44430724944139	3.5349142276158	2.51860663299873	3.05004705915263	2.23025976922356	3.02950246451958	3.57621594924278	2.00203123538251	3.15608024932157	2.20348123990807	2.49780551415243	3.62047909997924	3.70207598789593	3.53891714100593	2.87636095334578	2.9276960420457	3.35911519509231	2.88304702015497	3.00223877353935	3.91294323734728	2.94049742673049	2.51720959039971	3.21186147328055	2.86897314907037	3.24994588680882	3.59321670489497	2.21911572221125	2.1474492453589	3.07932368439284	2.43178285707985	2.86456934274657	3.44158948361777	2.6060070120733	3.21957723916805	3.72435369110782	2.25171062584786	3.3016027111327	2.64488421382026	3.75201438143326	3.54983993343271	2.48909151451002	2.60838597580788	3.4605957420815	3.04450757519514	4.03167291705589	3.05407010756699	3.86469004462546	2.92920965498645	2.64809583431854	3.46128183641198	2.63899358469244	3.43026324623691	2.69487870584025	3.43321025933147	2.72467675941469	2.54177721493485	2.22808329518613	2.20898787481752
RUNX3	4.69278307692221	4.76695182987546	4.22182112564809	4.38510665375491	3.84742796359637	4.33151281074394	5.41035789996794	5.3069239035859	4.4384309682984	3.91814289393336	4.35194237511067	6.3183091527465	3.81563799481019	4.61854113078822	2.30448034354464	4.2345414650599	4.32411087656654	4.06366931619367	4.06582402058035	4.93130440524219	3.84828992319723	4.61344047279122	4.81465719520612	4.23612198872132	3.99915137245364	4.37772336916034	3.47881110136259	5.01476629942271	4.16748525248572	4.71608755541087	5.47095063090575	3.26420474824181	4.34871063511418	4.90681144289935	3.62695459100455	3.78372997410291	3.98928438076255	4.90655170825608	4.26223279939865	4.07309055696777	3.85949480352723	2.82388596228919	4.25430259097953	3.15860311256928	3.07026540510133	2.71330479288924	4.21450781888664	4.67259467330464	5.39001896478654	4.72704153711485	3.20512891924621	4.76781965423491	3.05119642400449	3.73814425221595	5.1012198629457	2.87985442500453	2.96133012156511	4.5744107351259	4.11548119685505	3.05118610270524	3.65489665159679	6.43694715166833	3.96186401078885	5.20019835110769	4.43475015089316	4.99545821493767	4.8677225292366	2.23427739278039	4.14590584823525	4.33779495619375	4.62753303885843	3.26281360527111	4.2038370639317	5.87110739781503	5.20080221230353	4.57243238436471	5.44458374763567	3.62944183813652	4.82551726219631	2.89325995976774	4.0898287918683	4.63158153946522	5.18933171434524	3.87344216259655	3.05275365195105	4.11516254595483	3.88841997130642	4.66713929786466	3.75469815790443	3.93769230897866	3.24720656674257	4.558095202625	4.65258082618177	4.19188400724848	3.99579820444711	4.11634836363118	2.6382625946624	4.27480927432993	4.1669140885016	4.61273411099167	5.04744729148349	4.30124025530903	4.53311995063376	4.28592127795343	3.98415672013717	4.83259070503053	5.34981100313882	5.43120903316457	4.02603367305507	4.83090199056781	2.64254227703931
GJA1	11.2948976964592	9.81176378091897	9.89035622001084	9.25137748415652	9.8857774347362	11.246302642266	9.07629967337027	10.0153354309857	10.9824470990514	10.0283143475583	11.3422360075209	8.41585896568863	9.07100099042317	10.9870284369704	10.2853781584688	11.2529748252984	10.1435737302639	10.8803047940201	10.2380140418038	9.89382761250082	9.2810927442952	10.0341533185864	10.2950823866281	10.9087856494288	10.8119770901814	9.50245276138619	10.4754022536968	9.95546974784042	10.9756076597813	11.2538044713422	9.36902725592345	10.2325870314092	9.84662232095399	8.84718784618698	10.5999742407839	10.6381735506886	8.95380611598394	8.09689591221292	10.6016747097656	11.8168535127689	10.9534347940685	11.4968249665259	11.6880945641458	11.5005304942886	9.28056972320559	8.03795728841857	9.12385490637437	11.0371136339886	9.15844522671599	9.4793831929661	10.2111853401923	9.58236709002766	9.78843798303348	10.5728714957537	11.1700321721181	12.8838841797528	11.3192882397946	7.49884892151976	10.5418319236767	9.1988615650554	10.2136497734307	9.88550282577919	10.2891500238647	11.3799936017478	10.446825610061	9.77959461221865	11.3151343689556	10.8479826462565	11.0259213424257	10.6485403315025	8.1602393241843	10.5624762478417	10.4419699501293	10.8421931740218	9.76808720139404	11.0184964915616	9.76929850552736	9.00795904909696	11.017303357491	11.4382281146416	10.2678323827506	9.22355858899766	11.4783467622699	10.2115501798506	10.6810967101282	9.4490265877981	10.4474773268386	11.094543170774	9.97549530866898	10.7550061118115	10.0159015228079	10.6739331794279	10.4686663114005	10.2546575894283	10.2161409112644	10.0362906133283	9.40720005210594	10.5393881233294	12.1157797849239	10.2780448976496	10.5959548839225	10.5323419111761	11.7611716662915	8.72408623482965	8.38328071456558	10.6293507274021	10.2299630257274	9.81651277605273	9.92441260366488	10.6965497147639	6.30835103137465
CD53	4.52685930727239	5.46057804442303	3.39194008491219	4.49868895288448	4.25533949096579	4.94456920860667	5.34474131352056	4.47567788958668	6.57840447521733	6.02403884321581	5.98854659145807	6.15052107708877	5.21990571731214	4.61352804304749	3.60944019620205	3.83134217832915	4.57869064190187	5.74069287940148	3.28541576983035	2.94162972305592	4.1288129603631	5.30480317412352	4.7684282788118	3.38274481131466	5.00957984622115	4.22389673645008	4.34167094445778	4.88767132448164	4.22207015459241	4.82012130814563	6.23046446560424	3.82521373585799	5.26213156363983	5.34161102718923	4.73373152002032	3.85643887977127	3.80617040488179	3.97440913446032	3.31130885744685	4.55987600521138	4.29335473489685	4.12944912081794	2.23070128657587	3.02333695793358	3.74470410473759	3.96345544134287	5.17120408328219	4.08148086085052	4.70078042805564	5.44252046694261	2.9249046513416	5.95965667803075	4.6506011355709	4.30131745521257	4.9818689042754	3.63226089280994	3.32769403208761	5.37900020608043	4.31826458093389	3.99381490186295	4.62726785060281	5.8052990046314	5.40537603354962	4.69193056262049	5.720220503746	6.0107739895455	5.77835809270818	3.0939539374629	3.70466406146044	5.74380069706048	4.67738222504921	4.4324544785927	4.95124017891773	5.4677822146298	6.75352343796527	6.06602077119452	5.72461801787322	4.4105305256272	5.59849447253709	3.37253827077878	3.42568436246911	5.7399969770693	7.10473704175539	5.18619931287956	3.44892457284113	5.61947633602974	4.89205473010577	5.36031528017111	3.96802603235986	4.70833275654631	4.46785125231489	3.49481517365831	6.14067738807488	3.16246384046973	5.00303398340928	4.8758414089237	4.38171488034729	2.972751974318	4.5562571365936	5.57535145110552	4.95636527594782	4.65610952507242	4.15805523560111	6.23959012677752	3.294776221247	4.1232010574405	4.35885899768281	4.70786941113501	5.19048534877739	3.26490025888378	2.81732428999048
FCGR2A	4.10996578353493	4.67597425063296	3.08879641280982	3.87684179467604	3.32399821477811	3.13750326222183	3.19034304996041	3.62363417891461	4.66311767284205	6.28116702749529	4.99090091720467	5.02877118758198	4.59054582832061	4.31153899280538	3.66784791829914	3.80405083956035	4.31152890173869	4.79332601072257	2.9366986978524	2.45125276484034	3.68792976948214	3.453922099063	4.00382388699753	3.18175524368661	4.10653844482244	3.31017359919276	3.37040786657474	3.38072667209854	3.54606710896728	3.91739086728366	4.86323201610117	2.98445153168034	4.08350047117787	4.07318149681456	4.33117235228883	3.73545977420904	2.93313959281477	3.12567008143853	3.22198500978896	3.6186249542681	4.25398645627858	3.08558894834047	2.44351745407765	3.1803414555942	3.20713828284548	3.06977959386887	3.77301431441958	3.67720989202838	3.32273931909639	3.88927063694735	2.75415750727132	5.02977824206872	3.74674757266525	3.67850477290901	4.59685989479178	3.01963311184356	3.12216291282106	3.8755361141923	3.15037893478613	3.56724191965493	3.69831134533391	4.00017859265089	4.00838723431015	4.2824145075595	4.42097598247655	4.12480289803591	4.29343154125677	2.74880691059226	3.44404107756101	4.5987375692209	3.93701785662688	4.12208851240461	3.94726136239608	4.41199123038456	2.90607096084889	5.23217756063148	4.14040914750781	3.45858194282915	4.75409396326935	3.12333390929265	2.66016647815902	5.24364377152148	3.99848724488427	4.23183627927961	2.98417896246402	4.97294714555102	4.08726336169572	4.27291430477392	3.94839642192225	4.24893188046806	3.81527930853566	3.67828431647141	5.04145032153867	2.6208811305926	3.46080279883509	4.45053084782925	3.62320208232642	3.03583281918354	3.56912685452322	4.97292065076835	5.35535393351571	4.47893115634366	3.76395797624526	4.14922511354544	3.79607623184215	3.44653180497711	4.51853981786772	3.4064708385446	4.8696854368593	3.03381499463064	2.54146444788853
TRAF5	2.26315456675729	2.80583205635401	2.78774135316356	2.6008391208539	2.70162154032421	2.04165839615666	3.07373551827371	3.52403438820808	2.79768453072209	2.75584895408946	2.95375183603309	2.75336006691734	2.19783732874081	2.27852779572126	1.81632168098497	2.38921124089696	2.98358604928605	2.43261605282415	2.14715589630351	3.70956039494576	2.94617490086293	2.48913737451407	2.7104405455722	2.76973265047979	3.25733757978448	3.57823030761138	1.93771515838001	3.1830877007109	2.27984665202443	2.0722173647242	2.25982106859153	2.22671537316835	2.16795019077121	2.56833826596107	3.04019955110598	2.27291261286646	2.0380459359839	3.14544034858217	1.93873057931767	2.59762493804749	2.21466081866107	2.10143828142045	2.41615042665163	2.37197977953439	1.76322161727633	1.92373998226668	2.59139582940493	2.63711634688964	2.75609869851794	2.70439256305935	2.21261796732619	2.67788915057583	2.73589192723911	2.22146333699412	2.43701632589704	1.88349041426359	1.8200043589702	2.49360718006362	2.21026802501115	2.09567393537083	2.23538124889239	2.70539792321275	2.73584705724921	2.58522368842891	2.84443919092101	3.5070423286535	3.1276957977291	1.7161735589911	2.37476364864159	2.53445345234775	2.75604899553853	2.11673712960265	2.92261110100029	3.7531340557226	3.50368817230362	2.52351571001412	2.70496785774236	2.37732901014145	2.87700544256833	2.31791150602474	2.85448577486308	2.60941980325246	3.37950229682554	2.61815660647236	1.77761834448891	2.66290798357008	2.35939115750553	3.14465328869156	2.18263883857387	2.21257331443783	2.47227340144706	2.5507624626792	2.84914556273549	1.91610317669048	2.29144615110247	2.84159611811602	2.58074830693285	2.54790188609648	2.3847389205246	2.41169144349306	2.28615820053863	2.34152925198319	2.44440518959177	2.6852083422651	1.95979990605054	2.6941459960919	3.03651516534577	1.97307858786856	2.25795555745879	2.25478884899287	1.68724468008724
RFTN1	4.25409626209966	4.04995471789015	3.1498529502627	3.53177555989611	4.26431601019861	4.68566176272012	4.40370812122987	3.80751798305911	4.42893917082146	4.48438081859686	5.09235453625541	5.63269499589527	3.7909414213871	4.76661928165221	3.02073130308634	3.71965194648501	3.63779090976772	4.63147888518547	3.32261592311474	2.4862264281886	3.82290151084576	3.76792162189562	4.54090258942342	3.49100943256868	3.78956053854741	3.84134371348978	3.61606847992353	4.07171145557216	4.34086418475936	4.75518875557545	4.36746360865129	3.60401270981809	3.62357747186087	3.85775986338626	4.42557364401385	3.00582844052649	3.32567607686125	3.27696530078701	3.43696276958435	4.12635323194897	3.59143862691465	5.0766032404247	4.33450711977364	4.29480793974858	4.07539612678229	3.24765077535764	3.49451151288276	4.61342554628861	3.67050751264466	4.21957018492246	3.22294648258431	4.60761255298409	4.42479394596276	3.54466110865461	4.42084346339549	4.53630812564735	4.29460176603687	3.83060940036966	4.03721393583843	3.72992663407067	3.77443508016812	5.18767737178177	3.9159183769124	4.48154931460468	4.61091562824266	3.99601118454918	5.03002978516338	3.04070995204772	3.90470702419583	4.160626666613	3.47774825608047	4.9390129583855	4.33606258263175	4.9849771204491	5.43210429331782	5.24298931906462	4.91368514703011	2.8789968091964	4.56108867941704	3.96203041833881	2.86817154475723	4.58859876452861	5.51665996340134	4.44045882776638	3.69397236799067	3.7809766505116	4.29201090992835	4.66078676209966	3.7534154255766	4.05434966862003	3.57164493401252	3.48983938418543	5.01554147308941	4.03829994577333	3.91796372102596	3.81491945386283	3.12550288090278	4.19743800256639	4.65942172209728	4.8645983821607	4.98721075429725	4.68217928486849	4.40392955318491	4.32964517092289	3.97203978267175	4.4921257134105	5.21323765246741	3.87045122576608	3.75672281046174	3.19295626982274	2.85321157011147
ORAI1	4.10776355361443	4.57530328221316	4.60452365084264	4.63606954687251	5.29839533861947	3.56861647637435	4.01508597268643	4.95705466466344	4.06079340528585	3.7747854963609	4.00206830528337	5.89066078961314	4.64913369311583	3.9215014583004	4.49649217254304	2.74682921891573	3.98992870289715	4.4214601602774	4.25739991004977	4.27391782920157	3.86568520844332	4.30228821487993	4.02277831114178	4.11284651172053	4.27639484979919	4.49182021871155	4.62079851044337	4.63276171406882	3.94273652204856	4.39345484672788	5.08528465638847	3.81124194794374	4.17031622940528	4.69964838229848	4.58576251310931	4.64998170687547	4.37182076315809	3.82331893781752	3.62589606481653	4.09418587744808	4.11268233957631	3.58367686052633	3.83945252164997	4.08453711253434	4.59385506863575	4.64990661339446	4.90828218740374	4.62136269957411	4.44666996584037	4.09092918060888	3.713744759748	4.70613698696809	4.1258686324239	4.78308733446911	4.02672439668042	5.87302569713842	4.46750263574884	4.89510085975978	4.54648771640322	3.74737669037453	4.30063167727139	4.54544586157635	4.96341841162063	3.98165676314357	4.53506309334737	4.42692132044824	4.37293975466518	3.91874977051666	4.12427740112948	5.64107001756613	4.33218862155135	4.3353564247918	3.87254196369681	4.63430302234537	4.74275551000935	4.21362198719397	5.15668400115955	4.15045620196959	3.76913732411257	3.45703538421065	4.40001351132737	4.28133936184403	4.26870198239744	3.60697330930744	3.79510016045651	4.36981444726267	4.48979259831147	3.87838122095032	4.2156318123038	4.80993394127387	4.96314869047942	4.35833487792532	4.14891259727688	4.1314619097694	4.55017108770456	4.67223639861326	4.13090403609066	4.0646329100089	4.47949068023661	4.05432902937361	4.29735536608775	4.70480490714718	4.01303349847815	4.69972260562236	4.47187910531047	4.03712443397411	4.2264396351932	5.18834429338976	3.92765226694936	4.08640592203366	4.35801042031675
TRIB3	2.9132252907046	3.57595814270083	6.74996942115564	3.3205370344939	2.70119472464348	2.45835752165354	3.1250767544566	4.45555201177292	3.47917825299852	4.29111507228995	3.50419713226972	4.4395673756599	3.56560807781569	3.12658268256484	5.19583864524742	4.64695146411692	5.54777358857308	2.79002647366024	3.24522835950414	3.60662593091822	3.27015310309023	3.02307004251052	3.28185648803019	4.26732326929541	3.3491043357635	3.65114278772981	2.22572400621922	5.23616257799292	4.92557111953718	3.27640165732847	3.17696956043026	3.0734384782123	3.00431262397685	4.19366889899212	3.1141633376589	3.59055354068348	4.41142150350336	1.92848862939078	4.36547996242887	3.36602268393164	3.17337512848026	3.12134735486429	3.63090623166742	2.92945350847759	4.35659582522035	3.71192045216619	3.80102320539202	4.16001467840721	3.52724676653415	4.25507461719289	4.20840811621723	3.88350279225848	3.84493273039998	3.1802804506605	3.54059483290166	4.17745176978044	3.70484582896126	3.42455288676477	2.72874179852168	3.555389858417	2.90325028573749	2.65648508093707	2.36180620728848	2.86106246639974	4.80701987662496	5.38204043139365	3.30970122829282	6.87386102432399	4.140201249725	3.60151178330758	3.49815935891977	3.82182705228948	4.09441753505902	3.476260067635	4.02862877834783	3.46476150912835	2.43492124413675	3.73622523530098	3.30750509902113	2.73143557292669	4.85884769783217	2.39447372250512	3.18714883564823	2.92030730780021	2.81287774843856	4.6461884279435	3.71928748790384	2.75864323949003	3.5603591319725	3.04948427286405	3.31033870067074	3.99085322132094	3.52162529479342	3.35751601033178	3.04858237232077	2.592487550213	4.00557663504296	3.51619595028873	4.18578885858628	4.88145221655802	3.06977509837436	2.96593550342832	4.53913453314709	4.49545685828466	3.70002621140736	4.7561294957609	3.15798603751981	2.83283849895809	3.04324716701197	2.67000326357887	3.3987943994659
SIGLEC9	1.3656698081834	1.77892906344777	1.05911455636404	1.38420399283069	1.27545515434807	1.13144394631563	1.54651504406224	1.31328269535534	2.59388521390327	2.42969241532992	2.07709091457345	1.88404589426253	1.48898609356939	1.47816305563898	1.10260807066606	1.22212038598223	1.32281441034339	1.84832824540222	0.967564816645487	0.927559281435568	1.1778046455094	1.25562750389959	1.25276412165738	1.17706754577119	1.71601597838434	1.36736023144383	1.16027971472244	1.20013133315828	1.41031502525837	1.55591162986684	1.92184207942808	0.9977737530219	1.64539545069979	1.82551834028994	1.77870847059144	1.30367404266764	1.10528192693836	1.05849668764342	1.07446469606456	1.33494572223476	1.17281973591263	1.04203860435573	0.942123856690282	1.0642542134065	1.49091140030853	0.984586348988561	1.4851901022904	1.40946906547119	1.26717872336198	1.46581661379463	0.975468228982777	2.07543591949394	1.31968903672005	1.4595311021034	1.63591436362158	1.15627997395799	1.18955416485301	1.46692906321522	1.26568613038063	1.13740828055492	1.28143365475835	1.66653988060154	1.4349689876044	1.58062584532961	2.13012054006553	2.05037247285447	1.83761311080055	1.31120595414078	1.17982237495765	1.66597495130756	1.28514654718963	1.28410786788393	1.53869969366816	1.69598988244753	1.42692158470936	1.94102776318539	1.60276566050764	1.30760966201141	1.91410807682679	1.03093492746357	1.21519295657517	2.0482013812422	1.70701379015886	1.75495335056732	1.17557628715983	1.66365006781085	1.4554688439117	1.53649894911419	1.18159353355579	1.36505872769557	1.23211798378698	1.06206646962879	2.536405439825	1.06152355265407	1.49284773448549	1.49589560056337	1.3058274340379	1.03976275120724	1.26661939631233	2.02743733185847	1.68057303166418	1.44449387280004	1.44973162125493	1.99549626018677	1.36788062426597	1.16751398822701	1.56849820247141	1.14261174518892	1.53922599169989	1.19243456084971	1.04586764943375
SIGLEC7	1.93891943201391	2.06813133370899	1.72892942744347	2.06567726331822	1.70247973330464	1.61046346829322	2.2519165366095	1.79070296588994	3.07952799506016	2.78183143255975	2.22034136319383	2.53744604543054	2.12286712242554	1.9634171664383	1.60803673713856	1.88592121357163	1.79031136994301	2.42903097950498	1.59137374208457	1.50141336057431	1.80610452788286	1.87928245240654	1.84515875535339	1.74178423922223	2.03759937846878	1.71650792489765	1.70876885615134	1.7710153901764	1.65113930308483	1.93795167778046	2.58543569784997	1.6031759461948	2.22200813998348	2.27328736631095	2.14783087546394	1.65679107306544	1.61887012393386	1.61520153748686	1.65713231397001	1.78595787770186	1.81272420554909	1.63063231365514	1.48192817573766	1.56783830316861	1.74632539990648	1.65382594169652	1.96452195822744	1.8348771584292	1.88949829944587	1.9039725193239	1.54467906178685	2.51583022938462	1.81141048962973	1.70075017105402	2.35301588241417	1.6736493147647	1.51169149618785	1.91645140604038	1.79380353505568	1.75655360431908	1.71610479743394	2.02257645133175	2.0975709242588	1.87799428104638	2.69816714235333	2.38423026543892	2.15071837264865	1.95602064868373	1.81407178878385	2.25222858280484	1.77515220325708	1.73241202386296	1.89042482685956	2.28311918893151	2.12278724361439	2.51943512218056	2.09480353727369	1.83830337154101	2.11751655237035	1.58473972096233	1.55409847348071	2.53237546252876	2.38931631067978	1.9204016432905	1.54763224451695	2.0500506331627	1.9334334755498	2.22619080763042	1.673821460349	1.93632026363603	1.77857348085687	1.6049199314302	2.54365629805803	1.57484460495718	2.01843029741391	2.13210789744694	1.77724196890123	1.57701527458285	1.71037161338331	2.69968638758559	2.07480923322073	1.89888357739481	1.63431505498702	2.06456224906178	1.70567134185372	1.62610925767935	2.05782833900272	1.69397702995631	2.19813282300886	1.67723631959593	1.50911135825616
OAS2	6.54592879601979	5.8787734378094	3.05331577272011	3.84254753239811	6.70775317367495	4.35490258760218	5.89646511253624	5.07711385390418	6.93908073852335	6.90245656748325	7.40629995784816	4.974597895182	6.23778702553801	5.75823512487382	3.36238720964927	3.16486870127241	4.57561124763773	7.52798700951126	5.31855377778028	5.91727495368024	4.96583390149308	5.93332840998622	7.48809049596892	4.22657370806383	5.27907622617499	4.31746036583162	5.34822536488231	6.37041904109091	4.22688980992628	7.37594637878901	3.81062148954951	5.49332956481078	4.98320897798792	6.13244266241369	4.63368066104807	4.3319024035344	4.77918220764289	5.39186606108422	3.3549183053654	5.41104990799047	7.63486888692441	4.15080564456429	4.75507901643834	6.6422814749439	4.79635157947221	5.55818470722477	6.43219542072553	5.84188158494198	4.25596741944121	5.36443918409912	4.80126805230139	6.27244787219702	5.30202567996451	5.32374711415874	5.65398301692708	5.16177934710222	5.68542723378741	4.70306762585335	6.8510113826919	6.72765012649629	5.29810748973183	4.94842509912575	4.79110251634861	6.34440051810621	6.86327199511502	6.92453305446621	5.29349116166896	2.93639151289997	4.8257088150634	7.74452849941603	6.24080040294002	4.23929075309038	4.61008545261141	5.99507499096353	5.36704669905046	7.22839184313916	5.78290901772607	3.78761537674178	5.08784591074479	5.21217364245955	6.84405289122853	6.5765607471125	6.18065554709335	6.0598224360093	4.13049480665969	7.18947530655846	5.48551176316695	6.28091119070388	6.42132569254744	4.56011022243943	7.12254522004844	6.69605595883278	5.25929117407843	5.28822195367867	8.15272190417524	5.42180524367867	5.29196323387139	5.39330719040743	5.05982665632843	4.22436064878508	5.33064389605186	5.60400749931434	5.12016048581579	4.84940304625092	5.92292049392993	5.20063381634632	5.02336329685675	5.49645547070385	6.97819619118551	4.99610469486418	5.37172308313125
LAIR1	3.45635555982013	3.44842312518302	2.48695768500317	3.34810450789229	2.93260137935817	2.73898678316766	3.75487012374064	2.94673783645438	5.20216707516311	4.47205298046685	4.22810087522643	4.67621344774344	3.7370132060232	3.24000250398933	2.25327497808869	2.85513695537755	3.22845350153753	4.46986611468447	2.30049763526755	2.21186058347477	2.77206158305735	3.16664636721491	2.82782906353968	2.61759054084545	3.56308921764554	3.01515662283847	2.60180222668481	3.00470002953417	3.09716103105769	3.26672075035778	5.02129730258542	2.37445174451831	3.88601348538006	3.9112799073009	3.45907447118255	3.0443869754937	2.37037799304314	2.63191465466065	2.17567912728867	2.76036186397441	2.64375150143422	2.56058845991811	2.02886691889537	2.65020218122353	2.52064969229658	2.40877873640174	3.76783438003917	3.15303533846545	3.09444765058669	3.50914980302336	2.47413241420749	4.20686202776527	2.98645176786652	2.59920309100493	3.72051873756495	2.57560640338814	2.39024404193126	3.43019738432076	2.81867601315481	2.70721898066501	2.47708142812794	4.02327948373189	3.40344585514854	3.2909056829051	4.46506832356965	4.40620554249353	3.94588858102116	2.89919904765554	2.71110989194119	3.87757838911661	3.3466469942045	3.12295127665967	3.51848473094621	3.79021289293229	3.4438393423389	4.65220915343547	3.98819064296158	3.33538459768421	3.7557357055078	2.33183707790846	2.40402156370389	4.42695749389673	4.36646296328122	3.72617385353295	2.45954292215445	4.23001574170362	3.90219059941381	4.00455068738685	2.79791081914495	3.20287758236563	3.30549375933438	2.31174027079195	4.59159414799309	2.40726016011193	3.29538631014303	3.19968239972017	3.21404553818465	2.08445751146515	2.90427617749637	4.47060811702656	3.29832323789323	3.19597391240825	3.12697750844124	4.08765023010657	3.03661255113247	3.01700187328358	2.90239423251339	2.74351677115841	3.64017329765865	2.51884997940956	2.20397464731849
C1S	8.80050201080004	8.29151823491581	5.55817232865538	7.19815035660996	7.76577450831921	8.24072185964029	8.84893732589323	7.33626596389213	8.66011658124252	7.53327063319813	9.47681689069784	9.69588128586234	8.04163707025308	6.74737135152499	6.58503502939653	6.97571707658166	7.93310504469455	9.14964633066559	7.28368242520478	5.82675511009838	6.831320605529	7.70623959594314	8.92030763081735	7.23213475651207	8.2624074134139	8.60024777797823	7.39336950953249	7.42358697628237	8.44053974149484	7.63213554628147	8.01271862699733	6.62891006678804	7.05369301480972	7.49424183534913	8.12945923608426	7.12627195874559	7.88400590143946	7.05432830675331	6.46873939139706	7.98165367882556	9.12884396531234	7.97639964856332	6.93993699412871	7.95656795504811	6.32797161733907	6.56012889424021	8.0698465791955	8.26607906495088	7.61330085115342	7.87992794845014	5.45715509252337	8.61553691978181	7.611685744552	6.36072124323949	8.50141216146242	6.98652380419487	7.63582435498677	7.21487627730563	7.38199192114828	7.30410908844921	7.71662209692896	9.40367483713115	7.90686039920971	8.09415765344587	8.00429918899589	7.9117599675851	8.84188481594705	6.77538456942552	9.69406016521063	7.82935050642303	7.92204672696602	7.92193256811127	8.92031659897107	8.92283431242777	7.58761786491671	9.30581264748282	8.30394641869379	8.49126059531736	8.41930147544671	6.68281124817528	8.33858697793118	8.6746612551701	7.97368168479756	9.02006501202395	6.29639153935449	8.95240643891719	8.1495185692225	8.88801502048514	8.27466208043127	8.08456692054036	8.21370070660883	7.05412750782405	8.43002777244843	7.43512483840811	8.41642537716905	8.0551600561733	6.19369774315884	8.1301969563947	8.24628081723306	8.15570538499075	8.78779830200022	8.26646681039148	7.4586391049829	8.04842908690168	7.01948037662208	8.02500158662102	8.00852505302505	7.29537322635712	10.0144784221126	9.33569408483301	6.27128270196363
EGR1	6.74732850945093	7.19833738611966	8.10087161052647	7.78338941830495	9.14885107398249	8.5704663639865	7.04660262195156	10.0963170921854	6.96459489123751	7.10655669350839	6.85974140403508	6.81136644294612	8.60491432243621	6.55483451964273	8.37826440621708	6.99020689721548	8.78231692794107	8.47388881721769	7.1693781159312	8.43448099909905	7.81313181255341	7.75993539369138	7.36894112743157	7.67703995007112	8.46270635219676	7.43923327597271	5.14383876327523	9.78433576787443	7.76024704612939	8.1935813271918	6.57461548006994	5.13041003459734	8.44019261237214	8.37340459004509	9.30587535831707	6.07378346815545	9.97022635357458	7.44472977010997	9.01543341649086	6.81884501781795	8.05013821094205	8.13481403488958	6.00352669885057	4.67211709089455	7.16377549432965	5.37291733750893	6.33579481022722	7.93392233379604	6.7204203075057	7.76839693235009	9.67748502459689	8.13976702173709	7.79998269839082	7.18220870725261	7.72418225601496	8.70699998252241	9.43883315052141	7.66421717175706	9.56210362203319	7.09083163792887	9.30835042032828	7.86532369463261	8.56970304998165	7.78842289410675	8.25915486821526	6.53718801787194	7.72895920230339	6.64355911270027	7.67186593945815	6.3825909433375	9.61398523813502	7.8927217261504	6.8551732213962	7.42625660121429	8.88557154466311	7.72588831126428	7.69034422462985	9.72815476670279	9.8459172899438	9.76981486992037	7.41435774270635	6.55531165705634	7.10717996307965	9.46549690985324	5.88419859119596	8.89158775205295	9.23761826863846	8.14527407438226	9.03803974822587	9.0960963781385	6.41285731677235	6.76022432792151	8.71170344746556	7.63491252820829	8.95821067815725	6.05898664597571	7.26207755469945	8.7119030467569	8.69089044133056	8.30530370312324	8.50703488463292	9.9253132562998	5.95261398100795	7.74285066142951	6.94418965721851	7.16616513160606	8.77422345304698	7.88363568222828	5.18632185640995	7.97071533731065	8.30405083499622
F2RL2	4.50487839172664	4.95735790681972	3.15503343430484	5.99297501675669	3.99004773031289	3.51172624115823	4.60295480708837	4.01857643564403	4.67847660448656	4.20254309711486	2.55422260608515	4.68011298036813	4.44519216992031	3.59211863952483	3.15838318711701	4.83110996566757	5.75721717407187	4.02056576760216	3.79252271172776	3.36500213379406	4.22790230095952	3.83684567758804	3.10249040144232	5.42652715111081	4.85204929542614	4.00776584729479	2.99653207075167	5.02496958577427	4.95555130531063	2.76044890268978	2.95725257380979	2.38047435715363	3.40238845397744	4.24548663992726	2.66151697863756	3.7953184733936	3.08117692307124	2.57230442605803	3.04613953574171	3.65255505467966	2.51987877551557	4.06726698379442	3.22980523732537	2.45069588556781	2.40334260588781	2.8763815566331	4.37857278807744	4.43521533695464	6.06054022619721	3.76087098262944	2.31885446850442	4.8957910536534	5.42887933411002	3.55558302791555	4.54337377573551	4.27977831911117	3.18293497216599	3.76296455222544	2.80916569118137	2.33558203198427	4.30627386412386	4.84378022390124	4.7577506768847	4.91127890814251	4.21575526175961	6.50160216061451	5.0018784717085	2.20609955652511	4.45908567216099	4.68616016898362	3.20837023240243	4.75560122626838	5.99577876222721	4.47635039753295	2.41588987013973	3.52940796603419	4.23687979797093	3.70010641413468	4.62869422463843	2.63105936667773	2.92750159861529	4.82137198080895	3.06845674846367	3.67223294473713	2.49557683480552	3.77262251646624	3.26322932516682	4.55894541739918	2.60484483435664	3.95817087002208	3.79747564441708	3.27411592244765	4.96065679196864	3.02462415104795	2.26792927978049	3.81154480877098	2.89043159450348	2.09314178539977	3.49925556641183	4.41822830542393	5.60603831157757	3.12029795402831	3.66832737468391	3.52883946577867	2.36987524519634	3.09487863875204	3.11841736188901	3.70752744224113	3.23621952256429	2.51801532339322	3.00566979182085
F2RL3	1.50409668750782	1.45550253361515	2.36093494955128	1.87397752428213	1.53071061630107	2.47438674483085	1.72516974661478	1.80939949119636	1.48291902316313	1.80628664548763	2.90668034349437	1.89689719026676	1.7759258416447	1.67154940962594	2.10334023863815	1.84254337365595	1.58606201925451	1.65907704904871	2.2789020471901	1.76074273501533	1.73663703044066	2.23994745378132	1.62238348034074	1.63723068501321	1.29640255857687	1.78257748890228	1.36298882142869	1.48393059747566	1.61648409503658	1.99004548043597	1.76335061052474	1.89764094683827	1.43192333995219	1.8919646174197	1.60371939957161	1.33531988553148	2.1372037212299	1.59167792600134	1.41259645228167	1.69533282513055	1.82983974916693	1.28799278917567	1.14456410987043	1.29060359862573	1.88225283672055	1.51257023561704	1.36001237490491	1.54588824120236	2.37206578706278	1.92870418316739	1.4187751702054	2.54128555236365	2.1682975752814	1.59971083121175	1.70546838328571	1.62742975650206	1.26989687705729	2.17582457056255	1.48182769336055	1.97472205814664	1.58371498316177	1.54752616053871	1.94725135889773	1.85582979669128	1.6483350481382	2.06288189800451	1.85916683659191	1.75663373705953	1.11299539634865	1.14335438368947	1.52744314525344	2.45904169078031	1.54560795815112	1.39364501501259	1.59045031484848	1.98729133305137	2.11173420554803	1.34791294445765	1.59504896303869	1.60724425949822	1.33877339632963	1.52278468043038	1.63525497277113	1.28619940867836	2.15564782625799	1.71380953628574	1.57186520478889	1.59961041008984	1.96191263855058	2.27823268146847	1.26355387056299	1.21196360886203	2.24323964295162	1.3989865874677	1.56617534168578	1.88206885428013	1.38019821727373	1.32015971404659	1.73372089308124	1.78732264296211	2.6231497690322	1.91903139196037	1.8536132675559	1.89470080234549	1.5868396313933	1.94170174019816	1.44063189148718	1.59246960933253	2.21790199703894	1.14407824103271	1.19371505374565
CD27	2.64969224562096	5.32535960557072	2.22546240188856	3.4663230247412	5.35411801344393	5.2592872455489	5.05845299740621	4.63581165453664	4.05118361491065	3.72663696257528	6.23322545639656	5.66531994636992	4.60045489763209	4.67580732472917	2.1641780922027	3.18254562577177	3.75325679331312	4.5011835009245	3.22361280989809	2.46135927716772	3.31208698526585	6.44970138624444	4.46747997253405	2.40618969323997	3.955192836953	3.00523277591107	5.71046241260023	6.44634346869124	3.20124246230384	3.93190840307088	6.48938649390913	3.66952775386851	6.08838131169723	6.47637186226499	3.115924462798	3.82112815562781	4.40971504217461	4.5543415254323	2.84018360627297	5.27496349858873	3.98098645218127	4.65377468660319	2.33110089445229	2.20190179951199	3.01520461698532	3.75003031810542	4.03554623711147	2.47415504732316	5.30031299391942	5.94351893309923	2.18325879675131	6.03726735751916	4.92311559103534	5.10970047477858	4.25902706468713	3.66089381127604	2.68629987638677	5.90413457471299	3.89720669061454	3.33880230890418	4.35094259738058	6.41549829588389	5.55155192696475	6.01294840916633	4.3259427444379	5.93506468767009	6.32808823607815	3.09964629438575	2.83443114424497	5.59930430252073	3.69627557989091	4.36106228089273	5.0768755963043	4.79031237040829	7.310326727991	6.04570902974559	5.70870844744657	3.3725983128704	6.58175600452453	3.31433514610404	3.25182649748133	4.71479833609605	6.71848768694968	4.58749452392247	3.16193650723288	4.4923073369525	3.71078504677428	4.81100728908963	3.03669868585971	3.97228574242638	3.94691735039195	2.53393714350531	4.33753685540765	2.08090540668066	3.68330678640856	3.81130776322444	3.51487709979288	2.35424242927134	4.37121073695232	3.54892246874378	3.95458854355294	3.71737162099239	4.34160235896011	7.3613683318148	3.473533539017	3.17771716202014	2.87442938352215	6.03348093738562	3.7644555122984	2.49066762793148	2.53462389910213
ACAP1	2.14145544379526	2.77310756764156	2.56881025120569	2.40186915180583	3.13489323478748	2.90991109730714	2.89403482139275	2.76461625871092	2.58231309451287	2.65176557738106	3.39292197401385	2.95272275365348	2.81520843907236	2.47615603793657	1.89568621183186	2.05982643488596	2.52982126566011	2.71541514563938	1.78827023411832	2.38989024449369	2.54410727664197	3.37684119481934	3.27771873648002	2.0273868982731	2.7889993733442	2.45043210243582	3.6056706522127	2.92644207360199	2.16944702498179	2.58631301092624	3.51076893715214	2.17458375761967	2.63316524996971	2.9746973404475	2.69471362815199	2.65942022601685	2.48256578772227	2.45310783408054	2.14067090264985	2.41204451756744	2.41771146262627	2.24303119120057	2.06410090716476	2.31052773201056	2.13783495868739	2.2649607702251	2.87573795635863	2.03680513439087	2.56133483552917	3.19743034030569	1.71039715093008	3.27249521821118	2.40759944433159	2.44392801865318	2.99862903415637	2.44609844281011	2.21792021080486	3.23017666342257	2.32134716060665	2.13719911371211	2.13731598216228	3.29929695119474	3.00033554838455	2.31998779951299	2.88813440552267	3.03126600273012	3.66677228514982	2.74515618236877	2.22934318802441	3.6503208016126	2.49350210926481	2.35801730145681	2.83441994315991	2.84040870826587	4.73297033215121	2.90459459382232	3.20996155743833	3.19642214808692	3.31811288589061	2.53962774910345	2.33175570188683	2.66294981991753	4.59574884393732	2.8854106116437	2.75310993268253	2.83090428135933	3.07610089931242	3.18755744060406	2.45342967663625	2.40607807115987	2.20852143744075	2.16107088631626	2.57217847692917	1.73939650057669	2.31983003004044	2.28761251735752	2.36520403552538	2.10705467380101	2.92119291857229	2.48685609349349	2.25155609776386	2.39585535867073	2.88594124275424	3.78815878687515	2.59033245135561	2.39887722871302	2.56624962246957	2.52710178912727	2.35843211963642	2.1905787351515	2.02486203416643
CEACAM1	2.63901248069441	5.51495443121406	2.85544990767224	3.5654744529308	4.25742221287155	2.24866895188543	4.13291705159351	1.24866153944718	2.33458464110139	4.06575623178945	2.8873062337714	4.56367265764501	4.44582879101387	1.80226716840701	1.18880192174347	1.46718500793923	3.56957431545745	2.35964912293981	2.31882199565077	1.77053176819634	3.2968896072991	6.32470121674005	4.83804426529414	1.92399749600233	4.00701222853773	2.06580865813187	3.09844739319076	3.58506236852541	2.79642091583924	2.0016994782573	4.0484468584183	4.82117130880838	5.2571535402098	3.70647968437128	3.04497813844368	2.62972485723085	4.27813442551539	5.02356374273059	2.34962203264073	2.96678604098997	3.83062501664768	1.89577449808089	1.73379030004121	2.31561068473331	2.14181486028659	4.68102701433185	5.45583793135255	3.59160086986213	3.83356572736522	4.13974438723616	4.83084581304586	4.4066268723967	3.36973213653006	4.59423394039129	2.25286858952108	1.26215163464046	3.19175755866165	4.93525353482734	1.64893801877604	6.99497955290935	4.81918358747396	2.5180444915808	3.59819964636146	4.40691826252256	2.31679048204417	2.32440131403213	3.16508022017341	1.22512113208211	3.11818677803906	3.7584253098875	2.40982247728148	2.10291063952597	1.86434159208408	3.94436389654611	3.81867489775956	3.17657425821918	4.43472200695061	3.34914057447148	4.29709481464261	5.02933430605266	4.49604300810815	5.17277401844458	2.25566559607784	6.09201446316238	2.63596624278284	4.38583092820942	2.45599186551629	2.34736765855442	3.67581454699299	3.52839506886404	2.96051210038666	3.29458104758711	2.60359656361832	2.231612920448	3.05381771722036	2.81422710418011	6.32555599486117	2.75363554219106	2.80950657380914	1.98915088050493	2.21697512071702	4.21447753057656	2.13815542382579	2.99054965595968	1.53684969921231	5.42355660326275	2.35077895599274	3.13299945148247	1.65956248203741	2.31091137022942	4.3184599148361
HMGB3	4.66012832585207	6.09145168270697	6.03477491600742	6.59396797231386	6.6451943636214	4.74001358902644	7.06105836571045	5.3691972733993	5.77827261212751	5.93684212819833	5.75954679049606	5.86879297118822	6.38544814159175	5.08416186890599	4.15242892600599	4.42671187959973	7.66606987462122	4.65364007596812	5.60249075171465	7.15499013987725	6.5902922839136	5.81582423176428	5.83096605372914	5.30280284796724	5.91205245651281	5.75125843610173	4.77754060978736	7.22323458753914	5.29671840254248	5.65679520383038	5.3642424414971	6.62083958268388	6.04695239172672	6.78887914719954	5.89612355511673	7.46844776328043	5.51367600384575	6.30014902893129	4.56448308317175	4.72673864966403	4.49468512344356	4.17859291572457	5.91020011706369	5.38949591390139	6.46660924880243	5.95220114438421	5.91002065131939	5.57471638810279	6.10430590763437	6.2714432077162	5.36488114057858	5.35191671444041	4.9955255376544	6.29874587808309	6.07239327587333	5.51433289753372	6.63325337679011	5.60951389876905	5.53066618763583	5.25594782390939	5.92324043222986	5.0776685417477	5.78457953050631	4.60353735721836	5.60628457701539	6.9916687299087	5.37215532052483	6.29260806255648	6.01913412821939	5.57764030031066	6.42535831006453	5.22865389173287	6.14808749677771	4.27427866699372	5.47252956154931	5.12391934512389	5.137438637245	6.45077952594956	4.73848235631111	5.92534485882164	6.74398653237377	5.72102978853382	4.6912729605151	5.27991595290809	5.34227439592553	5.52466237404705	5.58951971263526	6.35430977921934	5.63172929016354	6.37524040047091	5.91915042654419	6.65131918193094	5.51624114031659	5.72652871311069	5.34522540095684	5.90228318079564	4.84677892015389	5.47294408789069	5.2540340215343	4.71248463715941	5.30418188205069	6.30098363438603	5.70724618033926	6.7871687585112	5.37330637998449	5.54477559272964	5.0938410997755	6.09090860335778	6.04404075822658	5.37911234392356	6.49068651236163
SIVA1	5.11383640871915	4.89248193727353	4.08622604526458	4.32327110567613	5.42406661990119	4.3360154288252	5.05810651193804	4.96615091642008	4.06951696850147	4.53392379934067	4.40221553497011	4.69096082237712	5.82060878598774	4.76779703065712	5.33944743196707	4.00316454610002	5.55584562202344	5.0305019274127	5.52722796403255	5.31377497138403	5.39507943570192	4.95129689754642	4.61160034632738	4.77342576439977	5.30124991130683	4.93180487799029	5.04645030929846	5.30492879043962	4.98153273049985	5.03774079573184	5.08849963819334	4.99362327942532	5.37730910592818	5.18387717920028	4.69861454590242	6.49954541093212	4.73694982017257	5.30535065021548	5.21181683929211	4.09150420595419	4.15182188864732	4.08759699479726	5.11223831940797	5.04531734182444	5.67600458628733	4.42948143861554	5.37218030337274	5.68324514653388	4.84435066582247	4.18806870254978	4.58667931927389	5.16817369271022	4.64443245701479	4.65818867819875	4.92394162109395	5.41691855126978	5.24465117962199	4.94777474710178	4.72218215313108	4.61489471040934	3.88025670267817	4.85021865112883	5.13872451377341	4.81797677071427	4.63701330963005	4.94350239377822	4.90152083493393	5.45774788605166	4.74771412188457	5.47784881966136	5.45243104491638	4.60535261687237	5.21373312339223	4.39534968698728	5.20358288087182	4.62917004168694	4.36035381390825	5.68962219084996	4.82143002870921	4.9479865899998	5.07216672101727	4.55687346237165	4.5590753806214	4.36142382306591	5.82059514727251	5.14156614107683	5.38977591648902	5.1814694143122	5.12358367260465	5.0309856109396	5.0395074891165	6.20327319035305	4.90181045365835	4.96357610818805	4.22249051695171	4.76027572836045	4.71465395525249	4.64831980109341	5.40938439376429	4.73699186927553	4.65017926869572	5.0907848897347	5.85071772716846	6.80704973830508	4.55701131086766	5.3092867488715	4.88791468869145	4.93594041484787	5.32655857678363	5.54421431647342	4.63660374770402
PLK1	4.13012077752923	4.8522220887097	4.68687013052979	4.6445431453374	4.28554397683342	4.9249129032004	4.31389008428498	4.20594303642392	3.92664088688529	3.73239832319096	2.91683642444757	5.25084332471399	4.82673070388412	4.49839793855108	4.78125435632693	3.41597673400075	4.9700010733359	3.56493562276921	4.65752884220242	3.7520284641326	3.31424486861121	3.43392049531322	4.94337735502172	4.93867739060472	3.53824540015864	5.16933020516745	2.97851287133134	4.419581461868	3.91008255259508	4.41647043244927	4.48219918816992	3.77194107664455	3.27666906974643	4.37040786824252	4.39125478042032	5.17351439100389	4.50492014912908	4.50243860121888	4.48273208954261	3.02023612174679	4.63930956056791	3.21477542738061	3.04862692882302	4.06212722936173	4.36127174494665	4.63864547721466	3.99520898407569	3.70404448948168	4.87377636738855	4.33653426295129	4.87973607882075	3.23151929312042	3.75859601915773	4.48259522370571	5.40811874939285	4.78568869582505	4.71483857703365	5.43379434550369	4.3845983788869	4.16207900309472	4.44845828826998	5.17972741140903	4.01398972756226	2.79919457418265	4.00527948197741	4.38196380838308	3.53021321111018	1.91599644928262	5.79429748176859	4.24857857082631	4.06730545811121	4.52972480207113	3.15172765346831	4.54873030353399	5.13838487554469	4.66723061974559	4.90366462273331	4.53995602636524	3.96311928950645	4.15753508233448	3.77518448891319	2.6980352701768	4.68134173916862	3.59268627988848	2.48840810406209	4.86801032024386	4.57544030108868	4.98399538191112	4.81074482527931	4.32888285344803	5.75711757810163	4.01736098811591	4.25790379551158	5.56817625776128	4.14230922855158	5.46516887421982	4.08178390605839	4.67878222880871	4.08446857172326	6.10776574093291	3.63756296877834	5.27792295090995	2.11580634672397	4.79514161349291	3.37820472780881	1.76403486496562	4.60678632860055	5.37057130539343	5.34396190226021	3.01784994951412	4.8437642154049
TRAF1	2.13585221354661	2.72542167844137	1.72595928498261	2.41133102634075	3.50630079187025	2.25469043696048	2.56767766009582	3.09849521129339	2.37146571913944	3.45491895576687	2.43617706944968	3.17876843644328	2.75142804692416	2.48899466508181	2.72567990112153	1.67858642379327	2.1279724742792	2.59709919524454	1.60442674989373	2.20059070211967	2.05306749871727	2.28108404771913	2.10748306990738	1.54116066547245	2.87219557939737	2.34611767726988	2.26465171088307	2.5752906260645	1.90324392454278	2.26638707041722	3.58312783895276	1.80077373754926	1.92381450432092	2.62606228030273	2.7500643179008	1.87801523269588	2.23960962793619	1.75201789940608	2.46952258244906	2.04829755928091	2.3166942904842	1.88138300474465	1.38128953249838	1.88655914750919	1.58668228135534	1.83121406384816	2.63212699785335	1.87165625769999	1.98257110152358	2.33729191366279	1.40150844128103	3.25167293392059	2.01136056270934	1.82785882774081	2.71419497716975	2.13662791154577	2.24520652752003	2.43053258005595	2.04820959332601	1.91780134994415	2.07201342094299	3.97532337530194	2.36420302129739	1.81423466585119	2.91243045213201	2.77325656169677	2.96954749826819	1.60363415310555	1.68485388600694	3.10034925024702	1.86035723929194	2.71742237820663	2.25988775244795	3.64869639034253	3.29195460381429	3.32943516689986	3.61490351250848	2.17646876391313	2.82613573662952	1.7654988129127	1.80235161377452	2.5324900479695	3.52792992495885	2.68244327307385	1.48077317500646	2.33804822213339	2.17880435087321	2.92048567152669	3.00853004613132	1.83873431491298	1.78615773921197	2.96136133896143	3.18636757272715	2.48746494586904	2.11213002173901	2.09578635961015	1.84986995576663	1.97255864059336	2.20552211495705	2.61454818875607	2.6611733836611	2.55871468067252	2.32654195874387	2.51099216995264	1.5693887652919	2.18095419924492	3.18365498621206	2.61970536623815	1.69120882676178	1.81568456407643	1.84967172784204
PKN1	4.38947242568406	4.79378415521972	5.15248254174255	4.64233950373981	3.71607061215739	3.57743330228873	5.07583878899765	4.75336169229933	4.83503554249328	3.71754900148009	4.40704385271707	3.86131837721968	3.76312799926711	2.89206977613611	5.18600749026741	4.89877027448538	4.94263353943147	4.08956305857246	4.064475502011	4.29668537766325	5.39805151284892	4.38597630239037	3.66071460290452	4.35621757813627	3.41804029934694	4.35506482643069	3.52868630057345	4.43418006193387	4.01433383604924	3.67505017595582	4.35293419557721	2.63039071735506	4.40509973236398	5.0249895299483	4.840794953939	2.75072431716309	4.71082727088813	3.18948687775867	3.87560846734238	3.57693069453259	2.42337537163535	3.18933508186944	1.756126652388	1.78337664637934	3.66275361864258	4.38725130507865	5.2541706160478	4.51417059332622	4.5172664651448	4.92653227084944	3.30011020102676	4.30326166498569	3.17852318883615	4.82255898875456	4.06949776881601	3.95399794306831	3.97603009331905	3.6392904496152	3.29781497766441	3.27420518744218	3.18791842934603	4.53235191389347	3.54466557334191	4.02896653553619	5.02891590640575	5.41441932728469	4.65536707759809	4.12285341605271	3.81335656136768	4.32207669385711	5.39921481793429	3.42537372922855	5.5507654799918	4.87387203617222	4.71995149258963	4.50170486595856	3.8034039663789	4.18415956495018	4.15935421937177	2.59704378182385	4.77987071298347	4.43671803352552	4.42846987460941	3.28081690933105	3.1823401834636	4.09692272006184	3.78129140529763	4.09180682641538	3.94250742717952	4.33655153507303	3.23113019887227	3.30213919800296	4.66248555151581	3.27263639489167	3.5878312125266	3.50867518050246	3.8624055895696	3.89498776132924	4.07025024300947	4.50434040057534	3.87137620098869	3.46393299834084	3.65553672106168	5.39206857895041	3.36108325258782	3.27312089186808	3.90790180867461	3.80654312973664	3.28552732519561	4.39294214230325	3.4842485776855
YJEFN3	1.30357378503743	1.2979827796389	1.40196529526998	2.06894847856993	2.49239091560107	1.4031477687794	1.61047759971326	2.11972269674479	1.3825690638829	1.5994032554444	1.73176584157002	1.29650173713912	1.70115316248682	1.39310880512849	1.30367657860928	1.44753320978839	2.74439841809608	1.36854653078461	1.43164251582882	4.32515598045921	2.32420659620718	1.52778246377614	1.63595142939372	1.92408733515086	3.92141405104482	2.72609503848265	1.44349269438455	2.72999526423422	1.27897748487287	1.55818324861181	1.41146568525763	1.53784463757153	1.38847076129761	1.88139282633419	1.69845202900996	1.73427553345583	1.31875312695834	1.93216947596116	1.73698889501914	1.66687082700496	1.55128182772516	1.30956141022665	1.45607394148102	1.50935449467805	2.24015020602399	1.36677870662141	2.16385890350036	1.70452800499245	1.40944000191428	1.83312225187915	1.37131635707846	1.83062089224103	1.60988869955244	1.29405144602376	2.43893901195832	1.60495105220456	1.24008852539398	1.7412018613838	1.67170270312388	1.42540106328284	1.22404985089577	1.75384301344865	1.41556338782665	1.26649246526611	1.91827134560764	1.70942671475347	2.0898798381004	1.73600471005689	1.2886026212088	2.04919237737995	2.00870841624177	1.45330063943853	1.9938376223471	2.31931590902953	1.44436977460588	1.25749351527995	1.95037613696124	1.5699176526733	1.63968030231999	1.68010094451335	2.53355736045107	1.24770889963672	1.52333656510222	1.62476481875747	1.42683004888502	1.60785891845183	2.57017888408198	2.87437924589181	1.20754348843441	1.7655832034739	1.22225204614583	1.71709750122715	1.99372796905334	1.39988890264281	1.40669962509685	3.22176015461745	1.36289543178162	1.48896061489182	1.67053624265673	1.46909811528767	1.22222762041498	1.44653795159259	1.593125500404	2.86423223090441	2.23035649531241	1.6115484164382	2.52413084982211	1.95291533539101	1.27094768436178	1.51981761743772	1.85995123379773
FCGR1A	1.50925262023797	1.63458298506847	1.09948824964051	1.3009795288336	1.18121475759357	0.974244120544455	1.53361895682444	1.19781763538769	2.12365996483614	2.13961384156364	1.87341647565194	2.24392829474613	1.88537878383595	1.0650559563579	0.975434265889555	1.34459830769281	1.51753358082674	2.21320187671464	1.03109825497403	0.938580593890078	1.13807133438406	1.33902468866893	1.20817115760625	1.04648077780041	1.58986425970426	1.18632907940481	1.31392536213253	1.11908763250473	1.25483185704202	1.7191893989152	2.01696265448047	1.05966183820001	1.79216806220283	1.81602112712039	1.86976675167473	1.22574500726043	1.07493537294841	1.02014164645437	1.02133649878775	1.21313686269583	1.05578227964259	1.1064682008702	0.917705795865994	1.15361271630188	1.00372278149578	0.975658954957931	1.56142455400063	1.40987267762297	1.30385354882651	1.56180331512782	1.00899819609677	2.07117293065897	1.20141498904149	1.04273945480242	1.52064799437793	1.0911769811951	0.992954211742124	1.31252642029526	1.25530727183319	1.10473950573053	1.02870721572301	1.9762524696515	1.20931929098758	1.29077935870921	1.86725027638612	1.87770647346777	1.61775057718543	1.15806186808657	1.33980892721845	1.86858718510746	1.49067963088984	1.11355978523258	1.84558905442886	1.80704675584335	1.05723844136084	2.03519323096905	1.75435456972912	1.56919219522776	1.47194159395744	1.07955282865651	1.02856050774801	2.31137586984063	1.5832393391676	1.50066048468119	1.15104168396473	1.57135030655053	1.93199599402926	1.56602158190041	1.10785687018042	1.33162482889735	1.24533584657364	1.03724336685275	1.55608654468994	1.07560275103929	1.42329903458658	1.14728449595677	1.36235702690754	0.932605960174346	1.23238303321238	1.59935551697783	1.16194102975387	1.35183847242099	1.44227581699244	1.93140145114114	1.47044880259951	1.08989685520173	1.25415418856355	1.08353298065234	1.9945032061457	1.19167147474046	1.03201831031416
TRPV2	2.83672489579743	3.19339104858707	2.59748521732832	2.79778294299605	3.20718659909306	2.82002455384686	3.0287451618129	3.40939776788413	4.23160416324423	3.61056520157578	3.4206070923807	3.3597243933436	3.45657890694695	2.97391484794456	2.56298009098817	2.75578282747659	3.08291562430279	3.70348884460825	2.04943704450532	2.2312786385815	3.45511394811592	3.30177819357677	2.96939226815026	2.59005058666782	3.07806229517722	2.43125974271253	3.0823616013781	2.85789646086265	3.09980781114302	2.89173303487079	3.85335407229678	2.106950418728	3.21649069648482	3.42973528147248	3.64387968630606	2.6189322871234	2.86452703270132	2.10384004632825	2.13631677287699	2.50238293346135	2.55315105671856	2.74437480188708	1.91206638208088	1.94438155901194	2.73300079425475	2.05806684120425	3.24946294991178	2.41120214937159	2.78787086268211	3.28486276254535	1.85169279331874	3.69576498633811	2.89696881799849	2.6638058952269	3.00145713409642	3.44538072037961	2.93511629475989	2.89092077548472	2.19321270722426	2.60995753427166	3.30421626676558	3.60918903599092	2.92847117066247	3.01015571932718	3.73815833628871	3.34269796107064	3.87781252790904	2.95666243804442	2.24044459906301	3.90123641476835	2.59805867077979	3.05514110661512	2.80992502318554	3.50181759498262	3.68433375769923	4.00740085583372	3.26603583794633	3.86975771911242	3.39340614588697	1.94488746896532	3.08095347673673	3.42531389144342	3.87739067999682	3.01873560602667	2.3987526024007	3.1717786916822	3.52926550800828	2.9798817908796	3.58434060962123	2.97440424002715	3.01820262294012	3.20897728983696	4.39513113933072	2.35372098702872	2.77706631977333	2.86051490038234	2.966273746058	2.19636745946753	2.87734084814001	3.62248173225016	3.53533262958803	2.86419707579646	3.21783759387438	3.78011461516561	2.83419340073712	2.4088422919078	2.75824929019204	2.93754153612552	3.12779130858222	2.20727905341487	2.4433443441078
HERC5	5.7163765453245	4.36303859806444	4.21734219908219	3.31969245583885	4.94547276625792	4.60732152952042	5.00551424883517	4.25654134300346	6.75676379222803	5.56661801494497	6.34209659923491	5.4508911536574	6.06370731167013	4.16317125367604	5.12016016761504	3.04230833246643	3.4761309276593	5.59806639765901	4.63831784747186	7.17597491116142	4.70433254791684	4.96072157365113	6.22409973202278	3.40802007224747	3.31123177782278	3.00575740516385	4.99374458373364	5.01974907779272	3.70104282034418	6.05967871655726	3.65914384186456	3.83779939809718	3.12581651577007	4.75558666774571	3.66294460535292	3.25670830327917	3.98740475771725	3.28871291762243	3.24725079295261	4.43862546760304	6.62124031114401	2.95200797429934	2.99076844657122	5.3819330735412	4.49757849703856	3.50296784470046	4.41644421682515	4.35043393383396	3.98953918778359	4.93423791828884	4.42956080281281	4.70147867459629	3.09152079011926	3.19524255339293	3.79208061717166	3.06075191451732	4.36263712284013	3.84647270399184	6.30132826529949	5.53096762784291	5.43848317469652	4.44794988652017	4.22818751909639	5.14447378025907	4.4253665396469	5.57480618322477	4.85159612294388	2.84378238797295	2.98057028137669	7.08392853389179	4.74732293803349	2.90284537452021	4.6187904275654	4.78922368430603	4.81634790528027	6.29910400466623	5.055371072106	2.74557254459437	4.44360677294363	3.1869562070797	7.2490831612756	5.57733820242696	4.21650180003503	4.04405997310637	4.78761713715294	6.5619004213061	4.32264321644514	5.65664463530652	3.98183635532878	3.43581580687396	4.84892169566062	6.77718353098522	4.71347042382653	2.827635766473	6.3282744581889	5.2036309385174	4.94653425525641	5.33389680181283	4.41853535597538	4.13562055038621	3.99016815333266	5.34915364207421	3.14957264808811	4.99567246246849	5.67212957868593	3.88138999392612	4.92965900071151	6.15620195804542	6.33212335007286	3.10664270318801	2.74829734944128
CNPY3	6.56016009210038	5.09901216189595	4.86238662407013	5.91458060669083	4.89943483806445	5.18724234663122	6.39605122950738	5.75178636167805	5.69746154051858	4.69234681017536	5.62804839533376	5.51280822752183	5.47385381908081	5.05386930165298	4.74402141158623	5.25897865339027	5.27071503105346	5.42064425123894	5.7162718719989	6.7252911147262	5.7699610969361	5.91127032663593	4.87215786053622	5.9886417472261	6.01202357776832	5.38779517938358	4.91314274124785	6.11113362899556	5.19192930111966	5.36991386334629	5.52802904506201	4.69160537129317	5.30785913280121	6.08086699381195	5.6472017530636	5.23142104886917	5.75038600512436	5.80906795800484	4.58895709387483	4.75391372112109	5.28240555693303	4.19005762681391	5.55805347033792	5.113725259166	5.43142841982305	4.81635619211169	5.53540878801491	6.09988135941768	5.23513596870241	5.38602775283129	5.30061193387596	5.6143957618912	6.03108424122088	5.5692551731048	5.39093343078344	5.37377450963535	5.10005978271724	5.728438467885	4.70803977862602	4.93847400807763	4.98834844506129	5.52867389990045	5.47779322621957	5.05461928814657	5.31741408907421	6.32091268765411	5.43131043165343	5.94476504593338	5.07176489655677	5.90521387562619	5.470049642247	4.89312987551692	6.39250683084257	5.1655396825308	5.91372196793967	5.23664589178053	5.87004888323754	6.15978784673144	5.07420101730708	5.09350555545148	5.62818816567963	5.42275392075644	5.88234487322643	4.56351586588198	4.58423625978693	5.6080049398609	5.43526178625615	6.08545049901168	5.32362411111711	5.42495015686594	6.69412588145873	5.16074047102851	5.70863584342392	4.88708162270533	5.52160713756037	5.98082177441472	5.13280202626675	4.42229435085685	5.37759364190858	5.67394390582021	4.88476137492165	4.95677109652631	4.93502525383275	5.96731925223777	5.87372654452508	5.701975379534	4.96438473076949	6.03456042878678	5.52777345368814	5.31295494514246	4.94831862727139
SLAMF1	1.28126888694242	2.02633794008054	1.09712526160456	1.52726170228145	1.60265973255362	1.72033234139584	1.8700816853349	1.64847607272509	2.09647192392307	2.14719096419772	2.03440838128026	2.29817366526824	2.13423696949576	1.55019312999287	1.16290688384634	1.14937758517356	1.61175412200676	1.74675440611099	1.10253656677046	1.14514238772771	1.40724376359399	2.16659874207885	1.87386836547119	1.0678096004142	1.67174700483963	1.22933805820922	1.86980729751739	2.07939985733754	1.28848938493623	1.50627770116442	2.67577432643361	1.30848551850789	1.80177826730928	2.02486403265571	1.53625739985669	1.34565636079217	1.42011259471726	1.41817594545167	1.29988309051972	1.47659921931425	1.48025566084334	1.54751215702731	1.05081372818845	1.1523225575456	1.17517893416589	1.474844055443	2.68776263618196	1.18800435874131	1.58489157594367	1.98542372118482	1.09025283393231	2.68711874325395	1.61571486314083	1.65514514723495	1.69221433510319	1.31140590815796	1.22289768448229	2.04096243681952	1.57808171908121	1.35268777633222	1.42810114776059	2.48522400706858	1.85220584382962	1.83833536950002	1.78556870111268	1.8937997338535	2.51631504005655	1.20554395435481	1.2088117675061	1.95016820030011	1.46507925432429	1.55303775241021	1.68580604463421	1.7504374434164	3.39447480693528	1.705811253341	2.26053255449968	1.3260734301093	2.54898676295605	1.26001754549999	1.24725517308704	2.01550212712967	3.2642289328024	1.88030921803824	1.15531329692262	1.85362073645499	1.42870563450022	2.03661980850453	1.42502636905343	1.45424410818578	1.48223721394156	1.18626961245673	1.93886533300761	1.09140285250864	1.39790178569218	1.62064570692542	1.44967417075514	1.11904438628268	1.63635685347818	1.60195598559295	1.44896220369601	1.32747675783523	1.56342278244507	2.52497269510229	1.35748715951557	1.35770839502788	1.35913148517563	1.95865502059153	1.60528318617994	1.09734640163118	1.08521293177809
BTN3A2	5.68931028453836	4.89334031864957	2.49316403731506	3.99222688220119	5.01600032946605	6.01591908139019	5.30438407433913	4.08631060460718	4.89353166351349	5.42022884253811	6.27918791307221	4.41297311079253	5.36841075632258	5.12333992082009	5.17072349524393	3.62870247464155	4.75182600722778	6.82721806561182	4.59610086646349	5.35668451100927	5.50907444576755	5.11229989203173	6.17219346412413	3.40593642579756	5.327943225579	4.59027958421928	5.46249132273257	5.59235676240879	3.35566350121488	6.62174211704651	5.54636224462455	2.91292528507501	4.9351060945492	5.41824186635579	4.6003399106396	4.83445920438369	3.68707945407172	5.43404034698639	4.37804715279172	5.08943812503361	6.11605386613836	4.48802363648029	5.1696405647436	4.50282379710329	4.15459402103397	4.30491529300056	4.36681035378138	3.90688124340167	5.21666787101659	4.96803631872271	3.30027564868953	6.0164435424232	4.44759507025809	4.20428595909617	3.76779483958802	4.90079723411138	4.79990672687457	4.25734404651204	5.10265700871731	5.44473852082605	4.08103705275028	6.05130627979951	4.78060389912846	5.8532677443891	4.91906768747662	6.36552646900727	6.1663739483839	4.22854818006775	5.52509570140742	6.89904077679642	4.55012104961078	4.49219901691554	5.85296749386252	5.45497451010057	5.36619860640222	6.25466827939502	4.66754147654451	3.8152680443353	5.43391841757082	5.24502529029669	6.31133490100796	6.03332729383737	7.21617178113272	5.12420104748569	2.19181011880037	5.89884168256941	5.55858227996253	6.20492077489393	5.13287029919219	5.30978695886331	6.59236719745688	5.65142294959457	4.54969531738575	3.99436157082641	5.57128451702112	5.07739252453596	5.07028395356345	4.2351566040248	5.63704829686607	4.8477162445377	4.8004313773686	5.3466667976726	4.75241014961619	5.60090122676159	5.83472328652713	4.83766196547522	5.15416098594085	5.46570219233278	6.40007338108335	5.13682980652002	4.04296204125494
BTN3A1	4.77184010204095	4.09778547923486	2.90670877701807	3.93329717564112	4.18051766039881	4.57568037066844	5.17593531921421	4.13582327993812	4.24093321859457	4.86322545787071	5.83531063914675	4.30338125688875	4.55131475157235	4.40208380652262	4.15721545394823	3.10481481596159	4.0550864905413	5.744523072511	3.88183529506142	4.37567428767298	4.48319441119435	4.83238982514427	5.65383589514033	2.83749176608733	4.9744128247569	3.49774524813691	3.68979675190595	4.89514114176109	3.41254060054862	5.71563299105464	4.47019367255398	3.41560654829664	4.04210613096686	4.22402555162984	4.17386667595214	3.57151441445055	3.83730443625581	4.57751925628036	4.13354063710231	4.59878827224365	5.89477594711366	3.71858118400417	4.15762065175799	3.46232490765196	3.63002192562142	3.57101875939935	4.4843518642576	3.85029322821096	4.39324498717787	4.17242821474862	2.54494303595256	5.28323004050079	4.2603486465458	3.48185826658064	4.62438880503033	3.85285958480004	3.6859218841315	3.98900387987967	4.62170211202569	4.5220009581157	3.96533090359861	5.14956394714289	4.18319502537404	4.5854056765976	4.27635643605036	5.56947238783322	5.13140090985738	2.39781561886267	4.14153615806516	5.93801911827994	3.63213853618904	3.82743078583318	4.60387238276302	4.90008612025013	4.48540206013728	5.15540538735835	4.6849112411183	2.90261851267627	4.50649782141179	4.57131884844482	5.74420317231081	5.00691297887225	6.10165418031204	4.81054399706692	2.95202231913142	5.34672687521432	4.57686173979846	5.84345152701548	4.10488339570481	4.14246278760574	5.01676957088786	4.24427109118671	4.24817107743817	3.59722195938742	4.57307508614149	4.66833504264535	4.27210049505315	3.70636733532786	4.97663519264351	4.40776787007965	4.16750952334134	4.76522062702706	3.53119678612194	4.9279412678256	3.91335951799223	4.24475776036465	4.54953519448377	4.57823555804671	5.5701983843277	4.27045193785474	3.74477686919088
IFI6	9.86485424052729	7.74163255489652	6.17461049134321	6.68681882241713	10.3367734355921	8.71127018686667	8.94863618396683	6.35148757675058	9.87162974894247	8.17097605903385	11.5571117923408	7.65838395240418	10.0838920242616	8.67966429857186	5.12878224021153	6.4319916389335	7.82127413160736	10.8853758426494	8.03949638485429	10.6200852483043	9.14130418259689	8.84168095305085	10.0424885610912	5.82423738660588	6.83623723241074	6.06676051533247	11.3997327019883	8.69987576080783	6.47734537204789	11.4011135140263	5.59642118652285	9.4104720909464	6.63715583307	9.06913171450202	6.80740657211838	7.95994357785787	7.68251690733764	6.73009852934264	4.58900469047068	8.83989259984964	10.988277403475	4.74693383259513	8.19775098979269	11.3804830534247	7.23554335987927	7.60466786394887	8.63811783923883	10.0252193420102	6.8953002851739	8.8509028323325	5.76918990546067	8.42226646138722	5.86058145344303	4.40847499344215	10.5289138333568	6.79199264321546	8.20295430854052	6.35023322613054	10.0407414105009	9.89181338922018	7.00891893228431	7.66649360816989	6.94210415006763	10.8501146616748	9.66872773227372	9.26615842233989	8.98213064137743	8.32777921764847	7.34354532043525	11.5530708840158	8.16385599995026	5.46263395127129	7.55135634650648	8.18584062138728	7.51790752825316	10.9382556939128	8.61471590509663	6.34445324604316	7.06909175944634	8.61470500131968	9.4437565474079	9.1121824068464	8.06896373055287	8.5799033679601	9.63915456774774	10.842938439269	9.68690044345178	10.368785674777	8.3987145014289	6.95148635580863	9.58191951068896	10.3007189611662	8.08684101106219	6.10755533244439	10.7317152115522	9.4457819096548	7.85623106967869	11.5460891923837	9.83779219989057	8.40179725800969	8.03223233527245	8.67531912269678	9.0445439375409	8.90331855205198	11.2446860049995	9.43507042163123	9.52841358428705	7.55937725433709	9.97747745165375	6.84124775754619	6.03113525924804
SPI1	3.16161677269439	3.6198475210302	2.04788107977834	2.86491894228604	2.60003725945966	2.91229109219592	3.57933598760384	2.86223939320102	4.36041687268273	4.02077375368801	3.871127237042	3.80278655889456	3.33800836777075	3.30305714839892	1.91599738716582	2.48537240832038	2.68749989755937	4.07500825743219	1.56815130401502	1.38815765730747	2.42427503692979	3.15484545369881	2.77242868274573	2.0245473632692	3.11017787475798	2.56157599320893	3.35183090083272	2.81225146165966	2.94015891158782	3.15050445747374	4.21683265198864	2.25386107644704	3.28948073082086	3.55820464163588	3.13590655421672	2.54521288922112	1.86997461804189	1.86348686921075	1.77212226362932	2.59138238961193	2.54887128905258	2.12326470233067	1.31014295243332	1.76859073445452	2.25386468450408	1.95631322494802	3.43311830812635	2.52533892400961	2.78034173167345	3.45024747070469	1.41652418428802	3.98516300817977	2.37333527225699	2.70441461369184	3.17601970651997	2.38594795228644	2.04446944016324	3.54034228845402	2.26631184930383	2.82313245605745	2.75165099558771	4.11795881470795	3.31722375783556	3.21500695598259	4.17058069812919	3.67451955811292	4.23271394366521	2.63649530712315	2.94785856657447	4.23610648971546	2.93180465431539	2.53189801796271	3.33001099159452	3.93793591961647	3.78005042764695	4.33867894811381	4.00469067201516	3.83493866608596	3.81070300805478	1.66675326954027	1.76854140448418	3.75686951147126	4.14122777037688	3.37080632191325	2.20936672382032	3.76799877455587	3.52074138601261	3.55716347030306	2.38580296976497	2.82526886044285	2.8488968415553	1.98881327440129	4.50762971203921	1.88999881439813	3.08234952342707	2.89387295642601	2.66659743650541	1.6748977042163	2.79134309606889	4.21526701541491	3.34540591566778	3.24648933520407	3.2744908903378	4.14104956481967	2.65623595234786	2.40100138741616	2.79041510986632	2.57974182980601	3.09251048457656	2.09205828339304	1.49582535941694
NLRP7	1.2410572309027	1.29679225831622	1.24050083404134	1.23528648263864	2.93804893055851	2.07116074002964	1.33475785950013	1.53585307209544	1.27379173600595	1.99994219691798	4.87720132049448	1.34571656227516	1.72210332060417	1.46039718577454	1.37026310587743	1.23692531114551	1.39904229475995	1.23308426079457	1.85071565452197	1.35371600131568	1.3964011731392	2.64520010524591	1.70127974644665	2.11475625637462	1.2390229365312	1.24664303017568	1.82294540388547	2.14666711292131	1.67934825238526	1.30580126032224	1.44117728329635	1.90432628574378	1.3844555423303	1.6829298972891	1.24689797572223	2.60066807083526	1.32938148184545	1.3122726079133	1.59205778989561	2.23763748736746	1.27129746671461	1.2729553202411	1.285472008628	1.25156076200136	4.82982542236786	1.5286786347942	1.93264568959995	2.66255167094476	1.40856279533005	1.87378255040073	1.77708914148957	1.35980541009964	1.50649862962965	1.36569251841465	1.47389082405447	1.30500384786015	3.2250815330477	7.97884861523067	1.4011331829989	1.27254458132021	2.97766134541219	2.46667549642787	2.0420888280531	1.29121700075759	1.27070809934481	1.44275905526902	1.69088456829267	1.71010953832345	1.25558552514747	3.56164598817949	1.93163079099331	1.35251601134569	1.63718952292988	1.45382058082185	1.44753097345943	2.36493470659501	2.94711781309021	5.38100036367914	1.55823007014876	1.43393188422031	5.16121713683159	1.40818172146212	2.64432713990628	1.48476877945361	1.30233232019697	1.71390278988782	2.07133541591587	1.37331092688767	5.89007332369612	1.26356803417271	1.37446579584017	1.36873744945457	1.27849133223069	2.2607973328188	1.30582488374043	2.74626067988481	1.31551231836771	2.6164663861684	1.40584162650237	1.70764160207278	1.29050886423981	1.40999000076514	1.38584470043907	1.77752695800387	1.25926352307373	2.37836965274568	1.55099133583348	1.32629569204675	1.41873937380914	1.50527321620795	1.29583308545783
GLI1	0.980141989904098	1.35801513111155	2.73691028797568	2.79817063716878	1.78092293468731	0.930078846238352	1.74839977892843	1.39129636627344	2.57292727667021	1.04044828080986	0.870725065057842	1.51942702252892	2.44965370517999	1.15291884080961	1.21433636630113	1.88240904793778	3.99657018661963	1.28090088139824	3.0990928549213	1.52313311583773	2.16879425189352	2.52516462533197	0.926418119609279	4.08631016764114	1.83988509768297	1.33975795643497	0.899204402135353	1.72344180541125	1.92371078028706	1.36692830509306	1.12096608488392	0.863385292284402	2.58484301583918	2.71866015851746	2.62686368401213	3.16334387644129	1.18157161789247	0.91081133290386	1.10698860912977	0.890704842502733	1.68554264290638	1.10615803220561	0.931424030864383	1.08736946184147	2.0994840377646	0.812762958214973	1.00797088935352	1.15120721235863	2.09252088100934	2.9691244665449	0.936582669874359	3.09242035142417	1.09084907279301	1.10605075512508	1.27021215569238	2.29527435250984	2.4919436249318	0.9904341948407	0.913428177353858	1.47241492907078	1.22434171801467	1.1061115466174	1.1852964995776	1.96487742600811	3.37638160584877	1.27944950383801	2.00994323849572	0.865760412054743	1.02767479971297	3.02295359059145	2.10623989894198	1.91809685720774	3.68950389344225	1.67835383825264	1.18805190588785	1.30186381528517	1.24602866591842	1.14364222990444	2.22958096361464	0.91831095562351	2.38779049407758	1.27758810012588	1.08761362462195	1.04107159837092	0.929446498649688	4.0671558740203	1.55569896635102	1.43207214849883	1.29573331658324	3.56008572547596	1.06175819230054	1.1648514365549	2.86822956482728	1.79357320152058	3.44983577196006	1.28951140819929	1.38720595058745	1.73885218475831	0.861128634284491	2.09654105638015	1.71288415881318	0.945898685567032	1.05961028861496	2.50779727737719	0.840326151921886	0.877307199512659	1.62960804996422	3.37075775627556	1.16517913427202	2.46205922895356	0.992883133538142
ETS1	5.15285449910091	5.39519457606338	4.15424766279338	4.62308734480806	4.3316765611367	5.7758791670848	4.83478975178661	4.81603026691134	4.79375628232733	7.31424598134148	5.76589084789139	5.81830596864143	5.08545454963857	5.76840064869559	4.50693112720584	4.71914824027655	5.07564355030686	5.54139079907053	4.42758737358576	2.96441421440498	3.91875417183521	5.37652754696135	5.11674547834316	4.41870950634769	4.58184388825419	4.39062312415055	3.53743468772657	5.22730289340665	5.01317964427611	5.07216161288474	5.20787995987885	4.29388522094931	4.58556301879755	4.82382340283395	5.20632751329756	4.03488688571133	3.70330415727458	4.21384767616516	4.38905966628067	5.92145158464518	6.8976410415199	4.80799050349435	4.7992593664944	4.21446504541152	3.83713776438432	3.85686279686627	3.98303187072122	4.86310587331983	4.79525856029108	5.35232317749159	5.34379948867819	5.71361352391583	5.35131247483995	4.75348865063518	5.60666312715911	4.48758935771057	4.86673383947287	4.83563622160169	3.94898852793097	5.36021964821261	4.64348493371677	5.87282978745125	5.11858998333315	5.29885703713241	5.34901401783517	5.13022964580294	5.45257272773606	2.9073544631164	4.49299752250551	4.46979457357226	4.23837377262141	6.41859762559084	4.81635117996065	5.01455890601236	6.79086485767565	5.80117114038178	5.9197841502334	3.05604710796768	5.4962309853286	5.12900093760337	3.63227090462116	5.90576084975125	6.52329035519922	6.03127478550084	3.74623529097504	4.71760520987341	4.39159033839946	5.04776768037523	6.45511543676995	4.92794775411733	4.44289455271782	3.78713521190589	5.92476227926126	5.09999387337116	4.77904240915209	4.98858879973192	4.61560460613296	5.80865110732565	5.10264382529289	5.65829523574352	6.45332371334472	6.12892479557061	4.12061645728074	4.87837084066154	3.42810507463753	5.4668992806292	5.11395504625462	4.64033119584279	5.90112330752217	3.82270444187621	3.72533695126134
FZD1	4.70129617619707	4.39134033285456	3.60488936928384	4.2821370249719	5.35730844615462	2.64200477894692	3.92581160515274	2.90481510630872	4.33513171706453	3.90587707960051	5.03527557058865	4.89293138602717	3.3024456610482	2.64653352990134	2.94864639716562	3.98446907558972	4.76204007739154	5.27685433954096	4.20666684211642	1.48064613771086	4.16365483497002	3.61549694729698	2.99433412723007	5.80517510476503	4.63731723137231	5.9310954223954	2.80239707406893	3.68195054746718	5.13295248949961	3.69787336951935	3.56525810515677	3.19424970263309	4.30795920904643	3.90237473874495	4.86009634103636	5.15378047017824	2.7107727100111	5.20974107333434	2.89215638183211	4.11306402073274	1.95242515940504	4.01813869589729	3.58484719792237	1.99756617299054	3.54531239826271	2.97694963752622	4.54402171850933	7.07856058565169	4.37407185761379	3.55613996101792	3.41337094533938	4.46649419264513	3.95039348790832	3.26676784277404	4.51035715157809	5.11528309310879	3.91590189537116	4.27467503327551	3.07396923296119	3.03377854071632	4.20046768824064	4.86278116949183	4.30215275934555	3.7905059530955	5.04647834881524	3.42052111429853	4.46119830885764	1.61961385059808	3.87357090791301	3.97585603273131	3.24563793833064	4.06862275580811	4.54768317620694	5.1661252611914	4.57420990699928	4.2382993246711	4.1199328523463	3.85272476297035	4.26516758402881	3.25631243746548	2.85202542366139	4.39192751803242	3.66159256627345	3.62846686818467	2.21328901454202	3.27890474007934	3.96980599119078	3.92523416604776	3.83661213870344	4.64384386646664	3.59887112296978	3.31168399349099	4.34983598434034	6.7972926615226	3.51680497010903	3.87438748297629	3.877799676614	3.07433269533503	4.0368894434597	4.49696712662252	4.04854807408567	3.4404183619892	2.94347458837338	3.35179406394276	2.15845079351291	2.90655062110974	3.57061083592136	3.52905570202732	4.0917439013342	3.95583734314249	5.19558464005616
DDIT3	4.59751071871449	4.44469025889691	6.78590273117109	6.34712486480494	6.14577711188831	4.04022026126068	6.05430752798235	5.0689686644823	4.80026857326394	5.5319235186742	5.12508456814851	4.86558755758209	5.1431497954377	4.09730777127733	4.88758229752627	5.35431622177726	5.46688670514561	4.68195745098675	5.22085871796986	5.85372673283093	5.86441266904485	4.91901470239179	4.44760470287163	5.88197357365166	4.94655444582332	5.99657561502798	4.99782514403217	5.74786900720196	4.21438433488351	5.17434643420176	4.91454512435025	4.47693943186451	4.25977907948892	4.83324320729686	6.09606728726044	4.4907538765896	6.14087931316487	4.65861751140509	4.84334607744662	5.77572123079773	4.31258093969589	3.07530423996942	4.7935872093905	5.28622954907947	5.52305330127993	5.47027955047587	5.70169964465985	5.75415682347363	4.62420570357788	5.0263785776757	5.82876765136778	4.6458455695131	4.53635938933035	4.21748950152286	4.90193924966028	5.70874573321407	4.36612922675549	4.14083804063875	4.95215837639454	4.62821555709094	4.26905950483933	5.37590650113913	4.82766300335689	3.49680241937424	5.74859520240167	6.16871212399637	4.8581941603528	8.09352840433612	5.45934858885798	5.33196882165602	7.03622688697317	4.93572321504128	6.34094698884261	6.9243919032145	4.69489494817038	4.31660176185305	5.80050807920349	6.17410088073455	5.02114629750303	4.65620728497106	4.74054891372692	4.07762242557262	4.64751128014974	4.12872441869634	4.83659565861114	7.69879965114379	6.52964860507084	4.74326534726216	4.03849685684745	6.12594825205005	4.93291540537307	5.15166523190778	5.0072138448875	4.22028893416378	6.52714931217685	4.40202032261733	4.23239370807044	4.93554482726019	5.49217326593826	5.62428998925848	4.97470785520086	4.66180756250884	5.28144837571137	5.92744208013618	6.3081318887146	5.32531078089584	4.4317969947174	3.91834659137872	4.36223186608272	6.01508089556452	6.01255390113475
CD200	3.38258767277532	3.75554110721894	3.36291441836989	4.73824559522424	2.1408638978668	2.83872943239633	3.2497076064366	4.28675531501279	3.42601397540022	2.85813925288589	3.07685880836581	3.337866141932	2.50180584777436	2.59775903009888	2.34410676553144	2.54971982964482	3.58112798711499	3.66070708005631	2.69912716556496	5.02031268830775	3.18704319522711	2.28351588049925	1.94144505020119	2.3719091159704	4.65874914360004	2.7168104182145	1.83953957201585	3.01245404468066	3.26639648309925	2.85600776831134	5.32058695708325	2.58583983803868	3.83642952441041	3.49587077768576	5.34404102147844	2.54958186171396	2.39565490155869	2.26948711936892	2.03458649891397	2.95388911093256	2.0435322260169	2.51131581314671	1.95978420594486	1.90980453953305	1.8294055673035	2.39606343878719	6.24831605764062	3.8274668612399	2.05633296279298	3.38952767799011	1.94998099472567	4.51339613139772	2.67510452278274	6.67540738211347	3.01287913235416	2.32586032735653	2.26524489064475	2.71274335116128	2.5570032768379	2.46642267304823	2.85304287285864	4.79068601140358	3.11382264161997	3.1010872597021	5.39262060209129	2.57525726219841	3.24163356980695	1.4672548803918	1.7225834034622	2.28160579017674	3.59647965825398	3.09005963972476	4.60733122186705	4.94014598770201	3.45614101877051	3.52226061172522	5.65843424471311	1.98888617449186	4.243030538201	2.59835219571828	2.20904703611043	3.70204964072986	3.88186351714448	2.20390735103286	1.50483709899205	2.7867898494028	3.39893977465306	2.89558159147829	2.64071485059074	3.3012765018397	2.60627639972072	1.78185124889821	3.68341118274085	2.80102525970894	3.59483345010159	2.444702946065	2.28632250347342	1.74929023486664	2.4629853565985	3.3469362462721	3.4298646610096	3.74539920988138	2.1135190510916	5.79328178574743	2.06450463155552	2.73354187762263	2.72110254482709	5.18084008414953	2.52418585297342	2.37584372165512	1.84200582251868
ANXA1	7.36177906363473	9.9800029965783	10.7518894405072	8.91961776691643	9.77715286245187	9.36445727486049	5.68561833598689	9.56172918566996	9.1880661511396	9.77042565812142	8.1163510387484	7.6587057400202	10.181369050811	8.92450622904233	11.5988546020876	7.84377224127794	7.86422700420781	8.41489225591519	8.13288896443299	9.78234267422928	8.80162979272754	10.7582733223051	10.1074157505108	7.81103175718261	8.46056318981438	7.75901429185207	10.5438386951766	7.81032367710768	9.36479810434721	9.25548705013096	8.01218566479885	10.9893960029538	10.288242557944	8.65368700483347	9.31530303353249	9.60852304963603	10.8382611823592	9.89243784549815	9.53505068734302	8.85416077504283	9.56706584266584	10.4110555737969	6.98649663362079	11.0671808770093	9.80975621313204	11.3850934458778	10.5608930241853	8.96510167170232	8.80826013254313	10.32742315959	11.1484754655835	9.1785852323352	10.043837947896	11.2499940035523	8.97495736282114	7.1999018194674	10.055770056563	10.7873956553382	8.90361084096676	12.0017744472227	9.87540533919134	7.80878696603085	9.82335727264479	9.96109156390835	9.21517881086432	8.70712516108206	8.12012819168166	6.79742697569205	7.93887612819396	8.55162568101367	8.38691233367358	10.8354868449825	8.99129610053392	7.01090896847299	10.2656946752142	8.39924366557713	9.16009815796568	10.1853084601636	10.2008138167092	10.577597095369	9.28595706301492	9.35050241281318	8.397701270964	10.4956970312791	10.4289155346391	9.66365083231108	9.72750851849729	8.29463198107798	8.8225643994144	9.40459918445914	9.79655621588704	9.89415544158517	8.86189494603602	9.20595087577015	9.76828007345692	8.6646962865238	11.6345075414789	8.7826167826077	8.29824245662847	7.98866425108775	7.98254327691676	10.0095643823598	9.03413438085091	8.20955423906601	9.96783001676949	10.5242146193231	8.35471697126779	9.0040326985444	8.58701673506483	7.31522231918913	11.6514517851616
TYRO3	2.48671687878363	3.49068167184042	2.76010849009088	3.02270200388754	2.17096900748346	2.08945593456275	2.43431709741058	3.00883402151154	3.09392045379313	1.99079682509857	2.71680495876049	3.43631664326395	2.57461939850594	2.11803841869831	2.91193129374154	2.73450271383961	2.99271656571094	2.36383634107241	2.86881592285447	3.19037835280589	2.34559100555041	2.16891421820423	2.52199064547879	3.12473490420017	3.0181117547577	2.61067933515299	1.90969378616713	3.55598031248471	2.55432284207335	2.52501154781155	2.15577156492188	2.60960300723011	2.84161323015889	2.88681393808107	2.60393918208958	3.54703613279825	2.31081356529897	2.26249739307145	2.47237686332672	2.55873118125183	2.45008457301741	3.62948880728059	2.82082426951578	2.51354180459828	3.29900122689733	2.82826288631929	3.04545138509921	2.33428115301989	3.26028495456173	3.47117448904588	3.75175250986403	3.36317169207405	3.48690385684877	3.14350414596773	2.09354021133563	3.5510083628724	2.38826885932377	2.99010241546429	2.81753094146176	2.81486345028571	3.06497932940671	2.66453848944446	2.89318582305906	2.55917466801021	3.16724143462467	2.81155496022987	2.17267200466306	2.58536277960289	2.6149102172752	2.409711436279	3.0341463897682	3.26131794674381	2.36028853686314	2.2909493192612	2.72815133045261	2.18210298017569	1.95788611017273	2.44800191531393	2.29858640217949	2.24074919012748	3.07326943371765	1.91795259938512	2.29044431400447	2.64950680961214	2.39778313461207	2.08359537544884	2.21402431795048	1.95669062954391	2.27328727925995	2.64933552789693	2.96958826997946	2.41086024754663	2.73470775176661	2.4237454780167	2.32892796039676	3.48515880173812	2.63340128465173	2.41611190843925	2.16565901605674	3.27451506662199	2.35598807497328	2.88704566251294	2.12063499780495	2.51838641547465	2.23452272024457	2.5280970347626	2.75714338801201	2.30352869934266	2.07191176087748	2.0185067826156	3.7347751461718
C7	1.44922710614363	2.15768090336845	1.35263070020944	1.71805492248565	1.3608370029322	1.82445324091064	2.32368424421318	1.36896982300991	1.36271759900833	2.88060858574023	1.3644982991868	1.37455631225778	1.49813970675205	1.70489201212966	1.3514727934044	1.51633900870952	1.59230792142594	1.97806808060022	1.35526628676253	1.71801080656146	1.84463803351737	2.00308249169576	1.50174853309146	1.57232034033065	1.36737574254699	1.61995805604151	1.33141795381505	1.69963771678634	1.62926941665131	1.45659674609089	2.12753955834077	1.70335463418832	2.43756843291275	1.54985923453437	1.62277760458686	1.52734218914885	1.38065746804989	2.03396166150606	1.34614254323775	1.44468530658282	1.38253208858426	1.8758850532571	1.50165122103273	1.33611200543058	1.39974804600048	1.44153978720293	1.39937899269789	1.51582029372581	2.28061853414012	3.23977085822475	1.39083216647528	3.100703754969	2.07772934559728	1.52588529051128	1.34976296760858	1.35420410813628	1.33496581017298	2.21522966895663	1.34456785841022	1.70270118602957	1.43137407866104	1.55852173027887	1.93211988806352	1.67126455051252	2.58962303632062	2.49353185876381	1.67199170681753	1.33141795381505	1.71240865214747	1.41024127955194	1.56837967865423	1.80684127506791	1.6038091803484	2.13984874039021	5.87702577059682	1.40846245803887	1.92534313688934	1.48317156375853	2.28220994501438	1.49161940484054	1.36269076857508	3.78041550417486	4.25014459728794	1.97329573618741	1.35126444687911	1.34956646999555	1.4725574829703	1.36484523335549	1.39495248772211	1.68713159220003	1.40389930289276	1.33928845110458	1.97241670123935	2.44170072518544	2.17640821019355	1.34806809470623	1.36378658331523	1.35189195989258	1.40879582040783	2.7922198853087	1.64361330419399	1.87215586857737	1.55625890309428	2.21582963471475	1.33141795381505	1.45666382884271	1.43246784798218	1.36592247470146	1.78812696937489	2.08578434262579	1.36429730537259
SCAMP5	1.60848961516521	2.78802400712022	2.33509376711101	2.04936162699567	1.77796496421031	2.78460909595423	2.24194582491634	1.45355390459889	2.7934090561802	1.59029418553774	1.70966865503201	2.41248675451318	1.36636912198018	1.51386463774085	1.08530460241176	1.41587268484332	1.44891389687635	1.87383007470651	1.62905455278262	1.29042150070708	2.66577726497579	1.89146734542708	1.30944270344969	2.84962786478319	2.62147110223641	1.17944627417466	1.19144407818928	2.99515100402501	1.27396169674694	1.16517956879407	1.9237434924105	1.2485785790895	2.47519908744613	2.79215743233518	2.10170534638188	1.67986609268849	1.23000198515863	1.24970808437666	1.45649078291042	1.63724323280382	1.28798874195505	1.17190824467258	0.90816779437703	0.918851185047319	0.96066421270108	1.18957239364313	2.17923398449306	1.82607157199777	2.23382246272882	2.53384807223672	1.18713538418175	1.97399287695265	1.38350964267854	2.29955298783088	1.78805859752221	1.15247860053547	1.0581812404196	1.7848429631945	1.54476316023749	1.33715300045389	2.38207710430955	2.44861354093952	1.50930474356519	1.84054739705342	1.2836641922778	1.92083807930859	2.01207976324865	1.25001878973891	1.56896566176573	1.44833702047334	1.90730768465814	2.10861656721575	2.06295590155776	3.10881833823992	1.90120961319093	1.46841634101357	1.72676343104314	2.19161779915875	2.38541033119531	1.73177946946549	3.17200710000187	2.15922832795098	1.58531248428791	1.55498247728439	0.830243897109345	1.22876870885666	1.13426744725077	2.54983216301453	1.36235167073384	1.33990921642663	1.22475206163794	0.91408431232238	1.48670599476823	1.0670231251027	1.11651950727846	2.11213795549988	0.947679362483323	1.53131707701749	1.66841343702847	1.46022268425159	2.0118248128633	1.72549465362596	1.47873236361131	3.010197505955	1.23085647132096	1.11434282164524	1.42689623005076	2.76395288481321	1.12672369503473	0.980366232532072	1.3014311775224
PSTPIP1	1.99585613673519	2.21977904266669	1.5641545107018	2.49901451266475	2.49585737909495	1.93979273587932	2.47227305940374	2.10252452017966	2.76304875517722	2.17947655895034	2.96560933273438	2.21904483081661	2.4699036482668	1.79142991835075	1.95827474397636	1.43368136830771	1.92157536029746	2.15223391873498	1.55703171130065	1.7349673045505	3.09216450348659	2.32523029291988	1.86335501892732	1.79234065038854	2.79468033806624	1.50627253111658	2.53242539799388	2.24519976027799	1.55838661696391	2.76749630151705	2.70378523496678	1.66622536769473	1.92234343935946	2.26963552092892	2.21447132391847	1.90857442469463	1.95824801059809	2.0768918724693	1.62006449479598	2.17654669385204	1.67671999030831	1.70368290389359	2.50794758152103	1.60039997801857	2.30227260513083	1.68496585391441	2.65450813531185	1.62869684783911	1.78660492234427	2.18547508894782	2.06542177720546	2.80024726062394	1.8132375454924	1.79709642665339	2.24486590707866	2.24032675551972	2.5246666788898	2.80171523222502	1.94146953831597	1.75392040673853	2.68443636223401	2.61938713084862	2.54220862309566	1.68692623724462	2.5272210718461	2.42165776899504	3.13245379223493	3.23082395985396	1.33565649985582	3.21410865978051	2.72570498775195	1.64222641581985	2.65408120089801	2.57471923655402	2.73822036326764	3.154712914182	2.40502387122482	3.0701162069549	2.91905408921406	1.45162465321621	2.30864427336074	2.32475616799664	2.99012058033444	2.14157588006657	1.90482936607681	2.18685322119433	2.43940625360272	2.45014039312513	1.61633506876227	1.74835972564649	1.54118252381186	2.06791044823773	2.1837957117409	1.46531030983887	2.04586086412029	1.89177217064503	1.72634101775063	1.45256408262831	2.10921702876391	2.2124622372685	2.24293062535374	2.00240254380917	2.95833433633473	2.78749240614078	2.19266359249591	1.82750528737846	2.33300986832036	2.01466659947431	1.66520360139289	1.53662618257831	1.5668956775517
SLAMF8	4.62581552901612	4.48315298860916	3.12049899861184	3.98839237876053	3.25886542981095	2.90699540914678	4.31714733452702	3.82051533328323	6.1495609389866	5.70516385510643	5.59378803341961	5.21987403006098	5.22980494388192	3.83764680549998	2.93637910526379	4.08872183032593	4.31104890416524	5.71598254552699	3.01658803791477	2.45267545114584	3.65804425721428	4.34406473122306	4.1333612396	3.03917541265276	4.59346503931938	3.37150636488861	3.85154312489779	3.5121309252416	4.25445517725505	5.0169464539899	5.80506524200699	2.54565808752709	4.72701501049018	5.02564161856059	5.13723683065135	3.74852582490189	2.81833692076297	2.79342212185729	2.86538973166081	3.53316134321853	3.59096055832269	3.00013538695085	2.18514406606819	2.83478315904389	3.50124949850247	2.57122306059585	4.72373574049429	3.48165563236945	4.21489855471552	4.24458955998401	2.15954048903519	5.72769818947486	3.86907800306948	3.06423088191447	5.01374961273974	3.4504478249344	3.40046101061565	3.92100044745091	3.28098825535377	3.51714772347763	3.06831789791755	4.61581287334633	4.00671958771619	3.65889745799585	5.26821587722847	5.45828516501284	4.89708277696612	3.27276527808309	3.37785044943108	5.64260699892493	3.37099364826797	3.29250577240896	4.28526618004865	5.46755200918941	3.47384758266419	6.03535865722157	4.98638361923528	3.68530590226392	4.63734628503922	2.64873427864806	2.80385840859449	5.00433189937766	4.88017019998751	4.44915067049203	2.80983086799317	4.74906006207809	4.425222453615	4.75695076640069	3.40827538680867	4.60798652434274	3.86160676092414	2.94650950459913	5.56224848286603	2.93795838826898	4.00514256316441	4.16698210525053	3.87223685303619	2.62278888453966	4.17950810552952	4.88453125516971	3.93025837192352	3.94542648985824	4.20484273815524	5.32529683891407	3.41837447640131	2.65616086854233	4.30475587621146	3.42655739329086	5.65965081599735	2.82565640914726	2.63788973422152
SLAMF9	1.17697219771803	2.67960334966426	4.50640164857835	1.53386875125868	4.71161647351801	1.74439066948416	1.08758590972867	1.37124268058223	2.4461160281476	2.53026119940541	1.49059504195949	1.42460457931636	3.33237291469294	1.6879591166279	1.55357148710918	1.23848112204451	2.87269366280832	1.08691370589208	1.38999646998919	3.82398609428253	2.76293477286834	1.6032265289292	1.46772325127323	1.13069263120921	1.3133021256019	1.6385508569435	3.31521248821701	1.23410502184933	2.54162958866713	1.07957859011429	1.32878461625104	2.28218563207557	3.01681402878606	2.74912500399081	3.19696930676296	3.53672447805216	1.89098433574266	1.87372917234486	1.16533731340367	1.76527578822454	1.43896952701308	1.85358260720085	1.67602353655383	4.53678349662987	2.10169200634333	2.18836110816988	1.30805382515646	1.42776073205583	1.56621969672156	3.44747785116186	1.44275246613053	2.12094321334724	3.01205034299262	3.11664300777051	2.06786573509855	1.58475755627943	3.13907503987166	2.17693336400613	1.19260447099394	1.72207603100168	2.04857210048292	1.37913517880642	2.0302139585636	1.68576051140839	2.47695995266155	0.976451096044785	2.04051264042424	2.67526841130101	2.26066890716329	1.83502711213298	1.91723454020147	2.29090791128429	1.45592864293614	1.77927702173712	1.4931313541075	1.6860866837841	1.60636881416975	2.91828909101389	1.92950163597259	1.21469174995276	1.82542131750976	1.09913304211833	1.25069474214029	1.87943363402383	3.97376193432384	1.87981271389648	3.37316873760147	1.08648587046937	2.14074651210917	3.52056310098073	3.17252799218577	3.63446720966611	2.53850050093646	1.31659041363027	1.24800891853334	1.5165250464377	2.15287330076868	3.65253253621861	2.08904623019499	1.75102198810735	1.39349124872471	1.22761714707686	3.2024221091885	2.61742502389725	1.88799564382013	1.72509897352106	2.43682529831218	1.11386493858473	1.66239372914723	2.24314859113426	1.57069775657133
SLAMF7	4.17673693200276	4.91245363609098	2.12679497793429	3.49049385681195	4.78166040939017	5.1781870619069	5.03790411880959	4.13093474348529	5.07485296663523	4.68818768631572	6.00650640859232	5.15178149057822	4.48892912244188	4.0446449073905	1.75398999707054	3.65000987178398	4.4206138850212	4.64195165093143	2.84333486396581	2.14314535094128	3.33507336433412	5.77771867281562	4.24828859964588	2.08665948213336	3.64143692538866	2.78696406924023	5.14605933704286	6.09757698441435	2.94254431375335	4.75138818788792	6.65913413383567	3.54572441511443	6.13409715455241	5.89633893598713	2.66054937740465	3.4782869324354	3.3878982875	3.58194024676495	3.50235714594909	5.80947597407352	4.69941275001663	5.02306656378535	4.95944570628481	4.50885648715845	2.40519549491388	3.67811023036166	4.91359572787179	2.31882920323619	4.57022876550131	5.43331997592827	2.43195737036935	6.26849223839958	3.94813769905492	4.94768382314071	5.14283262539419	3.0514272137671	2.21520851502443	5.43085547041791	4.37314506161289	3.48084452962522	3.94635623841865	6.74820131155662	5.18173934587944	5.74967757559994	3.91036411272055	5.46540679046729	6.09347832009155	2.79711437646828	3.31543746205473	5.24681626588759	3.72028867294829	4.09972655284181	5.21466282438613	5.41789826663202	5.91537140016166	4.98986635147322	5.37119798329325	3.23526406515062	5.95018017865907	4.253733923681	3.1674147659633	5.01611108048543	5.527609862421	4.49810162848973	4.78904037621782	4.88840710697015	4.20239912670346	5.01241861558012	3.61541631712268	3.76564286384754	4.07178952520081	2.56040321528707	3.75557341477902	2.17663716632256	3.86088519307556	2.57647991225121	3.52556855805706	2.38547538412034	4.4394163031635	4.00988981298249	3.92612898415925	3.4832551197485	4.06338151010586	7.18316802726569	2.5918812814571	2.87620483223118	3.40047555369542	5.50057846337219	4.33673083257626	2.40054689590471	2.1101238989994
